grupo;cartao_numero;numero_citado;numero_sem_cartao;citado_no;commit_id;autor_id;autorado_em;titulo;linhas_adicionadas;linhas_removidas
G01;2;2;0;titulo;12decd7c;[externo];2026-04-27T14:05:52.000;docs(wad) adiciona introducao #2;5;7
G01;3;3;0;titulo;205bc809;G01-A13;2026-04-24T09:18:42.000;docs: adicione texto e fontes das 5 forças de Porter #3.;29;2
G01;6;6;0;titulo;000d6fbf;[bot];2026-04-27T15:52:22.000;docs(wad): adiciona introdução e relação do value proposition canvas na seção 2.1.4 (#6);101;103
G01;6;6;0;titulo;c31dc915;[bot];2026-04-27T16:33:17.000;docs(wad): adiciona imagem do Value Proposition Canvas (#6);3;3
G01;11;11;0;titulo;7e3bbb28;[externo];2026-04-28T14:53:09.000;docs(wad):Coloca requisitos funcionais #11;12;6
G01;11;11;0;titulo;3a86e050;[externo];2026-04-29T15:21:11.000;docs(wad): Atualiza os requisitos funcionais baseado nas regras de negocio #11;19;13
G01;12;12;0;titulo;4b745ba7;[bot];2026-04-28T15:13:20.000;docs(wad): adicionando regras de negócios (#12);19;23
G01;13;13;0;titulo;536a97cf;[externo];2026-04-28T15:16:35.000;docs(wad): adiciona requisito não funcional no wad.md #13;8;10
G01;17;17;0;titulo;04b2c166;[externo];2026-04-27T14:42:55.000;docs(WAD): Adiciona a imagem e o texto da matriz swot na seção 2.1.2 #17;13;2
G01;21;21;0;titulo;9aecf8e5;G01-A12;2026-04-27T15:34:06.000;docs(wad): adiciona a imagem das 5 forças de Poter's a seção 2.1.1 #21;2;0
G01;22;22;0;titulo;ecce42f3;G01-A12;2026-04-27T15:25:15.000;docs(wad): corrige o texto das 5 forças de Poter's para voz passiva analitica #22;11;10
G01;24;24;0;titulo;9be143f7;G01-A13;2026-04-27T15:49:40.000;docs: adiciona seção 2.1.3 wad.md #24;34;7
G01;30;30;0;titulo;cf6a9822;G01-A14;2026-04-29T15:53:40.000;docs/wad/Use-Case/#30;150;1
G01;31;31;0;titulo;eaf81557;[externo];2026-04-29T15:16:50.000;docs/wad/redigir-user-storys/#31;15;13
G01;31;31;0;titulo;f9a1b874;[externo];2026-04-29T15:47:42.000;docs/wad/ajustar-template-user-story/#31;156;13
G01;32;32;0;titulo;d27f394e;[bot];2026-04-29T14:48:56.000;docs(pastas): organizando pasta assets dentro de documents e arrumando o caminho das imagens #32;27;36
G01;33;33;0;titulo;bf3e1390;[bot];2026-04-29T15:15:07.000;docs(wad): adicionando introducao e conclusao da secao 3.1.2 Regras de Negocios #33;7;1
G01;35;35;0;titulo;a21feb2e;[externo];2026-04-29T22:59:02.000;docs(wad):muda todos os textos para a voz passiva analitica #35;32;30
G01;35;35;0;titulo;2e052812;[externo];2026-04-29T23:08:54.000;docs(wad):adiciona fonte e conserta os titulos de todas as imagens #35;32;19
G01;35;35;0;titulo;61dff1db;[externo];2026-04-29T23:40:58.000;docs(wad):atualiza RNF de acordo com criterios de avaliação e organiza todo o docs para atender os criterios de avaliação #35;567;185
G01;35;35;0;titulo;e2656bbf;[externo];2026-04-29T23:44:34.000;docs(wad):adiciona texto de introdução e fechamentos nos RNF e RF #35;7;0
G01;35;35;0;titulo;aaa7da55;G01-A14;2026-04-29T23:59:19.000;"Revert ""Merge branch 'docs/WAD/revisao/#35' into 'main'""";116;292
G01;36;36;0;titulo;40627924;G01-A12;2026-04-30T02:43:38.000;docs(wad): realiza a identação das seções 1, 2 e 3 da documentação #36;31;30
G01;42;42;0;titulo;d6771555;[externo];2026-05-01T23:45:22.000;docs(wad):organiza os US em ordem de prioridade e adiciona a fonte em todas as imagens #42;247;168
G01;43;43;0;titulo;15db4068;[externo];2026-05-01T23:54:42.000;docs(wad):adiciona a fonte e revisa todo o wad #43;56;2
G01;51;51;0;titulo;6bd97363;[bot];2026-05-12T16:23:04.000;docs(wad): adicionar o diagrama #51;612;609
G01;52;52;0;titulo;cae8ab31;[externo];2026-05-05T15:08:45.000;docs(wad): Adiciona a seção 3.2.4 #52;46;1
G01;55;55;0;titulo;5c1fc7bd;[externo];2026-05-05T15:36:43.000;docs(wad):Relaciona os RNF ao diagrama de sequência UML #55;2;3
G01;55;55;0;titulo;bf4cd25d;[externo];2026-05-05T23:09:48.000;docs(wad):Relaciona os RNF ao diagrama de sequência UML #55;2;2
G01;84;84;0;titulo;6e46ae9a;G01-A12;2026-05-15T22:37:29.000;docs(wad): Atualiza os fluxos dos wiereframes na seção 3.3 #84;2;0
G01;85;85;0;titulo;c104929d;G01-A13;2026-05-13T15:03:58.000;docs(wad): adiciona indicadores dos fluxos #85;11;1
G01;85;85;0;titulo;eb27942d;G01-A13;2026-05-15T21:32:03.000;docs(wad): adiciona imagens dos wireframes secao 3.2 #85;36;4
G01;85;85;0;titulo;33c3d8bc;G01-A13;2026-05-15T22:18:26.000;docs(wad): adiciona descricoes dos tres fluxos representados #85;5;1
G01;90;90;0;titulo;2e6c860e;G01-A14;2026-05-15T04:22:33.000;docs/WAD/ altera-secao-3/#90;232;12
G01;95;95;0;titulo;e6e9e492;[externo];2026-05-06T14:35:43.000;docs(wad):Adiciona o texto da seção 3.6.4 #95;2;10
G01;96;96;0;titulo;c78fa9a8;[externo];2026-05-06T14:41:38.000;docs(wad):Adiciona a 1 tabela de lógica baseada nos dados brutos dos fornecedores e no G01-A26 #96;8;0
G01;104;104;0;titulo;7f145fa4;[externo];2026-05-05T15:29:09.000;docs/wad/adiciona-modelo-logico #104;0;0
G01;106;106;0;titulo;5b81d62b;[bot];2026-05-11T11:58:57.000;feat(src): adicionando template de mvc #106;3650;0
G01;110;110;0;titulo;7d40ea46;[externo];2026-05-11T15:17:57.000;Cria template do arquivo raiz e SRC #110;6489;0
G01;111;111;0;titulo;b9696339;[externo];2026-05-12T14:30:56.000;feat:adiciona modelo-fisico/reformula-template #111;602;91
G01;114;114;0;titulo;7304131f;G01-A23;2026-05-21T10:32:50.000;feat(src): adiciona gerenciamento de solicitacoes #114;490;20
G01;114;114;0;titulo;f83ba399;G01-A23;2026-05-21T10:32:50.000;feat(src): adiciona gerenciamento de solicitacoes #114;490;20
G01;117;117;0;titulo;686af61b;G01-A23;2026-05-13T15:12:59.000;docs(wad): adciona seccao 3.6.2 #117;10;1
G01;117;117;0;titulo;b02f1294;G01-A23;2026-05-14T14:58:37.000;docs(wad): adciona seccao 3.6.2 #117;11;1
G01;118;118;0;titulo;e6964156;[externo];2026-05-13T15:35:09.000;docs(wad):adiciona todo o texto da análise detalhada da seção 3.2.3 #118;73;1
G01;121;121;0;titulo;0c764ed3;[externo];2026-05-14T15:16:37.000;docs(wad):adiciona o novo diagrama de classes sem erros #121;18;7
G01;121;121;0;titulo;27839d95;[externo];2026-05-14T15:34:20.000;docs(wad):adiciona a versão final dos textos da seção 3.2.3 e 3.2.4 #121;63;41
G01;121;121;0;titulo;441e445c;[externo];2026-05-14T15:45:58.000;docs(wad):altera toda a nossa seção de introdução de acordo com critérios do professor #121;8;4
G01;121;121;0;titulo;12a6d3ca;[externo];2026-05-14T15:58:20.000;docs(wad):altera toda a nossa seção de introdução de acordo com critérios do professor #121;12;11
G01;123;123;0;titulo;ce741239;[externo];2026-05-15T11:30:18.000;fix: revisar-pasta-source #123;5617;145
G01;123;123;0;titulo;6f7a820c;[externo];2026-05-15T11:36:16.000;fix: revisar-pasta-source-comentarios #123;8;192
G01;124;124;0;titulo;357e965c;G01-A12;2026-05-15T23:13:11.000;docs(wad): adicona introdução e conclusão a seção 3.3 referentes aos wireframes #124;4;0
G01;125;125;0;titulo;5489ce14;G01-A14;2026-05-26T15:43:00.000;frontend/teste-testa-endpoint/#125;2418;323
G01;127;127;0;titulo;2fd4bdd0;G01-A13;2026-05-19T15:37:44.000;docs(wad): adiciona o diagrama sequencial de solicitacoes de alteracoes #127;11;0
G01;128;128;0;titulo;e3d1f4e4;G01-A13;2026-05-25T10:21:23.000;docs(wad): adiciona o diagrama da vizualizacao do dashboard #128;8;0
G01;129;129;0;titulo;314b623a;G01-A13;2026-05-25T14:56:02.000;docs(wad): adiciona o diagrama sequencial de gerenciamento de contrato #129;13;0
G01;129;129;0;titulo;64ddcc17;G01-A13;2026-05-25T14:56:02.000;docs(wad): adiciona o diagrama sequencial de gerenciamento de contrato #129;13;0
G01;131;131;0;titulo;a65346d2;G01-A12;2026-05-30T00:57:25.000;docs(wad): preenche texto da seçã0 3.4.1, cores #131;139;1
G01;132;132;0;titulo;fb492ce8;[externo];2026-05-18T19:08:19.000;docs(wad.md): reajusta a parte de negocios do artefato 1 com base no feedback da sprint 1 #132;63;64
G01;135;135;0;titulo;4e416b3a;G01-A13;2026-05-28T15:36:45.000;docs(wad): adiciona secao 3.2.3.1 completa #135;151;0
G01;136;136;0;titulo;fcd51666;G01-A23;2026-05-19T15:50:58.000;docs(wad): adciona seccao #136;199;0
G01;137;137;0;titulo;6fb10659;[externo];2026-05-27T17:21:05.000;feat(wad): atualiza as pesquisas de negocios #137;0;0
G01;140;140;0;titulo;fbf3796b;[bot];2026-05-19T23:38:59.000;feat(src): cria template de test, controller, service e etc #140;1678;543
G01;140;140;0;titulo;750b7ff2;[bot];2026-05-20T14:40:54.000;feat(src): adiciona .gitignore e .env.example #140;67;93
G01;142;142;0;titulo;30d46da3;[bot];2026-05-21T11:35:50.000;fix(fornecedor.spec): corrigindo nomes de variaveis do db no test #142;20;20
G01;142;142;0;titulo;b9fd4b54;[bot];2026-05-21T11:45:06.000;feat(src): mvc completo #142;65;18
G01;142;142;0;titulo;348def5e;[bot];2026-05-21T11:52:31.000;fix(app.ts): adicionando routes #142;3;1
G01;144;144;0;titulo;53db4a65;G01-A23;2026-05-21T10:32:50.000;feat(src): adiciona gerenciamento de solicitacoes #144;490;20
G01;144;144;0;titulo;a92ba813;G01-A23;2026-05-21T10:58:11.000;test(src): separa testes locais e integracao #144;50;1
G01;145;145;0;titulo;8d0a29d2;G01-A13;2026-05-21T10:51:01.000;feat: adiciona tabela e o teste especificado do dashboard #145;51;0
G01;145;145;0;titulo;2591609b;G01-A13;2026-05-21T11:18:24.000;feat: completa camadas do back-end #145;252;1
G01;145;145;0;titulo;ceb88799;G01-A13;2026-05-21T11:18:24.000;feat: completa camadas do back-end #145;252;1
G01;145;145;0;titulo;d51616a3;G01-A13;2026-05-21T11:53:21.000;docs(readme ponderada): adiciona matriz de rastreabilidade e descricao do fluxo #145;19;0
G01;146;146;0;titulo;18c4e95b;[externo];2026-05-21T11:07:58.000;feat(contrato): implementa validações das RNs e adiciona documentação #146;405;11
G01;148;148;0;titulo;83ec5357;[externo];2026-05-21T11:32:34.000;docs(wad):Teste final rodando no terminal sem erros #148;6443;96
G01;149;149;0;titulo;381d1135;[bot];2026-05-25T14:16:02.000;fix: voltando commit bugado #149;749;1459
G01;151;151;0;titulo;87efd49a;[bot];2026-05-26T14:59:27.000;feat(fornecedores): adiciona view dos fornecedores #151;6;0
G01;151;151;0;titulo;50b853c5;[bot];2026-05-26T15:35:35.000;feat(parceiro): parceiro com view #151;100;1
G01;151;151;0;titulo;69592cc8;[bot];2026-05-26T15:36:26.000;fix(parceiro): adiciona routes do parceiro #151;2;1
G01;153;153;0;titulo;6693101b;G01-A23;2026-05-27T14:42:13.000;docs/wad/preenche a seccao 3.2.7 do wad artefato 9 #153;98;1
G01;154;154;0;titulo;38e44086;[externo];2026-05-27T14:23:24.000;docs(wad):Adiciona a seção 3.6.4 #154;182;31
G01;154;154;0;titulo;3d721018;[externo];2026-05-27T15:13:11.000;docs(wad):Atualiza as Regras de Negócio do sistema #154;27;16
G01;154;154;0;titulo;e468b2c3;[externo];2026-05-27T15:15:09.000;docs(wad):Atualiza os RNFs do sistema #154;27;18
G01;156;156;0;titulo;e5e433a4;[bot];2026-05-27T15:17:05.000;feat(src): adiciona todos os endpoints faltantes #156;181;5
G01;158;158;0;titulo;61f254e3;[externo];2026-05-27T15:10:08.000;docs(wad):Atualiza os requisitos funcionais dos sistema #158;27;17
G01;159;159;0;titulo;2eeb31a0;[externo];2026-05-27T15:31:24.000;docs(wad):Cria a matriz de rastreabilidade e padroniza #159;51;13
G01;160;160;0;titulo;11ac1880;[bot];2026-05-27T15:54:23.000;refactor(src): refatora o código e nomenclatura dos arquivos #160;346;708
G01;164;164;0;titulo;37831095;G01-A17;2026-05-28T15:52:02.000;fix(tsconfig/package-lock): corrigindo configurações do G01-A26 #164;25;9
G01;165;165;0;titulo;4991e0bb;[externo];2026-05-28T14:52:30.000;docs(wad): Revisa e atualiza todos os textos da seção 3.2.4 #165;337;267
G01;165;165;0;titulo;8fb9c924;[externo];2026-05-28T15:10:44.000;docs(wad):Adiciona a seção 3.2.1 #165;81;1
G01;165;165;0;titulo;2fd1a0c4;[externo];2026-05-28T15:14:52.000;docs(wad):Atualiza as referências de todas as imagens que estavam fora de ordem #165;14;14
G01;165;165;0;titulo;441a018b;[externo];2026-05-28T15:27:43.000;docs(wad):adiciona as novas entidades ao G01-A26 #165;53;18
G01;165;165;0;titulo;5640efe4;[externo];2026-05-28T15:35:49.000;docs(wad):Atualiza o diagrama DER com as novas entidades #165;0;0
G01;165;165;0;titulo;57359f27;[externo];2026-05-28T15:45:50.000;docs(wad):Atualização de toda a seção de DER e MER adicionando as novas entidades #165;22;6
G01;165;165;0;titulo;b27be160;[externo];2026-05-28T20:28:05.000;docs(wad):Adciona a seção de minimundo ao G01-A26 #165;71;37
G01;165;165;0;titulo;8004dc8e;[externo];2026-05-28T20:46:14.000;docs(wad):Atualiza todo o banco de dados do G01-A26 #165;111;72
G01;165;165;0;titulo;ea0e1901;[externo];2026-05-29T08:32:15.000;docs(wad):Atualiza a matriz swot #165;25;37
G01;168;168;0;titulo;979c681a;[externo];2026-05-29T21:47:25.000;feat(src): adicionando testes para endpoints /parceiro, /fornecedor, /usuario e /auth #168;276;1
G01;168;168;0;titulo;64380683;[externo];2026-05-29T22:22:26.000;fix(tests): adicionando soft delete aos testes e definindo testes de authorization com skip #168;43;23
G01;170;170;0;titulo;8fb02c38;G01-A14;2026-05-29T20:51:19.000;docs/revisa-documentacao/#170;1145;175
G01;171;171;0;titulo;027ee60f;G01-A12;2026-05-30T01:10:13.000;docs(wad): preenche seção 3.4, guia de estilos #171;11;1
G01;172;172;0;titulo;9e0b7d1b;G01-A12;2026-05-30T01:02:35.000;docs(wad): preenche texto da seçã0 3.4.2, tipografia #172;61;1
G01;173;173;0;titulo;4591c410;G01-A12;2026-05-30T01:07:01.000;docs(wad): preenche texto da seção 3.4.3, icones #173;90;2
G01;174;174;0;titulo;9db11a25;G01-A12;2026-05-30T01:21:02.000;docs(wad): adiciona imagem do guia de estilos, cores #174;6;1
G01;175;175;0;titulo;b6e82415;G01-A12;2026-05-30T01:25:24.000;docs(wad): adiciona imagem do gia de estilos, tipografia #175;6;0
G01;176;176;0;titulo;41905209;G01-A12;2026-05-30T01:27:01.000;docs(wad): adiciona imagem do gia de estilos, ícones #176;6;0
G01;177;177;0;titulo;992cfd17;G01-A12;2026-05-30T01:42:05.000;docs/wad/preenche-secao-prototipo-de-alta-fidelidade/#177;25;1
G01;178;178;0;titulo;23185370;G01-A12;2026-05-30T01:55:26.000;docs(wad): adiciona as imagens do prototipo de alta fidelidade a seção 3.5 #178;35;6
G01;179;179;0;titulo;0e94dc68;G01-A12;2026-05-29T23:55:03.000;docs(wad):atualiza fluxo 1 dos wireframes #179;15;3
G01;180;180;0;titulo;67fd0f64;G01-A12;2026-05-29T23:55:03.000;docs(wad): atualiza fluxo 2 wireframe #180;22;2
G01;181;181;0;titulo;439a5538;G01-A12;2026-05-29T23:55:03.000;docs(wad):atualiza o fluxo 3 dos wireframes #181;6;4
G01;181;181;0;titulo;ea61c945;G01-A12;2026-05-29T23:55:03.000;docs(wad): atualiza fluxo 3 wireframe #181;9;7
G01;183;183;0;titulo;4dcd25f9;G01-A12;2026-05-29T23:55:03.000;docs(wad):atualiza fluxo 5 dos wireframes #183;8;4
G01;184;184;0;titulo;9a79c77d;G01-A12;2026-05-29T23:55:03.000;docs(wad): atualiza fluxo 6 dos wireframes #184;31;7
G01;185;185;0;titulo;b8e4577d;G01-A12;2026-05-29T23:55:03.000;docs(wad): atualiza o fluxo 7 dos wireframes #185;8;2
G01;186;186;0;titulo;a491fcc8;G01-A12;2026-05-29T23:55:03.000;docs(wad):atualiza link dos wireframes #186;1;1
G01;186;186;0;titulo;e39f77e4;G01-A12;2026-05-29T23:55:03.000;docs(wad): atualiza seção dos wireframes #186;9;9
G01;187;187;0;titulo;27a388a5;[externo];2026-06-10T10:48:12.000;docs(wad): adiciona seção 5.1.1 estratégia de testes #187;75;38
G01;188;188;0;titulo;d26a91a0;[externo];2026-06-11T15:36:49.000;feat(wad): adiciona visao geral dos casos de teste 5.1.1 #188;54;34
G01;188;188;0;titulo;19acbf12;[externo];2026-06-11T15:49:36.000;feat(wad): adiciona detalhamento dos 5 casos de teste na  5.1.2 #188;69;0
G01;189;189;0;titulo;6540e4ee;G01-A13;2026-06-08T15:15:06.000;docs(wad): adiciona a lista de cenarios dos endpoints #189;1060;0
G01;189;189;0;titulo;8037c73f;G01-A13;2026-06-09T20:52:42.000;docs(wad): adiciona os paragrafos introdutorios dos endpoints #189;88;1
G01;189;189;0;titulo;c9ba5024;G01-A13;2026-06-09T21:06:25.000;docs(wad): adiciona os textos de introducao e conclusao na secao 5.1.3 #189;8;0
G01;190;190;0;titulo;0aea6419;G01-A13;2026-06-10T14:44:10.000;docs(wad): adiciona a tabela de mapeamento #190;137;34
G01;190;190;0;titulo;1ef43fa9;G01-A13;2026-06-11T18:40:35.000;docs(wad): adiciona textos de introducao e conclusao ao comando de testes e ao relatorio de cobertura #190;26;0
G01;195;195;0;titulo;cb509f47;G01-A15;2026-06-08T15:04:15.000;docs(wad):Adiciona a seção 6.1 #195;6;2
G01;195;195;0;titulo;861422b4;G01-A15;2026-06-08T15:13:45.000;docs(wad):Adiciona a seção 6.2 #195;32;8
G01;195;195;0;titulo;7c0f58ca;G01-A15;2026-06-08T15:17:46.000;docs(wad):Adiciona a seção 6.4 #195;27;6
G01;195;195;0;titulo;c5002879;G01-A15;2026-06-09T14:51:01.000;"[externo] commit -m ""docs(wad):Adiciona a seção 6.4 #195";51;13
G01;197;197;0;titulo;1ed33978;G01-A17;2026-06-09T07:54:32.000;feat(login/index.ejs): adicionando html de login #197;66;0
G01;197;197;0;titulo;13a5ea6e;G01-A17;2026-06-09T14:07:17.000;feat(css/login): adicionando css de login #197;488;0
G01;197;197;0;titulo;f4dc6313;G01-A17;2026-06-09T14:19:47.000;feat(icons): adicionando icones de login #197;58;42
G01;197;197;0;titulo;57cd3d1e;G01-A17;2026-06-09T14:30:39.000;refactor(login): refatora código de html das páginas #197;56;56
G01;197;197;0;titulo;01bc9fc7;G01-A17;2026-06-09T15:39:08.000;feat(inicio): adicionando front de inicio #197;160;0
G01;197;197;0;titulo;8dd46968;G01-A17;2026-06-10T15:46:14.000;feature(login): termina de configurar a tela de login com UI responsiva #197;60;63
G01;197;197;0;titulo;4e7c2378;G01-A17;2026-06-10T16:13:16.000;feat(icons): adiciona todos os icones da tela de inicio #197;106;0
G01;197;197;0;titulo;d885a689;G01-A17;2026-06-10T16:14:14.000;feat(inicio): adiciona .ejs da tela de inicio #197;479;154
G01;197;197;0;titulo;bd698d96;G01-A17;2026-06-10T16:14:52.000;feat(inicio): adiciona css da tela de inicio #197;1937;0
G01;197;197;0;titulo;3a85c749;G01-A17;2026-06-10T16:16:10.000;test(login.routes): adiciona endpoints temporarios para testes rapidos #197;41;0
G01;197;197;0;titulo;0871f27b;G01-A17;2026-06-11T14:12:31.000;feat(header): adicionar header padrão para todas as telas #197;36;111
G01;197;197;0;titulo;7a15afb0;G01-A17;2026-06-11T14:12:58.000;feat(sidebar): adicionar sidebar padrão para todas as telas #197;1756;0
G01;197;197;0;titulo;0f810e85;G01-A17;2026-06-11T14:20:28.000;test(login.routes): atualiza endpoints temporarios para testes #197;2;2
G01;197;197;0;titulo;d12aea76;G01-A17;2026-06-11T14:23:17.000;feat(footer): adicionar footer padrão para todas as telas #197;3;2
G01;197;197;0;titulo;e5d19d49;G01-A17;2026-06-11T14:27:13.000;feat(admin): adiciona arquivo .ejs para tela admin #197;435;0
G01;197;197;0;titulo;17551893;G01-A17;2026-06-11T14:27:38.000;feat(avaliar): adiciona arquivo .ejs para tela avaliar #197;274;0
G01;197;197;0;titulo;f1eca700;G01-A17;2026-06-11T14:27:56.000;feat(consulta): adiciona arquivo .ejs para tela consulta #197;338;0
G01;197;197;0;titulo;5010c57f;G01-A17;2026-06-11T14:28:20.000;feat(novo-cadastro): adiciona arquivo .ejs para tela novo-cadastro #197;341;0
G01;197;197;0;titulo;d22a6b83;G01-A17;2026-06-11T14:29:20.000;feat(notificacoes): adicionar arquivo .ejs para tela notificacoes #197;234;0
G01;197;197;0;titulo;4f0d676e;G01-A17;2026-06-11T14:29:35.000;feat(historico): adicionar arquivo .ejs para tela historico #197;333;0
G01;197;197;0;titulo;a9296a95;G01-A17;2026-06-11T14:29:52.000;feat(editar): adicionar arquivo .ejs para tela editar #197;403;0
G01;197;197;0;titulo;8b52b174;G01-A17;2026-06-11T14:32:45.000;feat(contrato): adicionar arquivo .ejs para tela contrato #197;294;0
G01;197;197;0;titulo;512b25a6;G01-A17;2026-06-11T14:33:46.000;feat(admin): adicionar css para tela admin #197;2031;0
G01;197;197;0;titulo;3a0c1184;G01-A17;2026-06-11T14:34:05.000;feat(avaliar): adicionar css para tela avaliar #197;10;0
G01;197;197;0;titulo;801cc5b6;G01-A17;2026-06-11T14:34:20.000;feat(consulta): adicionar css para tela consulta #197;18;0
G01;197;197;0;titulo;d4335f19;G01-A17;2026-06-11T14:34:33.000;feat(contrato): adicionar css para tela contrato #197;11;0
G01;197;197;0;titulo;deb60b45;G01-A17;2026-06-11T14:34:46.000;feat(editar): adicionar css para tela editar #197;1214;0
G01;197;197;0;titulo;93d6b579;G01-A17;2026-06-11T14:35:00.000;feat(historico): adicionar css para tela historico #197;1005;0
G01;197;197;0;titulo;72e1c66e;G01-A17;2026-06-11T14:35:19.000;feat(notificacoes): adicionar css para tela notificacoes #197;1565;0
G01;197;197;0;titulo;df362d92;G01-A17;2026-06-11T14:35:40.000;feat(novo-cadastro): adicionar css para tela novo-cadastro #197;1131;0
G01;197;197;0;titulo;ed3cc616;G01-A17;2026-06-11T14:36:01.000;feat(solicitacoes): adicionar css para tela solicitacoes #197;860;0
G01;197;197;0;titulo;d9183acb;G01-A17;2026-06-11T21:19:23.000;feat(icons): adicionar novos icones para as telas #197;44;0
G01;197;197;0;titulo;838950c7;G01-A17;2026-06-11T21:20:38.000;feat(novo-cadastro): definir tela de novo-cadastro com icones #197;235;261
G01;197;197;0;titulo;7ab34de3;G01-A17;2026-06-11T21:22:54.000;fix(header/sidebar): corrige divergencia de telas e nome de classes css #197;155;114
G01;197;197;0;titulo;7701d5aa;G01-A17;2026-06-11T21:51:01.000;fix(header): atualizar fonte do header em todas as telas #197;629;10
G01;197;197;0;titulo;c884bf58;G01-A17;2026-06-11T22:00:44.000;fix(header): corrigir bug de icone de peril e notificação #197;8;1
G01;197;197;0;titulo;8cd06b91;G01-A17;2026-06-11T22:15:46.000;feat(consulta): aplicar icones na tela de consulta #197;22;24
G01;197;197;0;titulo;6dd5f37e;G01-A17;2026-06-11T22:46:48.000;feat(novo-cadastro): adicionar icones de novo-cadastro #197;58;0
G01;197;197;0;titulo;043459b5;G01-A17;2026-06-11T22:48:10.000;feat(novo-cadastro): atualiza css de novo-cadastro #197;2;1
G01;197;197;0;titulo;adb51d7d;G01-A17;2026-06-11T22:49:36.000;feat(notificacoes): atualizar icones da tela notificacoes #197;7;12
G01;197;197;0;titulo;da886eef;G01-A17;2026-06-11T22:50:20.000;feat(contrato): atualizar icones da tela de contrato #197;11;25
G01;197;197;0;titulo;739abf70;G01-A17;2026-06-11T22:51:46.000;feat(perfil): adiciona base para endpoint de perfil #197;104;0
G01;197;197;0;titulo;7022f9e5;G01-A17;2026-06-11T22:55:17.000;test(login.routes): adicionar nova rota de teste, perfil #197;4;1
G01;197;197;0;titulo;e2213b41;G01-A17;2026-06-11T23:09:29.000;feat(historico): adicionar icones do historico #197;28;7
G01;197;197;0;titulo;ec5bcf68;G01-A17;2026-06-11T23:22:21.000;feat(solicitacoes): adicionar icones na tela de solicitacoes #197;56;21
G01;197;197;0;titulo;479708ae;G01-A17;2026-06-11T23:28:20.000;feat(avaliar): adicionar icones na tela de avaliar #197;32;10
G01;197;197;0;titulo;0445af5c;G01-A17;2026-06-11T23:32:49.000;feat(editar): adicionar icones na tela de editar #197;3;3
G01;197;197;0;titulo;357d41e3;G01-A17;2026-06-12T00:02:25.000;feat(admin): adicionar icones na tela de admin e organizando objetos #197;69;78
G01;197;197;0;titulo;efcce914;G01-A17;2026-06-12T00:10:31.000;feat(inicio.routes): adicionar os endpoints das páginas principais na routes de inicio #197;46;0
G01;197;197;0;titulo;9f603cae;G01-A17;2026-06-12T08:07:52.000;fix(components): merge do component.css #197;0;1
G01;200;200;0;titulo;9099627b;G01-A12;2026-06-09T15:22:33.000;docs(wad): preenche secao 6.1 resumo executivo #200;39;39
G01;201;201;0;titulo;ceb5f2f1;G01-A12;2026-06-09T15:33:17.000;docs(wad): preenche secao 6.2.1 a visao geral do setor #201;15;5
G01;201;201;0;titulo;23ed67d3;G01-A12;2026-06-09T15:48:25.000;docs(wad): preenche secao 6.2.2 tamanho e crescimento do mercado #201;11;7
G01;201;201;0;titulo;c159ee8f;G01-A12;2026-06-09T15:54:32.000;docs(wad): preenche secao 6.2.3 tendencias de mercado #201;12;6
G01;202;202;0;titulo;f88336d6;G01-A23;2026-06-11T15:22:11.000;docs(wad): adciona a foto do diagrama de implantaçao a seçao 3.2.6 #202;7;1
G01;202;202;0;titulo;d3c78660;G01-A23;2026-06-11T15:29:21.000;docs(wad) adciona descriçao do diagrama de implantaçao seçao 3.2.6  #202;12;8
G01;202;202;0;titulo;0f2feb14;G01-A12;2026-06-12T17:17:38.000;docs(wad): Preenche a seção 6.3.2 Vantagens #202;10;0
G01;204;204;0;titulo;e06527bd;G01-A15;2026-06-09T15:17:11.000;docs(wad): adiciona a seção 3.2.1 #204;115;35
G01;205;205;0;titulo;1a6e25fd;G01-A15;2026-06-09T15:25:36.000; docs(wad):Adiciona a seção 3.2.3.1 #205;151;0
G01;207;207;0;titulo;80ba3b16;G01-A17;2026-06-10T11:35:08.000;refactor(alteracao.service): diminui complexidade #207;46;19
G01;207;207;0;titulo;c68f6aef;G01-A17;2026-06-10T11:35:32.000;refactor(entidade.service): diminui complexidade #207;19;9
G01;207;207;0;titulo;77595f82;G01-A17;2026-06-10T11:35:52.000;refactor(contrato.service): diminui complexidade #207;60;36
G01;207;207;0;titulo;755b1696;G01-A17;2026-06-10T11:36:16.000;refactor(notificacao.service): diminui complexidade #207;29;11
G01;207;207;0;titulo;be706ed6;G01-A17;2026-06-10T11:38:38.000;chore(eslint): eslint setup #207;1330;23
G01;211;211;0;titulo;5fb49e28;G01-A15;2026-06-12T07:25:59.000;docs(wad): atualiza seção 3.2.6 de implantação #211;52;13
G01;211;211;0;titulo;e598c9ac;G01-A15;2026-06-12T08:05:45.000;docs(wad): alinha arquitetura ao estado atual do backend #211 #212;17;14
G01;212;212;0;titulo;c1ee3a89;G01-A15;2026-06-12T07:33:40.000;docs(wad): atualiza seção 3.2.7 de padrões arquiteturais #212;36;23
G01;212;212;0;titulo;e598c9ac;G01-A15;2026-06-12T08:05:45.000;docs(wad): alinha arquitetura ao estado atual do backend #211 #212;17;14
G01;213;213;0;titulo;418f8b3a;G01-A17;2026-06-12T09:28:31.000;fix(consulta): corrigir .ejs da consulta #213;86;72
G01;213;213;0;titulo;48a6a7bd;G01-A17;2026-06-12T09:33:10.000;fix(routes): corrigindo rotas de consulta #213;16;12
G01;213;213;0;titulo;781be4af;G01-A17;2026-06-12T09:37:47.000;fix(novo-cadastro): remover header com variavel usuario indefinida #213;1;1
G01;213;213;0;titulo;2714ff14;G01-A17;2026-06-12T09:53:54.000;feat(consulta): aceitar input de busca na tela de consulta #213;118;31
G01;213;213;0;titulo;715534a5;G01-A17;2026-06-12T10:08:18.000;feat(consulta): tratamento de erro na busca de registros #213;64;282
G01;213;213;0;titulo;458a16f6;G01-A17;2026-06-12T10:21:51.000;feat(consulta): adicionar filtros de pesquisa #213;53;32
G01;213;213;0;titulo;96f586ab;G01-A17;2026-06-12T10:36:26.000;fix(consulta): corrigir filtro de tipo na busca de registro #213;31;8
G01;213;213;0;titulo;e5bb6ec9;G01-A17;2026-06-12T11:19:37.000;fix(login.routes): corrigir endpoint da tela de consulta #213;0;7
G01;213;213;0;titulo;943138ec;G01-A14;2026-06-12T20:49:27.000;"Revert ""Merge branch 'fix/corrigindo-telas/#213' into 'dev'""";184;650
G01;214;214;0;titulo;6c635ae6;G01-A15;2026-06-12T08:10:21.000;docs(wad): atualiza modelo ER conforme implementação #214;109;91
G01;215;215;0;titulo;a266ead8;G01-A15;2026-06-12T08:25:05.000;docs(wad): atualiza seção 3.6.2 do DER #215;66;25
G01;216;216;0;titulo;2b4ee609;G01-A15;2026-06-12T08:44:03.000;docs(wad): alinha regras e RNFs ao MVP implementado #216;172;105
G01;217;217;0;titulo;afa0b2f4;G01-A15;2026-06-12T09:01:47.000;docs(wad): atualiza requisitos, rastreabilidade e diagramas UML #217;172;123
G01;220;220;0;titulo;5f3b49ae;G01-A12;2026-06-12T17:28:16.000;docs(wad): adiciona imagem do canvas #220;12;3
G01;221;221;0;titulo;0c6fd37a;G01-A12;2026-06-12T17:36:40.000;docs(wad): preenche seção 6.6 referente ao canvas #221;16;8
G01;222;222;0;titulo;b111443d;G01-A15;2026-06-12T21:05:01.000;docs(wad):Adiciona a seção 4.2 #222;173;76
G01;223;223;0;titulo;0df0b3cb;G01-A14;2026-06-22T15:25:28.000;feat/implementa-pagina-de-notificacao/#223: implmenta pagina de notificação;972;257
G01;224;224;0;titulo;1d50a2df;G01-A14;2026-06-22T09:34:20.000;feat/implementa-pagina-de-solicitacao/#224;1135;1382
G01;229;229;0;titulo;0c07707e;G01-A17;2026-06-16T08:04:51.000;feat(inicio): fazer card de inicio funcionar #229;2;2
G01;230;230;0;titulo;c19fa73f;[externo];2026-06-16T12:38:48.000;fix(wad): corrige endpoints e metodos reais da WebAPI #230;28;41
G01;231;231;0;titulo;bc959566;[externo];2026-06-16T12:55:05.000;fix(wad): remove entidades fantasmas do DER e alinha nomes fisicos #231;21;20
G01;232;232;0;titulo;579690a4;[externo];2026-06-16T12:59:30.000;fix(wad): corrige contagem de controllers e services no 3.2.3.1 #232;3;3
G01;233;233;0;titulo;ae6f13cb;[externo];2026-06-16T14:47:43.000;fix(wad): alinha metodo PUT em aprovacoes no diagrama de sequencia #233;8;8
G01;234;234;0;titulo;1b06fcc5;G01-A13;2026-06-22T15:15:48.000;docs(readme): adiciona estrutura de pastas do G01-A26 #234;60;2
G01;234;234;0;titulo;7c2b91e1;G01-A13;2026-06-23T20:51:41.000;docs(readme): completa instrucoes de execucao e reorganiza integrantes do grupo #234;31;14
G01;235;235;0;titulo;446a6f45;G01-A23;2026-06-25T21:56:09.000;docs(readme): insere video de demonstracao #235;1;1
G01;236;236;0;titulo;90188a91;[externo];2026-06-16T14:51:29.000;fix(wad): move testes fantasmas LoginService para planejados em 5.1.2 #236;3;42
G01;237;237;0;titulo;fd2fb495;G01-A14;2026-06-23T20:35:36.000;fix/corrige-codigo-com-base-na-devolutiva-de-artefato/(#237);94;992
G01;237;237;0;titulo;7fac6ce9;G01-A14;2026-06-24T15:52:34.000;refactor/refatora-codigo-atual/(#237);70;39
G01;238;238;0;titulo;3936466c;[externo];2026-06-16T15:02:35.000;fix(testes): adiciona cenarios 404 nos testes de integracao #238;40;6
G01;240;240;0;titulo;f69b4fcc;[externo];2026-06-16T15:11:11.000;fix(testes): move teste unitario para pasta unit e padroniza nomenclatura #240;16;5
G01;241;241;0;titulo;271412e3;[externo];2026-06-16T15:55:55.000;fix(testes): adiciona testes unitarios para elevar cobertura de service #241;350;7
G01;242;242;0;titulo;95d756dc;[externo];2026-06-16T16:05:00.000;fix(migration): corrige FK fornecedor_parceiro e schema de fornecedores #242;13;16
G01;244;244;0;titulo;34c67d81;[externo];2026-06-25T17:02:28.000;fix(historico): ajuste no nome, horario e detalhamento da descricao (#244);249;84
G01;246;246;0;titulo;2c06d6dc;G01-A13;2026-06-22T14:24:23.000;docs(readme): adiciona licenca creative commons #246;1;5
G01;248;248;0;titulo;00093b4f;G01-A17;2026-06-22T15:50:27.000;feat(dashboard): criar dashboard base funcional #248;312;14
G01;248;248;0;titulo;0da764e3;G01-A17;2026-06-23T11:42:07.000;feat(dashboard): adicionar filtros ao dashboard (#248);347;104
G01;248;248;0;titulo;fd51b130;G01-A17;2026-06-23T11:48:27.000;feat(dashboard): atualizando dados do dashboard (#248);51;7
G01;248;248;0;titulo;88212fdf;G01-A17;2026-06-23T13:58:37.000;feat(dashboard): atualizar filtros do dashboard (#248);172;58
G01;248;248;0;titulo;b81b6a3b;G01-A17;2026-06-23T14:22:16.000;feat(dashboard): remover dados desnecessarios do dashboard (#248);0;24
G01;248;248;0;titulo;0e9157b2;G01-A17;2026-06-23T14:46:25.000;feat(inicio): transferir o dashboard para tela de inicio (#248);462;6
G01;251;251;0;titulo;a7e858cf;G01-A15;2026-06-22T21:55:26.000;docs(wad): reajustar secao 2.1.1 do modelo de 5 forcas de porter #251;29;39
G01;252;252;0;titulo;970c225c;G01-A15;2026-06-22T22:02:18.000;docs(wad): reajustar secao 2.1.2 da analise swot #252;24;11
G01;253;253;0;titulo;faaf0a3d;G01-A15;2026-06-22T22:32:28.000;docs(wad): reestruturar matriz de riscos e integrar tabelas visuais #253;107;110
G01;254;254;0;titulo;f8d3a520;G01-A15;2026-06-25T14:07:01.000;docs(wad): converte diagramas de sequência para Mermaid (#254);502;114
G01;254;254;0;titulo;475db61b;G01-A15;2026-06-25T14:42:51.000;docs(wad): converte diagramas arquiteturais e relacionais para Mermaid (#254);688;50
G01;255;255;0;titulo;edb34595;G01-A15;2026-06-23T16:44:15.000;docs(wad): adiciona subseção 3.7.9 Dashboard e atualiza a estrutura da seção 3.7 #255;3834;2308
G01;255;255;0;titulo;b23c8801;G01-A15;2026-06-23T17:13:38.000;docs(wad): adiciona subseção 3.7.11 Interações e atualiza a estrutura da seção 3.7 #255;49;1
G01;255;255;0;titulo;1a3b7425;G01-A15;2026-06-23T17:20:55.000;docs(wad): adiciona subseção 3.7.12 Auditoria e atualiza a estrutura da seção 3.7 #255;14;0
G01;255;255;0;titulo;3e6175fd;G01-A15;2026-06-23T17:21:47.000;docs(wad): adiciona subseção 3.7.13 Relatórios e atualiza a estrutura da seção 3.7 #255;19;0
G01;255;255;0;titulo;f842934d;G01-A15;2026-06-23T17:25:25.000;docs(wad): adiciona subseção 3.7.14 Notificações e atualiza a estrutura da seção 3.7 #255;24;0
G01;255;255;0;titulo;433a726d;G01-A15;2026-06-23T17:37:03.000;docs(wad): atualiza seções 3.3, 3.4 e 3.7 #255;35;19
G01;255;255;0;titulo;3ac90f56;G01-A15;2026-06-23T18:00:37.000;docs(wad): atualiza seções de RF, RNF e RN do bloco 3.1 até 3.3 #255;133;87
G01;256;256;0;titulo;24592d32;G01-A15;2026-06-23T11:23:34.000;docs(wad): finalizar conclusoes e trabalhos futuros da sprint 5 #256;46;3
G01;256;256;0;titulo;78d87e83;G01-A15;2026-06-23T11:28:32.000;docs(wad): padronizar normas APA e remover referencias duplicadas #256;9;4
G01;257;257;0;titulo;0a8eb77c;G01-A15;2026-06-25T16:01:16.000;docs(wad): preenche secao 4.2 da sprint 4 (#257);277;146
G01;257;257;0;titulo;13c0f995;G01-A15;2026-06-25T16:33:30.000;docs(wad): preenche secao 4.3 da sprint 5 (#257);25;13
G01;257;257;0;titulo;c4bb908f;G01-A15;2026-06-25T16:59:49.000;docs(wad): renumera imagens e anexos (#257);294;520
G01;257;257;0;titulo;4e130509;G01-A15;2026-06-25T17:12:40.000;docs(wad): padroniza paragrafos e ajustes finais (#257);90;90
G01;258;258;0;titulo;7f1fed9b;G01-A14;2026-06-22T16:56:05.000;refactor/limita-numero-de-caracteres-dos-formularios-de-cadastro/#258;187;25
G01;259;259;0;titulo;d6398635;G01-A14;2026-06-23T17:33:17.000;feat/cria-usuarios-de-login/(#259);564;153
G01;260;260;0;titulo;223f29ad;G01-A14;2026-06-23T18:51:20.000;refactor/corrige-fluxo-desolicitacoes/(#260);337;19
G01;262;262;0;titulo;059d21de;G01-A15;2026-06-23T11:53:26.000;docs: atualiza seções de RF, RN e RNF para o escopo final do MVP #262;82;107
G01;264;264;0;titulo;39aa1f62;G01-A13;2026-06-23T15:45:35.000;docs(readme): adiciona a descricao do G01-A26 #264;9;1
G01;265;265;0;titulo;69cb5fd6;G01-A15;2026-06-23T18:11:18.000;docs(wad): atualiza a seção 3.4 do documento de arquitetura #265;93;72
G01;266;266;0;titulo;94050fa4;G01-A15;2026-06-23T19:20:19.000;docs(wad): alinha requisitos, modelagem e rastreabilidade #266;220;158
G01;266;266;0;titulo;43c4cf89;G01-A15;2026-06-24T14:41:10.000;docs(wad): atualiza seção 3.8 de autenticação #266;69;1
G01;267;267;0;titulo;a1dfef8b;G01-A17;2026-06-23T21:00:21.000;fix(sidebar): corrigir o estilo da selecao das opcoes da sidebar (#267);35;4
G01;268;268;0;titulo;48c60576;G01-A14;2026-06-24T08:59:24.000;feat/implementa-botao-de-sair/(#268);39;7
G01;269;269;0;titulo;9443ee48;G01-A14;2026-06-24T09:54:16.000;refactor/implementa-formatacao-nos-campos-de-preenchimento/(#269);245;29
G01;272;272;0;titulo;0a134ffa;G01-A13;2026-06-24T14:28:07.000;docs(readme): adiciona instrucoes de SMTP nas configuracoes de execucao #272;11;0
G01;273;273;0;titulo;07b95129;G01-A15;2026-06-24T14:42:57.000;docs(wad): atualiza seção 3.8.2 de controle de sessão #273;65;1
G01;273;273;0;titulo;5feba9bf;G01-A15;2026-06-24T14:46:11.000;docs(wad): atualiza seção 3.8.3 de autorização #273;81;2
G01;273;273;0;titulo;78e49d62;G01-A15;2026-06-24T14:57:45.000;docs(wad): atualiza seção 3.8.4 de resiliência #273;122;1
G01;274;274;0;titulo;852f1b5d;G01-A17;2026-06-24T14:32:38.000;fix(sidebar): corrigir estilo da barra lateral novamente #274;2;2
G01;274;274;0;titulo;997cd7c3;G01-A17;2026-06-24T14:34:14.000;fix(sidebar): remover botão de configurações #274;0;8
G01;274;274;0;titulo;9d705385;G01-A17;2026-06-24T14:40:49.000;feat(components): reposicionar botão de sair #274;2;1
G01;275;275;0;titulo;6d7300bf;G01-A23;2026-06-24T14:56:12.000;docs(wad): altera as fontes para o formato abnt #275;21;29
G01;276;276;0;titulo;3a541c34;G01-A17;2026-06-24T14:58:25.000;feat(header): tornar menu de perfil clicavel #276;11;2
G01;280;280;0;titulo;309f5ced;G01-A17;2026-06-25T11:20:03.000;feat(historico): reformulando a pagina de historico (#280);81;191
G01;280;280;0;titulo;3777807c;G01-A17;2026-06-25T11:45:08.000;feat(editar): fazer botao de voltar ir para visualizacao (#280);200;175
G01;281;281;0;titulo;3260ef93;G01-A17;2026-06-25T10:56:23.000;feat(editar): separar telas de edição e visualizacao (#281);135;29
G01;281;281;0;titulo;c7023bdf;G01-A17;2026-06-25T11:01:53.000;feat(visualizacao): atualizando botoes da pagina de visualizacao (#281);6;6
G01;281;281;0;titulo;e83889d2;G01-A17;2026-06-25T11:04:21.000;feat(historico): adicionar pagina de historico (#281);37;54
G01;281;281;0;titulo;448d8d1b;G01-A17;2026-06-25T12:40:07.000;fix(editar): corrigir opcoes de edicao (#281);33;11
G01;281;281;0;titulo;ca523d81;G01-A17;2026-06-25T12:40:55.000;fix(editar): corrigir texto da opcao de voltar (#281);14;18
G01;281;281;0;titulo;c534da5f;G01-A17;2026-06-25T14:25:57.000;fix(editar): corrigir tela de edicao (#281);6;16
G01;283;283;0;titulo;fa91785d;G01-A13;2026-06-25T13:38:33.000;docs(wad): troca links inacessiveis #283;4;6
G01;284;284;0;titulo;d14adf09;G01-A13;2026-06-25T11:25:05.000;docs(readme): adiciona links dos integrantes a licensa #284;1;1
G01;285;285;0;titulo;c0f352be;G01-A17;2026-06-25T11:10:18.000;feat(visualizacao): melhorar estilo dos blocos das telas de parceiro (#285);4;3
G01;286;286;0;titulo;650eaf8f;G01-A17;2026-06-25T14:43:57.000;feat(historico): historico vai [externo] mostrado (#286);172;112
G01;287;287;0;titulo;259d8722;G01-A14;2026-06-25T12:59:52.000;feat/implementa-pagina-dehistorico/(#287);258;235
G01;291;291;0;titulo;161216f0;G01-A12;2026-06-25T17:05:55.000;docs: preenche o relatorio da primeira leva de testes de usabilidade (#291);5;1
G01;291;291;0;titulo;ce94314b;G01-A12;2026-06-25T17:07:43.000;docs: preenche analise dos resultados da primeira leva de testes (#291);5;0
G01;291;291;0;titulo;00d0e116;G01-A12;2026-06-25T20:34:43.000;docs: adiciona fotos da primeira rodada de testes (#291);14;0
G01;292;292;0;titulo;b042e232;G01-A12;2026-06-25T19:54:06.000;docs: preenche secao da segunda leva dos testes de usablidade (#292);6;0
G01;292;292;0;titulo;e771b1e2;G01-A12;2026-06-25T20:58:06.000;docs: adiciona fotos da segunda rodada dos testes (#292);14;0
G01;293;293;0;titulo;b407c2cf;G01-A12;2026-06-25T19:12:26.000;docs: preenche relatorio da  secao dos testes sus (#293);3;1
G01;293;293;0;titulo;6b7f5fb8;G01-A12;2026-06-25T19:13:59.000;docs: preenche resultados dos testes sus (#293);4;0
G01;293;293;0;titulo;321ace89;G01-A12;2026-06-25T20:21:38.000;docs: adiciona formulario dos testes sus (#293);10;5
G01;294;294;0;titulo;a9c84eaa;G01-A12;2026-06-25T19:23:54.000;docs: preenche secao da avaliacao heuristica (#294);16;0
G01;295;295;0;titulo;bbe38e20;G01-A12;2026-06-25T20:15:10.000;docs: adiciona planilha da primeira leva de testes (#295);11;7
G01;296;296;0;titulo;3cd27f96;G01-A12;2026-06-25T20:16:40.000;docs: adicona planilha da segunda leva de testes (#296);6;1
G01;298;298;0;titulo;3323570a;G01-A15;2026-06-25T22:13:43.000;fix: ajusta validacoes e confirma testes #298;45;35
G01;298;298;0;titulo;1610569f;G01-A15;2026-06-25T22:18:18.000;docs: atualiza validacao final do WAD #298;1;1
G01;298;298;0;titulo;d7450e63;G01-A15;2026-06-25T22:56:17.000;docs(wad): alinha documentação final e evidências de testes #298;92;94
G01;299;299;0;titulo;91b446e3;[externo];2026-06-25T21:25:36.000;fix(historico): remove historico button do sidebar lateral (#299);0;10
G01;299;299;0;titulo;a30db8c2;[externo];2026-06-25T22:32:38.000;fix(historico): css responsivo, filtros e correcao de gaps (#299);63;100
G01;299;299;0;titulo;f4ec4f15;[externo];2026-06-25T22:32:43.000;fix(editar): migrar entidade ao trocar tipo parceiro/fornecedor (#299);55;1
G01;299;299;0;titulo;bfa200d9;[externo];2026-06-25T22:32:46.000;feat(inicio): movimentacoes recentes funcionais e icone branco (#299);112;31
G01;301;301;0;titulo;a82af0c3;G01-A12;2026-06-25T22:19:07.000;docs: corrige erros na secao de testes (#301);10;10
G01;302;302;0;titulo;2823c7ce;G01-A12;2026-06-25T22:47:42.000;docs: corrige erros secao 5.2 (#302);0;1
G01;303;303;0;titulo;d2a578f2;[externo];2026-06-25T23:20:27.000;fix(readme): instrucoes de teste, geracao de JWT_SECRET e validacao E2E (#303);49;6
G01;303;303;0;titulo;76330163;[externo];2026-06-25T23:58:37.000;fix(wad): corrige inconsistencias de RBAC, resiliencia e integrantes (#303);7535;7511
G01;304;304;0;titulo;01a12999;G01-A17;2026-06-26T10:23:08.000;fix(npm): npm run dev funcionar (#304);26;11
G01;304;304;0;titulo;52dc7f48;G01-A17;2026-06-26T10:29:46.000;fix(server): corrigindo server limit error (#304);3;1
G01;304;304;0;titulo;2e93111f;G01-A17;2026-06-26T11:45:46.000;fix(wad): corrigir artefato 14 (#304);17;7
G01;304;304;0;titulo;5eb8be89;G01-A17;2026-06-26T12:20:39.000;fix(migrate): corrigir migrate conforme artefato (#304);4;1
G01;304;304;0;titulo;a5bf5961;G01-A17;2026-06-26T12:26:48.000;fix(wad): corrigir caminho de arquivos (#304);65;65
G01;304;304;0;titulo;22aefd0b;G01-A17;2026-06-26T12:50:42.000;fix(wad): corrigir wad (#304);7490;7474
G01;304;304;0;titulo;040f86b7;G01-A17;2026-06-26T14:20:02.000;fix(wad): corrigir seção 5.2.5, 5.2.4 e 5.2.3 (#304);7457;7476
G02;1;1;0;titulo;3dbc38d4;[externo];2026-04-23T14:56:46.000;docs(#1): cria a análise swot da Atvos.;4;2
G02;1;1;0;titulo;ca0a95e9;G02-A14;2026-04-23T15:29:43.000;docs(#1): Introdução com base no TAPI;3;5
G02;1;1;0;mensagem;1c5d24f6;G02-A15;2026-06-15T19:33:36.000;fix(auth): adiciona Bearer Token nas reqs do EJS e ajusta CORS;55;27
G02;2;2;0;mensagem;1c5d24f6;G02-A15;2026-06-15T19:33:36.000;fix(auth): adiciona Bearer Token nas reqs do EJS e ajusta CORS;55;27
G02;3;3;0;titulo;18d92ffa;G02-A19;2026-04-27T14:29:47.000;docs(#3): adiciona rivalidade entre concorrentes;1;2
G02;4;4;0;mensagem;1c5d24f6;G02-A15;2026-06-15T19:33:36.000;fix(auth): adiciona Bearer Token nas reqs do EJS e ajusta CORS;55;27
G02;5;5;0;titulo;c2c7d534;G02-A14;2026-04-27T15:33:07.000;docs(#5): adiciona a seção 2.1.3 do WAD faltando o topico 4;18;8
G02;5;5;0;titulo;7bd105e5;G02-A14;2026-04-28T14:24:59.000;docs(#5):adiciona topico 4 na solução;1;1
G02;5;5;0;titulo;de772457;G02-A14;2026-04-29T14:28:07.000;docs(#5): Altera a identação da seção da solução;6;6
G02;6;6;0;titulo;086dca22;G02-A19;2026-04-28T14:40:51.000;docs(#6): adiciona introdução sobre requisitos do sistema;1;2
G02;14;14;0;titulo;b1ef10ad;G02-A13;2026-04-23T15:50:17.000;"""docs(#14 e #17): adiciona introdução e poder de barganha dos fornecedores e compradores""";13;1
G02;14;14;0;titulo;38dfb9a0;G02-A13;2026-04-29T16:04:16.000;docs(#14): corrige a seção 2.1.1.;1;4
G02;15;15;0;titulo;b870704c;G02-A16;2026-04-30T15:08:27.000;docs(#15):adiciona a matriz rf rn;13;3
G02;17;17;0;titulo;b1ef10ad;G02-A13;2026-04-23T15:50:17.000;"""docs(#14 e #17): adiciona introdução e poder de barganha dos fornecedores e compradores""";13;1
G02;18;18;0;titulo;54669ca9;G02-A19;2026-04-27T14:27:15.000;docs(#18): adiciona ameaça de produtos substitutos;8;0
G02;19;19;0;titulo;f533f75a;G02-A18;2026-04-24T08:44:41.000;docs(#19): adiciona canva de proposta de valor;5;2
G02;20;20;0;titulo;47e551aa;[externo];2026-04-24T09:15:13.000;docs(#20): adiciona documento com padrão de commits;0;0
G02;24;24;0;titulo;4b575860;G02-A12;2026-04-26T14:48:10.000;docs(#24): adiciona introdução da matriz de riscos e referência [1] na seção 8;7;4
G02;25;25;0;titulo;4fc64d5d;G02-A12;2026-04-26T15:39:23.000;docs(#25): adiciona tabelas de ameaças e oportunidades na seção 2.1.5;34;0
G02;26;26;0;titulo;b0824ad9;G02-A12;2026-04-26T16:32:38.000;docs(#26): adiciona texto explicativo e imagem da matriz de riscos na seção 2.1.5;11;0
G02;27;27;0;titulo;543a0fc6;G02-A12;2026-04-26T16:31:28.000;docs(#27): cria pasta wad_assets para organizar imagens do WAD;0;0
G02;28;28;0;titulo;009dd354;G02-A12;2026-04-26T16:46:05.000;docs(#28): adiciona conclusão da seção 2.1.5;2;0
G02;30;30;0;titulo;1e7c5342;G02-A12;2026-04-27T09:25:32.000;docs(#30):atualizar o template da Matriz de Risco na pasta wad_assets;0;0
G02;31;31;0;titulo;f537a9a4;[externo];2026-04-27T09:53:26.000;docs(#31): adiciona arquivo da análise swot da atvos;0;0
G02;31;31;0;titulo;7fd99f7b;[externo];2026-04-27T09:59:53.000;docs(#31): move pasta de assets do WAD para a pasta documents;0;0
G02;31;31;0;titulo;fe3ecba8;[externo];2026-04-27T10:02:30.000;docs(#31): insere a nova análise swot no WAD;3;2
G02;31;31;0;titulo;c7a812a0;[externo];2026-04-27T10:10:21.000;docs(#31): insere texto da análise swot no WAD;2;0
G02;32;32;0;titulo;943b8cde;G02-A19;2026-04-27T15:51:51.000;docs(#32): adiciona imagem das 5 forças de porter e resumo dos textos;11;9
G02;34;34;0;titulo;4d4f1810;G02-A19;2026-04-27T14:41:47.000;docs(#34): adiciona ameaça de novos entrantes;1;1
G02;38;38;0;titulo;eb7f4a97;G02-A12;2026-04-28T14:49:07.000;docs(#38): cria introdução da seção 2.2 do WAD;2;2
G02;39;39;0;titulo;4f9d74a5;G02-A14;2026-04-28T15:55:46.000;docs(#39): adiciona user storie de uma persona;78;10
G02;39;39;0;titulo;063df592;G02-A14;2026-04-29T14:55:44.000;docs(#39): Corriji invest dos US 06,07 e 08;14;8
G02;39;39;0;titulo;4cf66777;G02-A14;2026-04-29T15:00:12.000;docs(#39): Arruma a identação da Seção 2.3;3;3
G02;41;41;0;titulo;17441e79;G02-A15;2026-04-28T14:30:42.000;docs(#41): atualiza arquivos readme e wad com a nova imagem de proposta de valor;30;22
G02;43;43;0;titulo;736a8bc8;G02-A19;2026-04-28T14:47:19.000;docs(#43): adiciona introdução de requisitos funcionais;1;2
G02;44;44;0;titulo;a1259401;G02-A19;2026-04-28T15:56:11.000;docs(#44): adiciona requisitos funcionais;20;4
G02;45;45;0;titulo;1f2968bf;G02-A12;2026-04-28T18:02:32.000;docs(#45): cria conclusão da seção 2.2 do WAD;3;1
G02;45;45;0;titulo;213f2070;G02-A13;2026-04-29T14:12:40.000;docs (#45): adiciona user stories Camila;70;11
G02;46;46;0;titulo;d1e46f4e;[externo];2026-04-28T15:58:24.000;docs(#46): insere RNs com a devida descrição;8;2
G02;46;46;0;titulo;fed071b5;[externo];2026-04-28T16:03:38.000;docs(#46): relaciona as RNs com sua devida RF;8;8
G02;46;46;0;titulo;f6c1fd3b;[externo];2026-04-28T19:16:45.000;docs(#46): adiciona introdução da seção 3.1.2 do WAD;1;1
G02;47;47;0;titulo;650d18d5;G02-A12;2026-04-28T17:55:22.000;docs(#47): adiciona imagens das personas na seção 2.2;18;0
G02;48;48;0;titulo;75976f3f;[externo];2026-04-29T18:02:08.000;docs(#48): adiciona requisitos nao funcionais no wad;15;12
G02;52;52;0;titulo;b802ab8a;G02-A13;2026-04-30T20:48:04.000;docs(#52): insere use cases referente aos RF no WAD;28;1
G02;54;54;0;titulo;35a52802;G02-A12;2026-04-29T14:44:30.000;docs(#54): ajusta A3 e O3 na matriz de riscos;3;3
G02;55;55;0;titulo;1374fbb6;G02-A12;2026-04-29T15:40:20.000;docs(#55): coloca fontes na secao 2.1.1;24;11
G02;56;56;0;titulo;399565b3;[externo];2026-04-29T15:18:19.000;docs(#56): refina as regras de negocio do G01-A26;19;10
G02;56;56;0;titulo;7194d902;[externo];2026-04-29T15:25:04.000;docs(#56): corrige espacamento da secao 3.1.2;16;16
G02;56;56;0;titulo;e34db425;[externo];2026-04-29T17:33:08.000;docs(#56): corrige rf associado nas rns e torna rns mais objetivas;19;20
G02;57;57;0;titulo;56eca7a1;G02-A15;2026-04-29T15:17:04.000;docs(#57): atualiza versao final introducao do wad e ajusta data no readme;15;17
G02;58;58;0;titulo;deae88ed;G02-A19;2026-04-29T15:57:02.000;docs(#58): adiciona, edita e reordena requisitos funcionais;17;14
G02;59;59;0;titulo;6b4b7dba;G02-A19;2026-04-29T15:09:23.000;docs(#59): corrige tabela de requisitos funcionais;0;2
G02;60;60;0;titulo;2d7deecb;G02-A18;2026-05-01T15:00:38.000;docs(#60): ajusta proposta de valor;3;1
G02;60;60;0;titulo;cf6b8aa1;G02-A18;2026-05-01T15:00:38.000;docs(#60): ajusta proposta de valor;4;2
G02;60;60;0;titulo;e84439db;G02-A18;2026-05-01T17:20:32.000;docs(#60): adiciona detalhe final a proposta de valor;2;2
G02;61;61;0;titulo;b98fe9a8;G02-A12;2026-05-01T14:13:15.000;docs(#61): atualiza fotos das descricoes das personas na seção 2.2;1;1
G02;63;63;0;titulo;75196191;[externo];2026-04-30T11:00:05.000;docs(#63): refina regras de negocio evitando repeticao com rfs;15;14
G02;64;64;0;titulo;6ffc942f;G02-A19;2026-04-30T18:05:31.000;docs(#64): ajusta linguagem da introdução, corrige seção de User Stories;3;6
G02;68;68;0;titulo;baf4b378;G02-A15;2026-05-19T19:10:10.000;docs(#68): renomear pasta de documentos para documents e atualizar readme;2293;2295
G02;85;85;0;titulo;f3c64ea6;G02-A13;2026-05-01T14:18:29.000;docs(#85): adiciona use cases referentes aos requisitos funcionais;23;0
G02;86;86;0;titulo;66a2e2e1;G02-A18;2026-05-01T13:20:51.000;docs(#86): adiciona use cases dos requisitos nao funcionais;31;1
G02;87;87;0;titulo;027858dc;G02-A12;2026-05-01T14:00:28.000;docs(#87): adiciona e padroniza referências na seção 2.2;2;8
G02;88;88;0;titulo;47a7aac9;G02-A12;2026-05-01T14:27:24.000;docs(#88): atualizar conclusão da seção 2.2;2;4
G02;89;89;0;titulo;a659c5aa;G02-A12;2026-05-01T17:57:12.000;docs(#89): corrige segundo paragrafo da secao 2.1.4;1;1
G02;90;90;0;titulo;8ab7be74;G02-A12;2026-05-01T21:51:04.000;docs(#90): atualiza secao 3.2.2.;648;15
G02;91;91;0;titulo;64ea2334;G02-A12;2026-05-03T17:56:22.000;docs(#91): atualiza foto das personas;0;0
G02;94;94;0;titulo;97714eda;[externo];2026-05-07T15:46:34.000;docs(#125, #110, #94): adiciona texto de introducao do diagrama de classes do dominio;5;1
G02;94;94;0;titulo;df74bc2f;[externo];2026-05-07T15:59:28.000;docs(#125, #110, #94): adiciona diagrama no wad assets e no wad;4;1
G02;97;97;0;titulo;84644595;G02-A13;2026-05-06T09:03:18.000;docs(#97):adiciona modelo entidade-relacionamento (3.6.1);50;1
G02;97;97;0;titulo;b7d40d0a;G02-A13;2026-05-06T14:43:18.000;docs(#97):adiciona modelo entidade-relacionamento (3.6.1);1;1
G02;101;101;0;titulo;240744e8;G02-A19;2026-05-15T16:39:13.000;docs(#101): altera imagem do modelo relacional;0;0
G02;101;101;0;titulo;b623e5cc;G02-A19;2026-05-15T17:05:02.000;docs(#101): altera as relacoes entre tabelas;22;18
G02;101;101;0;titulo;5b11087b;G02-A19;2026-05-15T17:14:49.000;docs(#101): versao final do modelo fisico;142;219
G02;101;101;0;titulo;17c09722;G02-A19;2026-05-15T18:49:20.000;docs(#101): altera descricao do modelo fisico;14;1
G02;101;101;0;titulo;cbfebed4;G02-A19;2026-05-15T18:52:03.000;docs(#101): adiciona modelo fisico completo;198;0
G02;101;101;0;titulo;74639dee;G02-A19;2026-05-15T20:31:34.000;feat(#101): adiciona arquivo sql;196;0
G02;101;101;0;titulo;9ee911dc;G02-A19;2026-05-15T21:17:15.000;feat(#101): coloca sql executavel;206;1
G02;104;104;0;titulo;8547c07d;G02-A19;2026-05-05T14:58:32.000;"docs(#104): substitui o termo ""embaixador"" por ""analista""";37;46
G02;104;104;0;titulo;5c8c0b1f;G02-A19;2026-05-05T15:12:37.000;"docs(#104): substitui o termo ""gerente"" por ""administrador""";24;24
G02;104;104;0;titulo;a5e3b841;G02-A19;2026-05-05T15:18:30.000;docs(#104): remove dashboards da solucao proposta;1;1
G02;104;104;0;titulo;1b6295ca;G02-A19;2026-05-05T15:25:18.000;docs(#104): remove o termo dashboard da US01;2;2
G02;104;104;0;titulo;3534a274;G02-A19;2026-05-05T15:29:54.000;docs(#104): remove asteriscos da observacao da persona [externo];1;1
G02;104;104;0;titulo;8e14841c;G02-A19;2026-05-05T15:48:24.000;docs(#104): remove travessoes do wad;10;10
G02;104;104;0;titulo;e7bb5f6d;G02-A14;2026-05-05T17:24:12.000;docs(#104): Corrigi erro de escrita;1;1
G02;105;105;0;titulo;792f4666;G02-A18;2026-05-05T15:35:51.000;docs(#105): atualiza use cases e personas;4;3
G02;105;105;0;titulo;24ac215e;G02-A18;2026-05-05T15:48:17.000;docs(#105): atualiza use case 06 de requisitos não funcionais;0;0
G02;110;110;0;titulo;97714eda;[externo];2026-05-07T15:46:34.000;docs(#125, #110, #94): adiciona texto de introducao do diagrama de classes do dominio;5;1
G02;110;110;0;titulo;df74bc2f;[externo];2026-05-07T15:59:28.000;docs(#125, #110, #94): adiciona diagrama no wad assets e no wad;4;1
G02;117;117;0;titulo;29799aa2;G02-A13;2026-05-06T14:57:33.000;docs(#117): enumera seção 2.1.3 com subdivisoes;6;6
G02;117;117;0;titulo;cf1f70ee;G02-A13;2026-05-06T15:01:53.000;docs(#117): remove recuo dos paragrafos de personas (2.2);3;3
G02;117;117;0;titulo;2afd8770;G02-A13;2026-05-06T19:08:47.000;docs:(#117):organiza casos de uso 3.2.2;137;114
G02;118;118;0;titulo;7116908e;G02-A19;2026-05-06T15:30:44.000;docs(#118): altera formatacao das imagens do wad;86;96
G02;118;118;0;titulo;fb604e33;G02-A19;2026-05-06T15:52:06.000;docs(#118): divide matriz de riscos em paragrafos;19;3
G02;120;120;0;titulo;44378e08;G02-A19;2026-05-07T15:13:30.000;docs(#120): adiciona introducao do modelo relacional da secao 3.6.3;1;1
G02;120;120;0;titulo;92e5d230;G02-A19;2026-05-07T15:17:03.000;docs(#120): adiciona introducao do modelo fisico da secao 3.6.3;2;0
G02;120;120;0;titulo;dadadaab;G02-A19;2026-05-07T15:28:43.000;docs(#120): altera introducao do modelo relacional da secao 3.6.3;1;1
G02;122;122;0;titulo;6d811693;G02-A13;2026-05-07T15:45:03.000;docs(#122):cria paragrafo introdutorio para o escopo do G01-A26 (2.1);3;0
G02;125;125;0;titulo;97714eda;[externo];2026-05-07T15:46:34.000;docs(#125, #110, #94): adiciona texto de introducao do diagrama de classes do dominio;5;1
G02;125;125;0;titulo;df74bc2f;[externo];2026-05-07T15:59:28.000;docs(#125, #110, #94): adiciona diagrama no wad assets e no wad;4;1
G02;126;126;0;titulo;99e061a7;G02-A19;2026-05-07T15:38:59.000;chore(#126): exclui pasta criada;0;1
G02;131;131;0;titulo;3dd34d39;G02-A12;2026-05-08T00:06:24.000;docs(#131): altera explicação das tabelas na secao 2.1.5;2;18
G02;131;131;0;titulo;23caa265;G02-A12;2026-05-11T11:01:14.000;docs(#131): atualiza conclusao da secao 2.1.5;4;12
G02;135;135;0;titulo;25e48068;G02-A18;2026-05-11T09:37:11.000;docs(#135): adiciona diagrama entidade relacionamento;9;3
G02;136;136;0;titulo;64ab3b8a;G02-A12;2026-05-11T11:32:23.000;docs(#136): atualiza texto de introducao da secao 3.1.4;5;3
G02;137;137;0;titulo;1276382a;[externo];2026-05-11T12:01:21.000;refactor(#137): organiza estrutura de pastas do G01-A26;1;0
G02;138;138;0;titulo;9381c46e;G02-A12;2026-05-11T12:04:07.000;docs(#138): atualiza tabela da secao 3.1.4;28;12
G02;139;139;0;titulo;e6eff352;[externo];2026-05-11T15:21:43.000;docs(#139): corrige numeracao das rns;12;12
G02;139;139;0;titulo;4821a585;[externo];2026-05-11T15:32:28.000;docs(#139): corrige numeracao das ucs de rfs;20;20
G02;139;139;0;titulo;8a5ce649;[externo];2026-05-11T15:36:24.000;docs(#139): corrige numeracao das ucs de rnfs;16;16
G02;139;139;0;titulo;2411918d;[externo];2026-05-11T15:42:31.000;docs(#139): refina rf002;1;1
G02;139;139;0;titulo;7d9e1c17;[externo];2026-05-11T16:10:54.000;docs(#139): adiciona rfs de prioridade baixa;7;0
G02;139;139;0;titulo;c4374187;[externo];2026-05-11T16:11:42.000;docs(#139): adiciona justificativa da priorizacao dos rfs;11;0
G02;139;139;0;titulo;b6a3c460;[externo];2026-05-11T16:17:49.000;docs(#139): corrige rnfs rest org e sud na tabela;3;3
G02;139;139;0;titulo;76ce5ebd;[externo];2026-05-11T16:20:58.000;docs(#139): corrige justificativa das rnfs rest org e sud;6;6
G02;139;139;0;titulo;c527df30;[externo];2026-05-11T16:31:50.000;docs(#139): insere secao de minimundo no documento;35;0
G02;139;139;0;titulo;f8be88fd;[externo];2026-05-12T07:48:52.000;docs(#139): insere mapeamento de personas no wad;12;0
G02;139;139;0;titulo;2cd07941;[externo];2026-05-12T07:58:38.000;docs(#139): muda titulo de identificacao das us do [externo];7;8
G02;142;142;0;titulo;a661fabd;G02-A12;2026-05-12T00:23:10.000;docs(#142): atualiza matriz da seção 3.1.4 e implementa tabela de resumo na seção 3.2.4;54;30
G02;143;143;0;titulo;96f6acb3;G02-A12;2026-05-12T02:05:34.000;docs(#143): adiciona diagrama de sequencia 01 na secao 3.2.4;12;2
G02;144;144;0;titulo;db32676d;G02-A12;2026-05-12T09:55:30.000;docs(#144): adiciona diagrama de sequência 02 na secao 3.2.4;13;0
G02;145;145;0;titulo;1b5e6837;G02-A13;2026-05-13T09:06:35.000;docs(#145):corrige use cases;424;713
G02;146;146;0;titulo;75018591;G02-A12;2026-05-12T16:09:21.000;docs(#146): adiciona diagrama de sequencia uml 4 na secao 3.2.4;17;2
G02;147;147;0;titulo;9635fef9;G02-A19;2026-05-12T15:35:49.000;docs(#147): adiciona imagem do modelo relacional do G01-A26;10;0
G02;147;147;0;titulo;e89d4aaf;G02-A19;2026-05-12T15:39:08.000;docs(#147): adiciona texto de explicacao da notacao do modelo relacional;1;0
G02;147;147;0;titulo;7167a502;G02-A19;2026-05-12T15:39:40.000;docs(#147): corrige titulo da imagem do modelo relacional;1;1
G02;147;147;0;titulo;14d682e1;G02-A19;2026-05-12T15:43:51.000;docs(#147): adiciona explicacao das relacoes entre as tabelas do modelo relacional;22;0
G02;147;147;0;titulo;f2188115;G02-A19;2026-05-12T15:48:27.000;docs(#147): adiciona secoes 3.6.3.1 e 3.6.3.2 - modelos relacional e fisico;3;2
G02;148;148;0;titulo;e2c4157e;G02-A13;2026-05-13T09:25:22.000;docs(#148):adiciona diagramas dos use cases;58;3
G02;150;150;0;titulo;09845876;G02-A14;2026-05-12T15:46:46.000;docs(#150): Reformula os users stories;308;216
G02;150;150;0;titulo;64fb04cf;G02-A14;2026-05-13T14:51:14.000;docs(#150): Revisa users stories novamente;10;10
G02;151;151;0;titulo;dff9480e;G02-A15;2026-05-15T00:20:25.000;docs(#151): adiciona wireframes;548;412
G02;154;154;0;titulo;361a09c3;G02-A18;2026-05-13T15:14:15.000;docs(#154): alterar diagramas de entidade relacionamento;8;4
G02;154;154;0;titulo;42b922f8;G02-A18;2026-05-13T15:56:59.000;docs(#154): altera texto da seção 3.6.2;1;1
G02;154;154;0;titulo;5767b59e;G02-A18;2026-05-14T08:57:14.000;docs(#154): altera texto de descrição da seção 3.6.1;1;1
G02;159;159;0;titulo;7cca78d5;G02-A19;2026-05-13T15:01:49.000;docs(#159): altera introducao do modelo fisico;8;1
G02;159;159;0;titulo;eeea26e4;G02-A19;2026-05-13T15:14:24.000;docs(#159): adiciona tabelas base do modelo fisico;30;0
G02;159;159;0;titulo;6bc3f158;G02-A19;2026-05-13T15:18:20.000;docs(#159): adiciona tabelas com dependencia no modelo fisico;184;0
G02;159;159;0;titulo;6b32667f;G02-A19;2026-05-14T11:06:07.000;docs(#159): atualiza o modelo fisico com a versao atual do modelo relacional;172;190
G02;160;160;0;titulo;40fe8470;[externo];2026-05-13T14:51:50.000;docs(#160): corrige funcao das personas e padroniza nome para canatvos;6;6
G02;160;160;0;titulo;b38927f1;[externo];2026-05-13T15:01:14.000;docs(#160): corrige entidade do analista na secao 3.6.1;4;4
G02;162;162;0;titulo;187dc64b;G02-A19;2026-05-13T15:47:11.000;docs(#162): atualiza imagem do modelo relacional;1;1
G02;164;164;0;titulo;12d561cb;G02-A12;2026-05-14T00:20:28.000;docs(#164): adiciona diagrama 05 e 06 na secao 3.2.4;31;6
G02;166;166;0;titulo;fade7aba;G02-A15;2026-05-15T21:20:49.000;docs(#166): adiciona wireframes;154;213
G02;167;167;0;titulo;53ac98cd;[externo];2026-05-14T14:28:37.000;docs(#167): adiciona diagrama de classes de dominio no wad;0;0
G02;167;167;0;titulo;9d02d9b1;[externo];2026-05-14T15:25:47.000;docs(#167): atualiza diagrama de classes de dominio no wad;0;0
G02;167;167;0;titulo;72cbc186;[externo];2026-05-14T22:24:00.000;docs(#167): corrige nome do grupo;1;1
G02;167;167;0;titulo;999fa58a;[externo];2026-05-14T23:11:30.000;docs(#167): muda diagrama entidade relacionamento e corrige texto da secao 3.6.1;31;23
G02;167;167;0;titulo;f8b0b3a1;[externo];2026-05-14T23:18:00.000;docs(#167): muda diagrama entidade relacionamento 3.6.2 e muda o texto da secao 3.6.2;25;7
G02;167;167;0;titulo;6a360ae0;[externo];2026-05-14T23:40:31.000;docs(#167): corrige modelo relacional e fisico da secao 3.6.3;37;4
G02;167;167;0;titulo;9778e609;[externo];2026-05-14T23:41:42.000;docs(#167): corrige nome da equipe;2;2
G02;168;168;0;titulo;957909e4;G02-A19;2026-05-14T15:53:40.000;docs(#168): adiciona comment, check, trigger e indice parcial no modelo fisico;156;95
G02;168;168;0;titulo;8ea3151d;G02-A19;2026-05-14T16:09:28.000;docs(#168): adiciona na introducao do modelo fisico tabela de status do parceiro;12;3
G02;168;168;0;titulo;3f74bb13;G02-A19;2026-05-14T16:36:58.000;docs(#168): altera frase da introducao do modelo fisico;1;1
G02;168;168;0;titulo;cee6d66f;G02-A19;2026-05-14T16:52:18.000;docs(#168): altera modelo relacional;0;0
G02;169;169;0;titulo;bd06ee55;G02-A12;2026-05-14T22:17:55.000;docs(#169): adiciona diagrama 07 na secao 3.2.4;14;0
G02;170;170;0;titulo;29277b7b;G02-A13;2026-05-15T11:13:09.000;docs(#170):altera imagens use cases;0;0
G02;172;172;0;titulo;21fff553;G02-A12;2026-05-15T15:53:18.000;docs(#172): adiciona diagrama 08, 09 e 10 na secao 3.2.4;66;2
G02;173;173;0;titulo;a971744b;G02-A12;2026-05-15T16:19:23.000;docs(#173): adiciona RN013 na secao 3.1.2;1;0
G02;174;174;0;titulo;3c3490c8;G02-A12;2026-05-15T22:17:42.000;docs(#174): atualiza diagrama 08 da secao 3.2.4;1;1
G02;175;175;0;titulo;f72d7daf;G02-A12;2026-05-15T22:32:14.000;docs(#175): atualiza numero das fotos na secao 3.3;17;18
G02;176;176;0;titulo;d94775d0;G02-A12;2026-05-15T22:58:46.000;docs(#176): atualiza foto 04 do wireframe;0;0
G02;177;177;0;titulo;9b9d2623;G02-A13;2026-05-06T15:50:42.000;docs(#177): organiza user stories (2.3);20;20
G02;177;177;0;titulo;c14b5d11;G02-A12;2026-05-15T23:13:00.000;docs(#177): atualiza foto wireframe 04;7;1
G02;178;178;0;titulo;8ca55fb1;G02-A12;2026-05-15T23:16:08.000;docs(#178): atualiza readme com data da sprint 2);1;1
G02;181;181;0;titulo;2cd07ce0;G02-A14;2026-05-18T15:55:54.000;docs(#181):Adiciona conteudo de arquiteturas de camadas na seção 3.2.1;94;1
G02;181;181;0;titulo;325f01ab;G02-A14;2026-05-21T16:22:50.000;docs(#181): Correção da seção 3.2.1;101;5
G02;182;182;0;titulo;62765ba4;G02-A19;2026-05-25T15:04:53.000;docs(#182): exclui arquivo md da secao 3.2.1;0;96
G02;182;182;0;titulo;74ba2ac9;G02-A19;2026-05-25T15:07:40.000;docs(#182): altera subtitulos da secao 3.2.1;5;5
G02;182;182;0;titulo;4e171659;G02-A19;2026-05-25T15:41:21.000;docs(#182): adiciona introducao da secao 3.2.3.1;10;0
G02;183;183;0;titulo;c9c6b8d8;G02-A15;2026-05-19T13:36:55.000;docs(#183):atualiza preenchimento-estrutura-e-licençaREADME;29;18
G02;192;192;0;titulo;7a7b9238;G02-A19;2026-05-27T14:34:48.000;docs(#192): altera introducao da secao 3.2.3.1 do diagrama de classes arquitetural;11;9
G02;192;192;0;titulo;be53e9a6;G02-A19;2026-05-27T14:39:21.000;docs(#192): adiciona imagem do diagrama de classes arquitetural;5;0
G02;193;193;0;titulo;4d586674;G02-A15;2026-05-29T19:48:21.000;docs: remove ex-integrante e ajusta formatacao do readme (#193);26;21
G02;193;193;0;titulo;fc509c71;G02-A15;2026-05-29T22:37:52.000;docs: atualiza estruturação do repo, lógicas SQL, documentação WebAPI e Diagramas de Sequência (#193);61;36
G02;194;194;0;titulo;77f536f3;G02-A19;2026-05-18T15:37:16.000;chore(#194): remove pastas desktop.ini;0;4
G02;194;194;0;titulo;c9d44ee4;[externo];2026-05-19T15:21:51.000;feat(#194): add database connection pool, winston logger singleton, and migration runner;821;218
G02;195;195;0;titulo;a6542807;G02-A19;2026-05-19T10:12:08.000;docs(#195): refatoracao das imagens;165;197
G02;205;205;0;titulo;8f9e4242;G02-A14;2026-05-20T22:54:45.000;feature(#205):Adiciona files ao repository;6308;300
G02;205;205;0;titulo;9f70480e;G02-A14;2026-05-20T22:57:19.000;feature(#205):Adiciona file no service;63;0
G02;205;205;0;titulo;f21b99c4;G02-A14;2026-05-20T23:57:36.000;feat(#205):faz teste jest para o diagrama UML 06;447;7
G02;206;206;0;titulo;2a3814e2;G02-A13;2026-05-25T09:12:45.000;docs(#206):adiciona seção 3.4.1 paleta de cores com descrições semânticas e funcionais;8;1
G02;208;208;0;titulo;48b0c979;G02-A14;2026-05-21T11:19:12.000;feat(#208): teste jest fail;6065;282
G02;208;208;0;titulo;331ae024;G02-A14;2026-05-21T11:45:27.000;docs(#208): Adiciona a documentação da ponderada;60;15
G02;210;210;0;titulo;1ce41c5e;G02-A15;2026-05-21T11:53:06.000;feat(#210): implementa fluxo de aprovacao de alteracoes e passa nos testes;265;9
G02;211;211;0;titulo;ca19c789;G02-A12;2026-05-21T10:28:43.000;docs(#211): criando esqueleto do repositório e os testes do diagrama 01 - cadastrar parceiro;1003;36
G02;212;212;0;titulo;bdeb8871;G02-A12;2026-05-21T11:45:44.000;docs(#212): implementa funcionamento dos testes do diagrama 01 e adiciona relatorio da ponderada;211;744
G02;213;213;0;titulo;50111b8c;G02-A19;2026-05-21T11:13:06.000;feat(#213): uc-04 diagrama registro de interacao com parceiro - testes e esqueletos (red);5605;289
G02;213;213;0;titulo;d82da3b7;G02-A19;2026-05-21T11:57:19.000;feat(#213): uc-04 registro de interacao com parceiro - implementação green;629;43
G02;214;214;0;titulo;c6d8d291;G02-A18;2026-05-21T11:40:28.000;fix: altera um número (#214);1;1
G02;219;219;0;titulo;0ad42d94;G02-A16;2026-05-21T20:26:51.000;docs(#219): adiciona logica proposicional de aprovacao de parceiro;6;0
G02;219;219;0;titulo;1eecb58e;G02-A16;2026-05-21T20:36:39.000;docs(#219): adiciona logica proposicional de desativacao de usuario;7;0
G02;219;219;0;titulo;df0e3b3d;G02-A16;2026-05-21T21:20:10.000;docs(#219): adiciona logica proposicional de busca de parceiro;8;0
G02;221;221;0;titulo;3b430ea5;G02-A12;2026-05-24T19:19:47.000;docs(#221): adiciona tabela 01 na secao 3.6.4;10;0
G02;222;222;0;titulo;c7c05d07;G02-A12;2026-05-24T19:17:35.000;docs(#222): adiciona introducao na secao 3.6.4;6521;48
G02;223;223;0;titulo;64be6597;G02-A12;2026-05-24T19:22:17.000;docs(#223): adiciona tabela 02 na secao 3.6.4;13;0
G02;224;224;0;titulo;225bdb7d;G02-A12;2026-05-24T19:27:34.000;docs(#224): adiciona tabela 03 na secao 3.6.4;12;0
G02;225;225;0;titulo;a93cbb68;G02-A12;2026-05-24T19:28:16.000;docs(#225): adiciona tabela 04 na secao 3.6.4;11;0
G02;226;226;0;titulo;f0fb829c;G02-A12;2026-05-24T19:29:35.000;docs(#226): adiciona tabela 05 na secao 3.6.4;13;0
G02;227;227;0;titulo;9cead69c;G02-A12;2026-05-24T19:30:41.000;docs(#227): adiciona tabela 06 na secao 3.6.4;13;0
G02;228;228;0;titulo;59e8cac6;G02-A12;2026-05-24T19:33:53.000;docs(#228): adiciona tabela sintese e conclusao na secao 3.6.4;21;0
G02;229;229;0;titulo;05623504;G02-A12;2026-05-24T19:41:05.000;docs(#229): corrigindo iconsistencias do nome do G01-A26 ao longo do WAD;14;14
G02;230;230;0;titulo;da114acd;G02-A12;2026-05-24T20:16:45.000;docs(#230): atualiza tabela 01, 04 e 06 da secao 3.6.4;20;20
G02;236;236;0;titulo;9b9d9c9e;G02-A13;2026-05-28T21:59:39.000;docs(#236): adiciona descricao das telas do prototipo (telas 1 a 10);34;0
G02;237;237;0;titulo;8a0be575;G02-A14;2026-05-25T14:37:50.000;docs(#237):Resolvendo conflitos;12;17
G02;239;239;0;titulo;aaa8358a;G02-A13;2026-05-28T21:56:29.000;docs(#239):adiciona introducao e links do prototipo de alta fidelidade (secao 3.5);5;1
G02;241;241;0;titulo;ae9fc12f;G02-A19;2026-05-26T15:44:30.000;docs(#241): adiciona imagem da arquitetura em camadas da secao 3.2.1;7;0
G02;243;243;0;titulo;eb33f378;G02-A15;2026-05-26T15:45:13.000;feat(#243): diagrama de sequencia uml 05 relacionado a filtragem de parceiros;394;3
G02;244;244;0;titulo;0fbb20f8;G02-A15;2026-05-26T16:00:20.000;feat(#244): diagrama de sequencia uml 10 relacionado a consulta de logs de auditoria;412;0
G02;245;245;0;titulo;ae51d076;G02-A14;2026-05-26T14:53:09.000;code(#245):diagrama de sequencia uml 07 relacionado a filtragem de parceiros;399;4
G02;245;245;0;titulo;7275b2b1;G02-A14;2026-05-26T15:35:26.000;feat(#245): aicionad vinculo and agricultural data persistence;0;13
G02;246;246;0;titulo;622a0797;G02-A16;2026-05-27T15:10:36.000;docs: adiciona matriz rn entidade tabela #246;20;0
G02;247;247;0;titulo;f9cb0eb2;G02-A16;2026-05-27T20:49:44.000;docs: separa seções er e der e adiciona qualidade lss #247 #248;34;10
G02;248;248;0;titulo;f9cb0eb2;G02-A16;2026-05-27T20:49:44.000;docs: separa seções er e der e adiciona qualidade lss #247 #248;34;10
G02;251;251;0;titulo;70014f3d;G02-A14;2026-05-27T14:38:45.000;docs(#251):retira a documentação da ponderada;538;334
G02;252;252;0;titulo;0b8e0c9e;G02-A13;2026-05-28T22:01:24.000;docs(#252): adiciona tabela sintese de telas e user stories (secao 3.5);16;0
G02;252;252;0;titulo;a41d05bb;G02-A13;2026-05-29T22:22:01.000;docs(#252): faz a seção 3.1.3;195;0
G02;252;252;0;titulo;bff12cb0;G02-A13;2026-05-29T22:36:27.000;docs(#252): corrige a seção 3.1.3;2;2
G02;258;258;0;titulo;9f5a6408;G02-A14;2026-05-28T14:48:17.000;Refectorin(#258): refatora o codigo;82;171
G02;258;258;0;titulo;3d1c1d8c;G02-A14;2026-05-28T16:07:51.000;docs(#258): implementa a seção 3.2.7;46;2
G02;258;258;0;titulo;87e54e5b;G02-A14;2026-05-28T16:16:43.000;code(#258): feat implementa POST /parceiros/:id/interacoes (RF007);448;22
G02;258;258;0;titulo;5c33c465;G02-A14;2026-05-29T14:03:32.000;feat(#258): Corrigi erros de coesão no codigo;544;122
G02;258;258;0;titulo;290f4897;G02-A14;2026-05-29T15:00:14.000;docs(#258): corrigi a seção 3.2.7;4;0
G02;259;259;0;titulo;c63103fc;G02-A13;2026-05-28T14:45:47.000;docs(#259): remove seção 3.2.5 diagrama de atividades ou estados;0;2
G02;262;262;0;titulo;0a869017;G02-A12;2026-05-28T19:11:18.000;docs(wad): corrigir consultas SQL e lógica proposicional (#262);29;29
G02;262;262;0;titulo;1fbb3e8e;G02-A12;2026-05-29T18:22:41.000;docs(wad): ajustar correções das consultas SQL e lógica proposicional (#262);31;31
G02;262;262;0;titulo;c191efcb;G02-A12;2026-05-29T19:39:02.000;docs(wad): ajustar tabela 1 da lógica proposicional (#262);9;9
G02;264;264;0;titulo;174a2ba6;G02-A12;2026-05-28T23:10:54.000;docs(wad): inserir fotos das telas 1 a 10  na seção 3.5 (#264);99;0
G02;264;264;0;titulo;fe1b8f2a;G02-A12;2026-05-29T14:50:09.000;docs(wad): atualizar foto da  telas 3  na seção 3.5 (#264);1;1
G02;265;265;0;titulo;a0f79d2c;G02-A12;2026-05-28T23:18:53.000;docs(wad): inserir conclusão na seção 3.4 (#265);15;10
G02;266;266;0;titulo;9bdebd2d;G02-A12;2026-05-28T23:28:17.000;docs(wad): adicionar link do vídeo de interações na seção 3.5 (#266);1;1
G02;267;267;0;titulo;57b3bb0c;G02-A15;2026-05-29T14:23:29.000;fix(#267): alinha backend, testes e documentacao WAD aos fluxos dos diagramas de sequencia;432;47
G02;268;268;0;titulo;5c44de90;G02-A12;2026-05-29T11:54:04.000;docs(wad): atualizar fotos das telas 1 a 10á (#268);0;0
G02;269;269;0;titulo;c2f8aad0;G02-A19;2026-05-29T15:05:36.000;docs(#269): altera texto do diagrama de classes arquitetural adicionando dados agricolas na lista de models e atualiza lista de interfaces;2;2
G02;269;269;0;titulo;4adf59a1;G02-A19;2026-05-29T15:27:50.000;docs(#269): atualiza imagem do diagrama de classes arquitetural;0;0
G02;270;270;0;titulo;c83e84f6;G02-A18;2026-05-29T17:04:45.000;feat(#270): adiciona descrição de aplicação para cada cor da paleta;3;2
G02;270;270;0;titulo;44314a40;G02-A18;2026-05-29T22:51:25.000;feat(#270): adiciona imagens do guia de estilo;34;0
G02;271;271;0;titulo;8fe0d272;G02-A19;2026-05-29T17:54:44.000;docs(#271): adiciona introducao da secao 4.1;1;1
G02;271;271;0;titulo;1f63b164;G02-A19;2026-05-29T18:02:08.000;docs(#271): adiciona subsecao 'o que foi implementado' na secao 4.1;56;0
G02;271;271;0;titulo;a1a0a02b;G02-A19;2026-05-29T18:03:09.000;docs(#271): adiciona subsecao 'o que nao foi concluido' na secao 4.1;9;0
G02;271;271;0;titulo;2dbe4ab6;G02-A19;2026-05-29T18:03:56.000;docs(#271): adiciona 'dificuldades tecnicas enfrentadas' na secao 4.1;14;0
G02;271;271;0;titulo;ea4b0d80;G02-A19;2026-05-29T18:04:23.000;docs(#271): adiciona 'proximos passos' na secao 4.1;4;0
G02;271;271;0;titulo;bc2d02e6;G02-A19;2026-05-29T18:30:53.000;docs(#271): ajusta rotas da tabela e arquitetura da secao 4.1;10;10
G02;272;272;0;titulo;c62f752c;G02-A12;2026-05-29T20:10:57.000;docs(wad): ajustar tamanho das imagens das telas 06 e 07 (#272);4;4
G02;273;273;0;titulo;5067f3aa;G02-A12;2026-05-29T21:35:24.000;docs(wad): atualizar formatação das tabelas da seção 3.6.4 (#273);35;35
G02;273;273;0;titulo;b62e8d17;G02-A12;2026-05-29T21:36:47.000;docs(wad): atualizar formatação da tabela 4 (#273);1;1
G02;274;274;0;titulo;55fcf389;G02-A12;2026-05-29T22:41:39.000;docs: adiciona documentacao da WebAPI(#274);659;406
G02;274;274;0;titulo;20e173f6;G02-A12;2026-05-29T23:00:56.000;docs(wad): adiciona documentacao da webapi (#274);29;2
G02;274;274;0;titulo;1337bc08;G02-A12;2026-05-29T23:05:39.000;docs(wad): excluindo pasta .vscode da raiz do G01-A26(#274);0;3
G02;274;274;0;titulo;c4de53ca;G02-A12;2026-05-29T23:10:20.000;docs(wad): mudando titulo duplicado da secao 3.7(#274);0;2
G02;281;281;0;titulo;ef01b18a;G02-A14;2026-06-01T15:46:43.000;docs(#281): adiciona a seção 6.2 parte A;5;2
G02;281;281;0;titulo;998aa2c9;G02-A14;2026-06-01T17:30:13.000;docs(#281): adiciona a seção 6.2 parte B;5;2
G02;281;281;0;titulo;321385b3;G02-A14;2026-06-01T17:35:56.000;docs(#281): adiciona a seção 6.2 parte C;1;2
G02;281;281;0;titulo;dacd3ac8;G02-A14;2026-06-01T17:44:19.000;docs(#281): Encerra a seção 6.2;11;1
G02;283;283;0;titulo;d9f5606a;G02-A13;2026-06-03T17:40:41.000;docs(#283):adiciona secao 6.4.1-segmentação de mercado;3085;0
G02;283;283;0;titulo;808f7c65;G02-A13;2026-06-03T17:41:43.000;docs(#283): adiciona secao 6.4.2-perfil do publico alvo;8;0
G02;283;283;0;titulo;8f4482b7;G02-A13;2026-06-09T09:17:45.000;docs(#283): corrige seção do publico-alvo;14;4
G02;284;284;0;titulo;84e1c9b2;G02-A14;2026-06-01T17:58:21.000;docs(#284): Adiciona a seção 6.3 parte A;5;2
G02;284;284;0;titulo;2c5c94a6;G02-A14;2026-06-01T18:00:01.000;docs(#284): Adiciona a seção 6.3 parte B;5;2
G02;285;285;0;titulo;8cb9766d;G02-A13;2026-06-05T15:58:55.000;docs(#285):adiciona proposta de valor (6.5.1);5;3
G02;285;285;0;titulo;41c5d7ab;G02-A13;2026-06-05T16:04:32.000;docs(#285):adiciona estrategia de diferenciacao (6.5.2);11;3
G02;286;286;0;titulo;1b0ddecb;G02-A13;2026-06-08T15:26:34.000;docs(#286): adiciona secao 6.6.1 e 6.6.2 no wad;6;5
G02;286;286;0;titulo;573e6f8a;G02-A13;2026-06-08T15:32:41.000;docs(#286): adiciona secao 6.6.3 e 6.6.4 no wad;7;4
G02;286;286;0;titulo;f2ac4c17;G02-A13;2026-06-10T01:06:17.000;docs(#286): corrige estrategia de marketing;0;2
G02;286;286;0;titulo;494245b0;G02-A13;2026-06-10T01:07:57.000;docs(#286):corrige 4ps;24;6
G02;287;287;0;titulo;b62bff1c;G02-A14;2026-06-02T14:45:24.000;docs(#287): adiciona a seção 6.1 - resumo executivo;6;2
G02;289;289;0;titulo;063ccba8;G02-A15;2026-06-02T15:22:13.000;chore(#289): organiza estrutura de configuracoes e testes;0;9280
G02;289;289;0;titulo;49066057;G02-A15;2026-06-02T15:35:15.000;docs(#289): reorganiza documentos movendo wad.md e removendo arquivos desnecessarios;0;0
G02;289;289;0;titulo;b00e9589;G02-A15;2026-06-02T15:48:00.000;fix(#289): corrige caminhos de importacao nos testes e config do jest;11;11
G02;290;290;0;titulo;35d30929;G02-A13;2026-06-10T10:02:26.000;docs(#290):adiciona seção 6.6 ao wad;52;0
G02;290;290;0;titulo;27e98497;G02-A13;2026-06-10T19:33:38.000;docs(#290):adiciona imagem bmc;5;49
G02;290;290;0;titulo;e097136e;G02-A13;2026-06-12T05:22:17.000;docs(#290):adiciona introducao ao bmc;3;0
G02;291;291;0;titulo;82d4c929;G02-A18;2026-06-02T15:01:19.000;fix(#291): adiciona histórico das sprints 4 e 5 e atualiza descrição da solução no README;3101;3084
G02;291;291;0;titulo;768e6bee;G02-A18;2026-06-03T10:29:31.000;fix(#291): ajusta imagens e suas numeracoes no wad;125;126
G02;294;294;0;titulo;81031fa1;G02-A18;2026-06-03T11:33:08.000;fix(#294): ajuste final das imagens e numeracao no wad;7;7
G02;295;295;0;titulo;916d2297;G02-A15;2026-06-04T13:09:12.000;fix(docs-#295): move wad.md para a raiz de documents e ajusta caminhos de imagens;0;0
G02;296;296;0;titulo;960ec366;G02-A15;2026-06-04T14:38:56.000;docs(#296): preenche rtm e entrega tecnica da segunda versao no wad;39;4
G02;296;296;0;titulo;4ae9b7a6;G02-A15;2026-06-04T15:05:37.000;docs(#296): preenche rtm e entrega tecnica da segunda versao no wad;39;4
G02;297;297;0;titulo;6d2cbd4b;G02-A12;2026-06-05T11:03:17.000;docs(wad): preenche seções 5.1 e 5.1.1 (#297);21;5
G02;299;299;0;titulo;88999b9c;G02-A12;2026-06-08T14:44:24.000;test(webapi): desenvolver suite de testes automatizados (#299);1587;30
G02;301;301;0;titulo;440519e3;G02-A18;2026-06-08T15:03:29.000;feat(#301): adiciona nome das personas secao 3.9;18;18
G02;301;301;0;titulo;d396849f;G02-A18;2026-06-08T15:12:57.000;feat(#301): adiciona conteudo na matriz de rastreabilidade;18;18
G02;301;301;0;titulo;ad648527;G02-A18;2026-06-08T15:27:34.000;fix(#301): altera item b da secao 4.2;4;2
G02;301;301;0;titulo;057e952f;G02-A18;2026-06-08T15:36:41.000;feat(#301): adiciona coluna de eixos rnf na matriz de rastreabilidade;19;19
G02;302;302;0;titulo;a6b9edcd;G02-A14;2026-06-08T15:08:31.000;docs(#302): Revisa a seção 6.2 do artefato 12;9;3
G02;302;302;0;titulo;c0419d71;G02-A14;2026-06-08T15:43:09.000;docs(#302): Revisa a seção 6.3 do wad com base nos comentários do reviwer;16;4
G02;302;302;0;titulo;5a0b9890;G02-A14;2026-06-08T15:55:00.000;docs(#302): Revisa a seção 6.1 do artefato 12 com base no comentários;7;2
G02;302;302;0;titulo;109c7775;G02-A14;2026-06-10T10:40:55.000;docs(#302): corriji a seção 6.3 na parte de vantagens competitivas;5;7
G02;302;302;0;titulo;7ccf759b;G02-A14;2026-06-12T01:56:51.000;docs(#302): adiciona a seção a 6.3;14;4
G02;302;302;0;titulo;a0e7b78a;G02-A14;2026-06-12T02:31:49.000;docs(#302): corriji a seção 6.3;29;8
G02;303;303;0;titulo;afec3b93;G02-A13;2026-06-12T20:24:39.000;docs(#303):atualiza posicionamento seção 6.5;19;6
G02;305;305;0;titulo;77700089;G02-A12;2026-06-08T16:04:59.000;feat(artefato11): limpeza de config Jest e consolidação de testes (#305);7;17
G02;306;306;0;titulo;eca3e56e;G02-A12;2026-06-08T21:02:44.000;test(webapi): aumentar cobertura dos services acima de 80% (#306);841;6
G02;307;307;0;titulo;56b9b0a8;G02-A12;2026-06-08T21:57:24.000;docs(wad): atualiza conformidade do artefato 11 (#307);311;39
G02;307;307;0;titulo;9c97c2d6;G02-A12;2026-06-08T21:58:43.000;docs(wad): atualiza secao 5.1 (#307);0;134
G02;308;308;0;titulo;32e32c1b;G02-A12;2026-06-09T14:16:00.000;docs(wad): preenche estratégia de testes da seção 5.1.1 (#308);19;0
G02;309;309;0;titulo;8a8981a8;G02-A12;2026-06-09T07:50:19.000;refactor(tests): reorganiza estrutura de pastas de testes (#309);1;41
G02;310;310;0;titulo;931f1888;G02-A19;2026-06-09T09:31:43.000;docs(tests): adiciona introducao secao 5.1.2 de testes unitários de service #310;4;0
G02;310;310;0;titulo;05a4c2b1;G02-A19;2026-06-09T09:34:23.000;docs(tests): adiciona tabela de casos de teste CT01-CT12 com mapeamento RN e RF #310;15;0
G02;310;310;0;titulo;bacdf71e;G02-A19;2026-06-09T09:37:05.000;docs(tests): detalha padrão AAA e caminhos de falha dos CT01-CT04 e CT06 #310;12;0
G02;311;311;0;titulo;9563f0b6;G02-A19;2026-06-09T09:59:54.000;docs(tests): adiciona introducao da secao 5.1.3 de testes de integração de endpoints #311;5;0
G02;311;311;0;titulo;05274a1d;G02-A19;2026-06-09T10:02:31.000;docs(tests): adiciona tabela de cobertura dos 4 cenários-chave por endpoint e observação de rastreabilidade #311;16;0
G02;313;313;0;titulo;758f3ff4;G02-A19;2026-06-09T11:26:47.000;docs(tests): adiciona secao 5.1.4 com output do npm test e relatorio de cobertura #313;42;0
G02;313;313;0;titulo;1f982d1d;G02-A19;2026-06-09T11:28:54.000;docs(tests): adiciona mapeamento CT → RN → RF com endpoints relacionados na secao 5.1.4 #313;17;0
G02;316;316;0;titulo;84decbaf;G02-A15;2026-06-11T00:49:06.000;feat(#316): implementa Tela 8 (Perfil do Parceiro) pixel-perfect;643;0
G02;316;316;0;titulo;128e63a7;G02-A15;2026-06-11T01:06:17.000;feat(#316 #317): implementando telas de perfil e gestao;879;0
G02;316;316;0;titulo;8c623c98;G02-A15;2026-06-11T01:06:17.000;feat(#316 #317): implementando telas de perfil e gestao;934;0
G02;316;316;0;titulo;b59a51ae;G02-A15;2026-06-11T01:06:17.000;feat(#316, #317): Implementação das Telas de Perfil do Parceiro e Gestão de Usuários;934;0
G02;317;317;0;titulo;27eb6219;G02-A15;2026-06-11T00:49:51.000;feat(#317): implementa Tela 9 (Gestão Interna de Usuários) pixel-perfect;299;0
G02;317;317;0;titulo;128e63a7;G02-A15;2026-06-11T01:06:17.000;feat(#316 #317): implementando telas de perfil e gestao;879;0
G02;317;317;0;titulo;8c623c98;G02-A15;2026-06-11T01:06:17.000;feat(#316 #317): implementando telas de perfil e gestao;934;0
G02;317;317;0;titulo;b59a51ae;G02-A15;2026-06-11T01:06:17.000;feat(#316, #317): Implementação das Telas de Perfil do Parceiro e Gestão de Usuários;934;0
G02;318;318;0;titulo;72ffe048;G02-A15;2026-06-11T11:42:11.000;feat(#318): cria tela de diretorio de parceiros;338;131
G02;319;319;0;titulo;bafd788c;G02-A15;2026-06-11T12:16:29.000;feat(#319): cria tela de configuracoes de perfil;171;103
G02;320;320;0;titulo;7be89106;G02-A15;2026-06-11T23:33:36.000;feat: implementa interface e componentes em alta fidelidade (#320);3472;1921
G02;320;320;0;titulo;ca86fedb;G02-A15;2026-06-11T23:55:27.000;feat(#320): integra modal de interacoes e tela de perfil ao backend;80;32
G02;320;320;0;titulo;edcc32aa;G02-A15;2026-06-11T23:56:12.000;feat(#320): integra busca de parceiros na tela de diretorio;36;28
G02;320;320;0;titulo;51b200e7;G02-A15;2026-06-12T00:02:33.000;feat(#320): implementa middleware de auth para visualizacao segura;9;1
G02;320;320;0;titulo;04570a67;G02-A15;2026-06-12T00:46:12.000;fix(#320): corrige sintaxe JS na tela de perfil do parceiro;2;0
G02;320;320;0;mensagem;a9969708;G02-A15;2026-06-12T10:07:39.000;fix(frontend): corrige mapeamento de campos do formulario de parceiro para a API;42;0
G02;326;326;0;titulo;a3148ad4;G02-A16;2026-06-11T12:25:33.000;feat(#326): cria a estrutura base da tela de boas-vindas no padrao do design system;15;22
G02;327;327;0;titulo;dce69478;G02-A16;2026-06-11T12:25:33.000;feat(#327): adiciona a identidade visual (logo e marca) a tela de boas-vindas;31;1
G02;328;328;0;titulo;a94fa178;G02-A16;2026-06-11T12:25:34.000;feat(#328): adiciona a saudacao e a mensagem de orientacao da tela de boas-vindas;17;1
G02;329;329;0;titulo;cc2eb83e;G02-A16;2026-06-11T12:25:34.000;feat(#329): adiciona os atalhos de navegacao e a responsividade a tela de boas-vindas;17;0
G02;330;330;0;titulo;2a206365;G02-A16;2026-06-11T15:53:25.000;feat(#330): cria a estrutura base da tela de solicitacoes pendentes (cabecalho e contador);10;178
G02;331;331;0;titulo;c21ac8a4;G02-A16;2026-06-09T14:31:45.000;docs: adiciona introducao a secao 5.1 #331;302;0
G02;331;331;0;titulo;cc05a8a4;G02-A16;2026-06-09T15:33:22.000;docs: adiciona introducao a secao 5.1 #331;4;0
G02;337;337;0;titulo;dc1e41fb;G02-A18;2026-06-10T11:48:40.000;fix(#337): altera partes do codigo para diminuir erros de code smell;209;89
G02;338;338;0;titulo;8580188f;G02-A18;2026-06-10T15:10:45.000;feat(#338): atualiza informacoes da secao 4.2;7;10
G02;340;340;0;titulo;de467c38;G02-A15;2026-06-11T00:12:36.000;refactor(#340): reduz debito tecnico e duplicaçao de codigo (DRY);181;170
G02;340;340;0;titulo;e63fd80c;G02-A15;2026-06-11T00:31:14.000;chore(#340): remove arquivos residuais e legados;0;3203
G02;344;344;0;titulo;1f03228c;G02-A18;2026-06-11T16:11:34.000;docs(#344): adiciona evolucao dos RNFs nas sprints 4 e 5, secao 3.1.3.3;121;0
G02;346;346;0;titulo;b30aa4c0;G02-A16;2026-06-11T15:53:26.000;feat(#346): adiciona os filtros de usina/regiao, status e tipo;17;0
G02;347;347;0;titulo;ab55502a;G02-A16;2026-06-11T15:53:27.000;feat(#347): estiliza os cards de solicitacao, badges e tabela de comparacao;34;0
G02;348;348;0;titulo;9d8214b8;G02-A16;2026-06-11T15:53:28.000;feat(#348): implementa a busca e a renderizacao dos cards de solicitacao;84;0
G02;349;349;0;titulo;5f852076;G02-A16;2026-06-11T15:53:29.000;feat(#349): adiciona as acoes de aprovar/rejeitar e o modal de justificativa;56;0
G02;350;350;0;titulo;828200fd;G02-A16;2026-06-11T15:53:30.000;feat(#350): adiciona os filtros funcionais e a responsividade;33;0
G02;354;354;0;titulo;842e3a3d;G02-A12;2026-06-12T19:59:27.000;docs(wad):adiciona fontes na secao 8 do wad(#354);30;0
G02;354;354;0;titulo;c5c7d241;G02-A12;2026-06-12T20:05:33.000;docs(wad):adiciona fontes usadas em toda a secao 6(#354);11;11
G02;355;355;0;titulo;73eb6332;G02-A19;2026-06-12T10:15:06.000;docs(wad): atualiza diagrama de arquitetura em camadas na secao 3.2.1 #355;0;0
G02;355;355;0;titulo;16fa0918;G02-A19;2026-06-12T10:21:44.000;docs(wad): atualiza descricao dos controllers na arquitetura em camadas #355;9;10
G02;355;355;0;titulo;c775d5e2;G02-A19;2026-06-12T11:12:55.000;docs(wad): atualiza descricao do service na arquitetura em camadas #355;8;6
G02;355;355;0;titulo;452771fd;G02-A19;2026-06-12T11:18:19.000;docs(wad): atualiza descricao do repository na arquitetura em camadas #355;4;6
G02;355;355;0;titulo;20dc6b38;G02-A19;2026-06-12T11:21:33.000;docs(wad): atualiza descricao do model na arquitetura em camadas #355;1;7
G02;355;355;0;titulo;771f4dfa;G02-A19;2026-06-12T11:25:55.000;docs(wad): atualiza descricao dos helpers na arquitetura em camadas #355;4;10
G02;356;356;0;titulo;83ea65cd;G02-A18;2026-06-12T10:40:00.000;fix(#356): expande secao 4.2;48;40
G02;356;356;0;titulo;536da9b7;G02-A18;2026-06-12T11:07:59.000;fix(#356): ajusta ortografia;3;3
G02;357;357;0;titulo;c532e9f9;G02-A15;2026-06-12T16:18:45.000;fix(#357): corrige gaps apontados no barema, ajusta gitignore e atinge 100% test coverage;10777;2351
G02;358;358;0;titulo;22808567;G02-A12;2026-06-12T14:04:02.000;docs(wad): adiciona e atualiza introducao da secao 3.7(#358);3;1
G02;358;358;0;titulo;64eec301;G02-A12;2026-06-12T14:05:13.000;docs(wad): adiciona tabela de endpoints secao 3.7(#358);17;14
G02;358;358;0;titulo;91c79594;G02-A12;2026-06-12T14:07:46.000;docs(wad): adiciona secao de autenticacao e autorizacao na secao 3.7(#358);8;1
G02;358;358;0;titulo;c951cfb1;G02-A12;2026-06-12T14:09:17.000;docs(wad): adiciona secao de codigos de status retornados na secao 3.7(#358);3;0
G02;359;359;0;titulo;b18efc22;G02-A12;2026-06-12T14:16:34.000;docs(wad): atualiza o codigo da documentacao da seção 3.7 na pasta index.html(#359);187;125
G02;360;360;0;titulo;aa0cea1a;G02-A19;2026-06-12T15:27:27.000;docs(wad): retira do diagrama de arquitetura em camadas as notificacoes #360;1;1
G02;360;360;0;titulo;50a1d47e;G02-A19;2026-06-12T15:29:53.000;docs(wad): retira da descricao do diagrama de arquitetura as notificacoes do service #360;1;3
G02;360;360;0;titulo;602fee81;G02-A19;2026-06-12T15:37:48.000;docs(wad): atualiza descricao do diagrama de classes arquitetural secao 3.2.3.1 #360;1;1
G02;360;360;0;titulo;ca0df409;G02-A19;2026-06-12T15:51:52.000;docs(wad): atualiza diagrama de classes arquitetural #360;0;0
G02;361;361;0;titulo;629526e5;G02-A18;2026-06-12T16:41:08.000;docs(#361): atualiza coluna de evidências da RTM na seção 3.9;10;10
G02;361;361;0;titulo;5a83b413;G02-A18;2026-06-12T17:02:29.000;docs(#361): corrige formatação e ortografia no WAD e README;3;5
G02;362;362;0;titulo;6185d358;G02-A16;2026-06-12T22:47:48.000;docs(#362): corrige chave primaria do DER para UUID;5;4
G02;363;363;0;titulo;196908a0;G02-A16;2026-06-12T23:03:55.000;docs(#363): adiciona relacionamentos faltantes na tabela 3.6.2.1;6;1
G02;363;363;0;titulo;9ae1047a;G02-A16;2026-06-12T23:10:16.000;fix(#363): restaura final do wad truncado (refs e anexos);7;1
G02;363;363;0;titulo;8ff71ff1;G02-A16;2026-06-12T23:48:19.000;docs(#363): corrige RTM (vinculo_unidade e remove texto-modelo);1;3
G02;364;364;0;titulo;8119e15d;G02-A16;2026-06-12T23:48:45.000;docs(#364): corrige header 5.1 duplicado e referencia de teste;3;3
G02;365;365;0;titulo;ea556a61;G02-A16;2026-06-12T23:49:14.000;docs(#365): corrige notacao do MER para Chen;2;2
G02;366;366;0;titulo;e5442c62;G02-A16;2026-06-12T23:49:50.000;docs(#366): atualiza status dos RF implementados;17;17
G02;367;367;0;titulo;5089a31c;G02-A18;2026-06-12T18:54:47.000;docs(#367): atualiza seção 3.2.7 com padrões da sprint 4;21;3
G02;368;368;0;titulo;8a0797f9;G02-A13;2026-06-12T21:41:16.000;docs(#368): atualiza seção 3.6.1 e corrige inconsistências na 3.6.2;13;5
G02;369;369;0;titulo;497c8fe5;G02-A12;2026-06-12T20:48:31.000;docs(wad): atualiza link da pages da secao 3.7 no index.html (#369);1;1
G02;370;370;0;titulo;138f3571;G02-A12;2026-06-12T21:13:45.000;fix(test): atualiza vulnerabilidade dos tests(#370);110;114
G02;371;371;0;titulo;93458305;G02-A12;2026-06-12T21:42:19.000;feat(migrations): atualiza tabelas 04, 05, 06, 07 do migration.sql(#371);31;4
G02;371;371;0;titulo;add3c8a5;G02-A12;2026-06-12T21:45:48.000;feat(migrations): alinha constraints das migrations ao código atual (#371);3;3
G02;372;372;0;titulo;cbb9ea6c;G02-A19;2026-06-12T23:08:13.000;docs(wad): atualiza modelo relacional conforme codigo atual do G01-A26 #372;21;1
G02;372;372;0;titulo;95fabd60;G02-A19;2026-06-12T23:12:50.000;docs(wad): atualiza descricao e relacoes entre tabelas do modelo relacional secao 3.6.3.1 #372;9;7
G02;372;372;0;titulo;0f3bd5de;G02-A19;2026-06-12T23:17:51.000;docs(wad): atualiza modelo fisico conforme a versao atual do G01-A26 #372;168;137
G02;372;372;0;titulo;b4e8e1a1;G02-A19;2026-06-12T23:19:48.000;docs(wad): atualiza descricao do modelo fisico e tabela de status #372;5;2
G02;372;372;0;titulo;94b8d87b;G02-A19;2026-06-12T23:22:42.000;docs(wad): atualiza secao 3.6.3.3 para refletir migrations 09 e 10 #372;5;5
G02;373;373;0;titulo;63700b12;G02-A12;2026-06-12T22:50:51.000;docs(wad): atualização da descrição do diagrama 01(#373);4;4
G02;373;373;0;titulo;6477f281;G02-A12;2026-06-12T22:52:20.000;docs(wad): atualização da descrição do diagrama 02(#373);6;4
G02;373;373;0;titulo;e2fd18d1;G02-A12;2026-06-12T22:54:08.000;docs(wad): atualização da descrição do diagrama 03(#373);6;6
G02;373;373;0;titulo;1b5944d6;G02-A12;2026-06-12T22:54:45.000;docs(wad): atualização da descrição do diagrama 04(#373);5;5
G02;373;373;0;titulo;ca19dbe6;G02-A12;2026-06-12T22:56:29.000;docs(wad): atualização da descrição do diagrama 05(#373);5;5
G02;373;373;0;titulo;748e751f;G02-A12;2026-06-12T22:57:16.000;docs(wad): atualização da descrição do diagrama 06(#373);5;5
G02;373;373;0;titulo;11d637eb;G02-A12;2026-06-12T22:58:00.000;docs(wad): atualização da descrição do diagrama 07(#373);5;5
G02;373;373;0;titulo;c85f97d5;G02-A12;2026-06-12T22:59:35.000;docs(wad): atualização da descrição do diagrama 08(#373);5;9
G02;373;373;0;titulo;71c4f955;G02-A12;2026-06-12T23:00:36.000;docs(wad): atualização da descrição do diagrama 09(#373);6;8
G02;373;373;0;titulo;4c7cdf2a;G02-A12;2026-06-12T23:01:56.000;docs(wad): atualização da descrição do diagrama 10(#373);5;7
G02;374;374;0;titulo;b7575684;G02-A15;2026-06-12T23:37:51.000;docs(#374): atualiza instrucoes de inicializacao do banco no README;17;3
G02;375;375;0;titulo;cb6c7649;G02-A15;2026-06-15T18:34:13.000;fix: extrai script inline para solicitacoes.js e resolve erro 404 (#375);216;217
G02;375;375;0;titulo;d77c6812;G02-A15;2026-06-15T21:39:28.000;fix: extrai script inline para solicitacoes.js e resolve erro 404 (Issue #375);216;217
G02;379;379;0;titulo;d4695564;G02-A15;2026-06-15T21:29:51.000;fix: injeta bearer token no cabecalho das requisicoes via ajax (Issue #379);51;24
G02;380;380;0;titulo;be86f34d;G02-A15;2026-06-15T21:29:52.000;fix: configura as origens permitidas no middleware cors global (Issue #380);3;2
G02;381;381;0;titulo;c9636bec;G02-A15;2026-06-15T21:29:54.000;fix: remove string secret de fallback do codigo-fonte (Issue #381);1;1
G02;382;382;0;titulo;1b920c2e;G02-A15;2026-06-15T19:08:07.000;refactor: uniformiza consumo de dados na view de diretorio (#382);202;203
G02;382;382;0;titulo;0bdab814;G02-A15;2026-06-15T21:39:30.000;refactor: uniformiza consumo de dados na view de diretorio (Issue #382);202;203
G02;383;383;0;titulo;53396506;G02-A15;2026-06-15T19:08:48.000;feat: implementa mascara e validacao regex para cpf/cnpj (#383);35;0
G02;383;383;0;titulo;5f5bdf46;G02-A15;2026-06-15T21:39:31.000;feat: implementa mascara e validacao regex para cpf/cnpj (Issue #383);35;0
G02;384;384;0;titulo;6347be0a;G02-A15;2026-06-15T20:29:32.000;feat: adicionar views e fluxos da persona Coordenador (Issue #384);23;6
G02;384;384;0;titulo;ce4e0066;G02-A15;2026-06-15T20:29:32.000;feat: adicionar views e fluxos da persona Coordenador (Issue #384);33;6
G02;386;386;0;titulo;ec1e3c04;G02-A15;2026-06-15T21:20:29.000;test: realiza testes de carga com artillery para capacidade e desempenho (Issue #386);7699;1720
G02;387;387;0;titulo;d8b071ce;G02-A15;2026-06-15T21:20:31.000;test: escreve testes e2e para o fluxo de cadastro e aprovacao (Issue #387);93;0
G02;388;388;0;titulo;0356f395;G02-A15;2026-06-15T21:20:32.000;test: eleva a cobertura de branch para 100% nos services (Issue #388);84;3
G02;388;388;0;titulo;63131eb8;G02-A15;2026-06-15T21:20:32.000;test: eleva a cobertura de branch para 100% nos services (Issue #388);78;2
G02;389;389;0;titulo;e84e2bf7;G02-A15;2026-06-15T22:56:40.000;docs: atualiza webapi e wad (Issue #389 a #394);335;75
G02;389;389;0;titulo;478179c8;G02-A15;2026-06-15T23:06:57.000;docs: atualiza metricas de testes no wad (Issue #389);2;2
G02;389;389;0;titulo;91595e75;G02-A15;2026-06-15T23:06:57.000;docs: atualiza metricas de testes no wad (Issue #389);2;2
G02;389;389;0;titulo;10512a2b;G02-A15;2026-06-15T23:19:40.000;docs: atualiza metricas de testes no wad (Issue #389);2;2
G02;390;390;0;titulo;c3e1459e;G02-A15;2026-06-15T23:06:57.000;docs: insere endpoint de alteracoes nas matrizes (Issue #390);2;0
G02;390;390;0;titulo;f16548b5;G02-A15;2026-06-15T23:06:57.000;docs: insere endpoint de alteracoes nas matrizes (Issue #390);2;0
G02;390;390;0;titulo;28beb01b;G02-A15;2026-06-15T23:19:40.000;docs: insere endpoint de alteracoes nas matrizes (Issue #390);2;0
G02;390;390;0;titulo;b40ce9e5;G02-A15;2026-06-15T23:19:40.000;docs: insere endpoint de alteracoes nas matrizes (Issue #390);2;1
G02;391;391;0;titulo;66ec6143;G02-A15;2026-06-15T23:06:58.000;docs: atualiza html da api com rota de alteracoes (Issue #391);41;0
G02;391;391;0;titulo;82836954;G02-A15;2026-06-15T23:06:58.000;docs: atualiza html da api com rota de alteracoes (Issue #391);41;0
G02;391;391;0;titulo;23c92f3a;G02-A15;2026-06-15T23:19:41.000;docs: atualiza html da api com rota de alteracoes (Issue #391);41;0
G02;391;391;0;titulo;6b314403;G02-A15;2026-06-15T23:19:41.000;docs: atualiza html da api com rota de alteracoes (Issue #391);41;0
G02;392;392;0;titulo;1c090ad1;G02-A15;2026-06-15T23:06:59.000;docs: atualiza link publico do gitlab pages no wad (Issue #392);2;1
G02;392;392;0;titulo;eae36e29;G02-A15;2026-06-15T23:06:59.000;docs: atualiza link publico do gitlab pages no wad (Issue #392);2;1
G02;392;392;0;titulo;41a926f5;G02-A15;2026-06-15T23:19:41.000;docs: atualiza link publico do gitlab pages no wad (Issue #392);2;1
G02;392;392;0;titulo;6dc63850;G02-A15;2026-06-15T23:19:41.000;docs: atualiza link publico do gitlab pages no wad (Issue #392);2;1
G02;392;392;0;titulo;a8fd3b0a;G02-A15;2026-06-22T16:12:47.000;docs: atualiza link publico do gitlab pages no wad (Issue #392);2;1
G02;393;393;0;titulo;24b64e48;G02-A15;2026-06-15T23:06:59.000;docs: padroniza imagens do wad com captions (Issue #393);288;72
G02;393;393;0;titulo;7d4c8e1e;G02-A15;2026-06-15T23:06:59.000;docs: padroniza imagens do wad com captions (Issue #393);288;72
G02;393;393;0;titulo;2e10baeb;G02-A15;2026-06-15T23:19:42.000;docs: padroniza imagens do wad com captions (Issue #393);69;69
G02;393;393;0;titulo;57c338d4;G02-A15;2026-06-15T23:19:42.000;docs: padroniza imagens do wad com captions (Issue #393);69;69
G02;394;394;0;titulo;e84e2bf7;G02-A15;2026-06-15T22:56:40.000;docs: atualiza webapi e wad (Issue #389 a #394);335;75
G02;394;394;0;titulo;1ad9c86a;G02-A15;2026-06-15T23:07:00.000;docs: ajusta readme com infos da sprint 5 (Issue #394);2;0
G02;394;394;0;titulo;a1035a88;G02-A15;2026-06-15T23:07:00.000;docs: ajusta readme com infos da sprint 5 (Issue #394);140;69
G02;394;394;0;titulo;a8a08f90;G02-A15;2026-06-15T23:07:00.000;docs: ajusta readme com infos da sprint 5 (Issue #394);2;0
G02;394;394;0;titulo;88a1fb60;G02-A15;2026-06-15T23:19:43.000;docs: ajusta readme com infos da sprint 5 (Issue #394);2;0
G02;394;394;0;titulo;905644d0;G02-A15;2026-06-15T23:19:43.000;docs: ajusta readme com infos da sprint 5 (Issue #394);2;0
G02;394;394;0;titulo;38222370;G02-A15;2026-06-22T16:12:35.000;docs: ajusta readme com infos da sprint 5 (Issue #394);2;0
G02;395;395;0;titulo;9e6371c2;G02-A15;2026-06-15T22:29:44.000;refactor: garante tipagem estrita nos repositorios e aplica padrao kebab-case nos arquivos orfaos (Issue #395, Issue #396);42;27
G02;395;395;0;titulo;c36961ff;G02-A15;2026-06-15T22:29:44.000;refactor: tipagem forte e kebab-case (Issue #395, Issue #396);42;27
G02;396;396;0;titulo;9e6371c2;G02-A15;2026-06-15T22:29:44.000;refactor: garante tipagem estrita nos repositorios e aplica padrao kebab-case nos arquivos orfaos (Issue #395, Issue #396);42;27
G02;396;396;0;titulo;c36961ff;G02-A15;2026-06-15T22:29:44.000;refactor: tipagem forte e kebab-case (Issue #395, Issue #396);42;27
G02;399;399;0;titulo;dd57e33a;G02-A13;2026-06-22T15:15:37.000; docs(wad): adiciona paragrafo introdutorio da secao 07(#399);2;6
G02;401;401;0;titulo;9efef51f;G02-A16;2026-06-21T18:44:25.000;feat: adiciona aprovarCadastro no ParceiroService (#401);54;1
G02;401;401;0;titulo;4db1acc1;G02-A16;2026-06-21T18:45:43.000;feat: expoe rota PATCH /parceiros/:id/aprovacao (#401);20;0
G02;401;401;0;titulo;93effeb2;G02-A16;2026-06-21T18:49:37.000;feat: lista cadastros pendentes com aprovar/recusar na tela (#401);71;26
G02;401;401;0;titulo;6ff3412d;G02-A16;2026-06-21T18:52:08.000;test: cobre aprovacao e recusa de cadastro (#401);114;0
G02;402;402;0;titulo;41eb458f;G02-A16;2026-06-21T20:05:24.000;feat: adiciona atualizar no VinculoRepository e DadosAgricolasRepository (#402);93;5
G02;402;402;0;titulo;1fb6fe47;G02-A16;2026-06-21T20:06:51.000;feat: adiciona atualizarVinculo no VinculoService (#402);61;1
G02;402;402;0;titulo;05a1c706;G02-A16;2026-06-21T20:08:32.000;feat: expoe rota PATCH /parceiros/:id/vinculos/:vinculoId (#402);42;1
G02;402;402;0;titulo;bd7d9a41;G02-A16;2026-06-21T20:09:38.000;feat: edita vinculo e dados agricolas na tela de edicao (#402);25;6
G02;402;402;0;titulo;77516c78;G02-A16;2026-06-21T20:14:18.000;test: cobre edicao de vinculo e preservacao de campos (#402);168;3
G02;413;413;0;titulo;72271ae8;G02-A18;2026-06-22T09:21:35.000;docs(#413): ajustes pontuais de coerencia do documento;15;15
G02;414;414;0;titulo;8e1d7073;G02-A12;2026-06-23T22:30:22.000;docs(wad): preenche priorização de melhorias na secao 5.2 (#414);36;0
G02;416;416;0;titulo;26cd98b6;G02-A12;2026-06-23T20:33:14.000;test(webapi): adiciona correcoes para suite automatizada (#416);206;68
G02;416;416;0;titulo;519afbf0;G02-A12;2026-06-24T13:58:49.000;fix(webapi): remove duplicidade na aprovacao de cadastro (#416);0;60
G02;417;417;0;titulo;53e80a17;G02-A14;2026-06-22T15:37:46.000;hotfix(#417): valida decisao em aprovarCadastro e impede recusa silenciosa;4;0
G02;417;417;0;titulo;c372bd66;G02-A14;2026-06-22T15:38:09.000;hotfix(#417): cobre com teste a decisao invalida em aprovarCadastro;13;0
G02;417;417;0;titulo;9e75e500;G02-A14;2026-06-22T16:09:47.000;test(#417): adiciona testes de integracao do endpoint PATCH /parceiros/:id/aprovacao;101;0
G02;417;417;0;titulo;19bf1e4f;G02-A14;2026-06-22T16:24:31.000;test(#417): cobre POST /auth/recuperar-senha (200 com e-mail, 400 sem e-mail);20;0
G02;417;417;0;titulo;68bd4a16;G02-A14;2026-06-22T16:24:57.000;test(#417): cobre POST /auth/logout (200 e encerra a sessao);11;0
G02;417;417;0;titulo;944de812;G02-A14;2026-06-22T16:26:06.000;test(#417): cobre GET /parceiros/alteracoes (200 admin, 403 nao-admin);29;0
G02;418;418;0;titulo;761762c2;G02-A16;2026-06-22T15:12:15.000;feat: torna regiao_id opcional em unidade (#418);2;0
G02;418;418;0;titulo;f15ba432;G02-A16;2026-06-22T15:13:46.000;feat: popula usinas reais no seed (#418);10;12
G02;418;418;0;titulo;890124aa;G02-A16;2026-06-22T15:15:22.000;feat: expoe GET /api/unidades (#418);49;0
G02;418;418;0;titulo;9132a1b2;G02-A16;2026-06-22T15:17:55.000;feat: carrega usinas e seleciona a salva no form (#418);25;5
G02;418;418;0;titulo;b8bb04d6;G02-A16;2026-06-22T15:19:49.000;test: cobre listagem de usinas e troca de unidade (#418);73;0
G02;418;418;0;titulo;e1491628;G02-A16;2026-06-22T15:44:50.000;feat: filtra parceiros por usina na listagem (#418);13;9
G02;418;418;0;titulo;d64d2209;G02-A16;2026-06-22T15:45:57.000;feat: filtro de usinas no diretorio de parceiros (#418);23;19
G02;418;418;0;titulo;7811bdfb;G02-A16;2026-06-23T13:35:28.000;fix: restaura listarSolicitacoesPendentes no mock apos merge (#418);1;0
G02;420;420;0;titulo;379e06a6;G02-A15;2026-06-22T15:27:59.000;refactor: aplica correcoes do code review no repository e wad (Issue #420);11;11
G02;420;420;0;titulo;097716d3;G02-A15;2026-06-22T15:29:24.000;feat: restringe listarSolicitacoesPendentes apenas para administrador (Issue #420);6;13
G02;420;420;0;titulo;d7248089;G02-A15;2026-06-22T15:32:54.000;fix: aplica fail-fast na variavel de ambiente do CORS e arruma setup de teste (Issue #420);8;4
G02;420;420;0;titulo;427478c6;G02-A15;2026-06-22T15:36:09.000;fix: centraliza listener de logout e valida resposta de alteracoes (Issue #420);4;23
G02;420;420;0;titulo;51aa84e4;G02-A15;2026-06-22T15:41:16.000;docs: preenche secoes 5.2 e conclusoes e atualiza readme (Issue #420);17;4
G02;420;420;0;titulo;8c513509;G02-A15;2026-06-22T16:12:08.000;fix: aplica fail-fast na variavel de ambiente do CORS e arruma setup de teste (Issue #420);8;4
G02;420;420;0;titulo;bab06861;G02-A15;2026-06-22T16:12:13.000;refactor: aplica correcoes do code review no repository e wad (Issue #420);11;11
G02;420;420;0;titulo;1b56baff;G02-A15;2026-06-22T16:12:18.000;test: eleva a cobertura de branch para 100% nos services (Issue #420);84;3
G02;420;420;0;titulo;9c7183e0;G02-A15;2026-06-22T16:12:25.000;docs: preenche secoes 5.2 e conclusoes e atualiza readme (Issue #420);17;4
G02;420;420;0;titulo;e61959b9;G02-A15;2026-06-22T16:12:54.000;feat: restringe listarSolicitacoesPendentes apenas para administrador (Issue #420);6;13
G02;420;420;0;titulo;9251b2f5;G02-A15;2026-06-22T16:13:02.000;fix: centraliza listener de logout e valida resposta de alteracoes (Issue #420);4;23
G02;420;420;0;titulo;54f278ea;G02-A15;2026-06-23T16:08:12.000;docs(#420): atualiza api, wad e soluciona conflitos de merge;132;391
G02;425;425;0;titulo;206e058c;G02-A19;2026-06-23T19:08:00.000;docs(wad): padroniza etapas da tarefa 1 na secao de testes de guerrilha (5.2.1) #425;4;4
G02;425;425;0;titulo;6300ebd9;G02-A19;2026-06-23T19:10:22.000;docs(wad): padroniza etapas da tarefa 2 na secao de testes de guerrilha (5.2.1) #425;3;3
G02;425;425;0;titulo;7137aeb2;G02-A19;2026-06-23T19:11:40.000;docs(wad): padroniza etapas da tarefa 3 na secao de testes de guerrilha (5.2.1) #425;3;3
G02;425;425;0;titulo;cba78965;G02-A19;2026-06-23T19:14:20.000;docs(wad): corrige nomenclatura do curso de administracao nos testes de guerrilha (5.2.1) #425;5;5
G02;428;428;0;titulo;298e6e15;G02-A19;2026-06-23T15:08:17.000;docs(wad): adiciona introducao da secao de testes de usabilidade (5.2) #428;4;0
G02;428;428;0;titulo;f1c948ca;G02-A19;2026-06-23T15:17:08.000;docs(wad): adiciona introducao de testes de guerrilha da secao 5.2.1 #428;3;1
G02;428;428;0;titulo;c60c7765;G02-A19;2026-06-23T15:25:33.000;docs(wad): adiciona documentacao da tarefa de cadastro de parceiro nos testes de guerrilha (5.2.1) #428;24;0
G02;428;428;0;titulo;b8e6edbc;G02-A19;2026-06-23T15:28:19.000;docs(wad): adiciona tarefa de registro de interação nos testes de guerrilha (5.2.1) #428;23;0
G02;428;428;0;titulo;eb679c9b;G02-A19;2026-06-23T15:29:33.000;docs(wad): adiciona tarefa de visualizacao de perfil nos testes de guerrilha (5.2.1) #428;21;0
G02;431;431;0;titulo;b4e1606c;G02-A19;2026-06-23T21:53:41.000;docs(wad): ajusta terminologia e resultados na seção 5.2.1 #431;10;9
G02;433;433;0;titulo;1d3061c5;G02-A16;2026-06-23T15:01:26.000;feat: adiciona colunas empresa, data_nascimento, endereco em parceiro (#433);3;0
G02;433;433;0;titulo;5d8f5983;G02-A16;2026-06-23T15:01:48.000;feat: adiciona campos extras nos models do parceiro (#433);9;0
G02;433;433;0;titulo;125b85e0;G02-A16;2026-06-23T15:02:04.000;feat: persiste e retorna campos extras no ParceiroRepository (#433);8;2
G02;433;433;0;titulo;2fe1cab4;G02-A16;2026-06-23T15:02:50.000;feat: trata campos extras no cadastro e edicao (#433);17;4
G02;433;433;0;titulo;77d7bd66;G02-A16;2026-06-23T15:04:14.000;feat: le campos extras do payload no controller (#433);14;3
G02;433;433;0;titulo;d3b9aaf2;G02-A16;2026-06-23T15:04:33.000;feat: pre-preenche campos extras no form de edicao (#433);4;0
G02;433;433;0;titulo;fd3a781d;G02-A16;2026-06-23T15:05:37.000;test: cobre persistencia dos campos extras (#433);85;0
G02;433;433;0;titulo;a850e22f;G02-A16;2026-06-23T21:16:04.000;fix: reconcilia parceiro.service e corrige import apos merge (#433);59;2
G02;433;433;0;titulo;40325964;G02-A16;2026-06-24T12:17:25.000;fix: remove alteracao acidental no wad.md (#433);76;1
G02;433;433;0;titulo;b954d000;G02-A16;2026-06-24T12:19:22.000;feat: valida data_nascimento no cadastro e edicao (#433);51;0
G02;433;433;0;titulo;34e31897;G02-A16;2026-06-24T12:20:45.000;feat: persiste campos extras tambem na importacao (#433);70;2
G02;434;434;0;titulo;6256f5d9;G02-A13;2026-06-23T15:19:27.000;docs(wad):adiciona resumo da sprint 01 e 02 a secao 07 #434;8;0
G02;434;434;0;titulo;7a0143e2;G02-A13;2026-06-23T15:20:43.000;docs(wad):adiciona resumo da sprint 03 e 04 a secao 07 #434;5;1
G02;435;435;0;titulo;8af49ba7;G02-A15;2026-06-23T15:17:59.000;fix: corrige alinhamento da sidebar e sobreposicao de fundo (Issue #435);7;1
G02;436;436;0;titulo;a8e54701;G02-A13;2026-06-25T10:49:11.000;docs(wad): corrige secao 7 e retira nome da sprint para coerencia com o wad (#436);3;5
G02;437;437;0;titulo;0e39684c;G02-A12;2026-06-23T19:49:35.000;docs(wad): detalhe estrategia de testes (#437);2;2
G02;437;437;0;titulo;75bde2d8;G02-A12;2026-06-23T19:51:46.000;docs(wad): descreva testes unitarios de service (#437);3;3
G02;437;437;0;titulo;09b48b76;G02-A12;2026-06-23T19:53:15.000;docs(wad): documente integracao de endpoints (#437);2;1
G02;437;437;0;titulo;ba3e9121;G02-A12;2026-06-23T20:16:35.000;docs(wad): registre evidencias de execucao (#437);23;10
G02;437;437;0;titulo;acd8baed;G02-A12;2026-06-23T20:33:28.000;docs(wad): registra evidencias da suite de testes (#437);13;23
G02;437;437;0;titulo;d5d21018;G02-A12;2026-06-24T13:59:15.000;docs(wad): restaura testes de usabilidade (#437);132;9
G02;438;438;0;titulo;d562ef53;G02-A12;2026-06-23T22:32:56.000;docs(wad): adiciona introdução da seção 5.2.2 (#438);5;1
G02;438;438;0;titulo;00691468;G02-A12;2026-06-23T22:33:52.000;docs(wad): lista questões aplicadas na seção 5.2.2.1 (#438);17;0
G02;438;438;0;titulo;09efc08c;G02-A12;2026-06-23T22:34:44.000;docs(wad): descreve metodologia da seção 5.2.2.2 (#438);10;0
G02;438;438;0;titulo;72167c3f;G02-A12;2026-06-23T22:35:25.000;docs(wad): adiciona resultados da seção 5.2.2.3 (#438);29;0
G02;438;438;0;titulo;7a22eadd;G02-A12;2026-06-23T22:35:59.000;docs(wad): analisa médias da seção 5.2.2.4 (#438);17;0
G02;438;438;0;titulo;d8e7db22;G02-A12;2026-06-23T22:37:18.000;docs(wad): adiciona interpretacao dos resultados da seção 5.2.2.5 (#438);10;0
G02;438;438;0;titulo;07690128;G02-A12;2026-06-24T14:19:40.000;docs(wad): ajusta redação dos testes SUS (#438);9;7
G02;439;439;0;titulo;82deb2f3;G02-A16;2026-06-23T21:34:57.000;fix: restaura rota e controller de aprovarCadastro apos merge (#439);64;0
G02;441;441;0;titulo;8d990978;G02-A18;2026-06-24T12:36:13.000;fix(#441): adiciona versao final do guia de estilo;0;0
G02;443;443;0;titulo;5e5dbbac;G02-A14;2026-06-24T15:03:30.000;docs(#443): Corrigi conflito de branch;636;94
G02;444;444;0;titulo;8ec88399;G02-A19;2026-06-24T18:18:08.000;docs(wad): corrige nome do G01-A26 para IluminAtvos #444;6;6
G02;444;444;0;titulo;1f23077d;G02-A19;2026-06-24T18:22:03.000;docs(wad): corrige hierarquia de titulos da secao 3.6 #444;9;9
G02;444;444;0;titulo;f0119093;G02-A19;2026-06-24T18:25:43.000;docs(wad): corrige formatacao de backticks em endpoint PATCH #444;1;1
G02;444;444;0;titulo;f107ea17;G02-A19;2026-06-24T18:28:07.000;docs(wad): corrige formatação de backticks em endpoint POST #444;1;1
G02;444;444;0;titulo;68b85feb;G02-A19;2026-06-24T18:34:19.000;docs(wad): remove referencia a diretorio vazio src/tests/archived #444;1;1
G02;444;444;0;titulo;ce254603;G02-A19;2026-06-24T18:42:01.000;docs(wad): corrige caminho de diretorio de testes de src/services/__tests__ para src/tests #444;1;1
G02;445;445;0;titulo;8ddb8a76;G02-A12;2026-06-24T15:08:53.000;docs(wad): corrige links do documento (#445);2;2
G02;445;445;0;titulo;82af7d25;G02-A12;2026-06-24T15:14:01.000;docs(wad): corrige texto em proposta, riscos e RNFs (#445);10;10
G02;445;445;0;titulo;0fbe00b3;G02-A12;2026-06-24T15:15:38.000;docs(wad): atualiza pendência de notificação nos RNFs (#445);2;2
G02;445;445;0;titulo;2c3dfb2b;G02-A12;2026-06-24T15:31:45.000;docs(wad): corrige numeração da arquitetura (#445);3;3
G02;447;447;0;titulo;0d62bead;G02-A16;2026-06-24T19:03:12.000;fix(#447): atualiza vinculo sem exigir dados agricolas;666;629
G02;447;447;0;titulo;e43ba8f0;G02-A16;2026-06-24T19:03:12.000;fix(#447): preenche vinculo sem dados agricolas no perfil;133;92
G02;447;447;0;titulo;1c72f807;G02-A16;2026-06-24T19:03:13.000;fix(#447): deixa area potencial somente leitura;414;414
G02;447;447;0;titulo;545919c7;G02-A16;2026-06-24T19:03:13.000;fix(#447): evita duplicar vinculo na edicao do formulario;8;3
G02;447;447;0;titulo;611a3cf2;G02-A16;2026-06-24T19:03:13.000;feat(#447): salva observacoes alteradas na edicao;9;0
G02;447;447;0;titulo;e91e31fa;G02-A16;2026-06-24T19:03:13.000;feat(#447): retorna ultima observacao no perfil;22;2
G02;447;447;0;titulo;11a11278;G02-A16;2026-06-24T19:59:41.000;feat(#447): persiste area potencial do vinculo;84;14
G02;447;447;0;titulo;7318bfb3;G02-A16;2026-06-24T20:09:33.000;docs(#447): comenta area potencial do vinculo;4;0
G02;447;447;0;titulo;54c3bf07;G02-A16;2026-06-24T21:18:08.000;feat(#447): exige aprovacao para campos do vinculo;227;17
G02;447;447;0;titulo;c27d759d;G02-A16;2026-06-24T21:18:35.000;fix(#447): evita salvar campos do vinculo direto na edicao;6;13
G02;447;447;0;titulo;7e1a780b;G02-A16;2026-06-24T21:19:24.000;test(#447): cobre aprovacao de campos do vinculo;79;0
G02;448;448;0;titulo;2a1464bc;G02-A16;2026-06-24T19:03:11.000;fix(#448): normaliza payload opcional de dados agricolas;4;4
G02;448;448;0;titulo;81994b44;G02-A16;2026-06-24T19:03:11.000;feat(#448): permite criar vinculo sem dados agricolas;539;499
G02;448;448;0;titulo;241f0d95;G02-A16;2026-06-24T19:03:12.000;feat(#448): persiste vinculo e comentario no cadastro;400;368
G02;448;448;0;titulo;aa45d00e;G02-A16;2026-06-24T19:03:12.000;feat(#448): registra observacoes como comentarios;247;0
G02;452;452;0;titulo;7e715532;G02-A13;2026-06-25T10:46:55.000;docs(wad): adiciona trabalhos futuros na conclusao da secao 7 (#452) (#453);3;0
G02;453;453;0;titulo;90f2c30c;G02-A13;2026-06-25T10:44:15.000;docs(wad): avalia objetivos, pontos fortes e limitacoes na secao 7 (#453);3;0
G02;453;453;0;titulo;7e715532;G02-A13;2026-06-25T10:46:55.000;docs(wad): adiciona trabalhos futuros na conclusao da secao 7 (#452) (#453);3;0
G02;454;454;0;titulo;f5939e2d;G02-A19;2026-06-25T11:34:19.000;docs(wad): atualizar RF e RN do WAD conforme implementação atual do codigo #454;23;13
G02;454;454;0;titulo;f4bffa9a;G02-A19;2026-06-25T11:49:37.000;docs(wad): atualiza RF e RN do codigo atual #454;5;6
G02;455;455;0;titulo;9a943416;G02-A18;2026-06-25T11:25:56.000;docs(#455): corrige endpoints e matrizes de rastreabilidade;21;12
G02;455;455;0;titulo;a6f2b816;G02-A18;2026-06-25T11:52:26.000;docs(#455): atualiza endpoints e arquitetura alinhados ao código main;11;12
G02;455;455;0;titulo;68083e43;G02-A18;2026-06-25T11:59:32.000;docs(#455): corrige referencias de endpoint regiao para unidade_id;3;3
G02;456;456;0;titulo;a3c0f107;G02-A14;2026-06-25T14:15:06.000;docs(#456): corrigi a alteração do codigo;48;10
G02;456;456;0;titulo;a739381d;G02-A14;2026-06-25T14:41:35.000;docs(#456): altera a requisão de obrigação dos parceiros;2;2
G02;456;456;0;titulo;7c6fc706;G02-A14;2026-06-25T15:03:00.000;fix(#456): corrige hover do botao primario que continuava verde;1;1
G02;456;456;0;titulo;1c3e2edf;G02-A14;2026-06-25T15:03:30.000;fix(#456): corrige fundo verde do item ativo/hover da sidebar;1;1
G02;456;456;0;titulo;ce4ecd6d;G02-A14;2026-06-25T15:03:46.000;fix(#456): corrige anel de foco e realce verdes nos formularios;2;2
G02;456;456;0;titulo;2c16f25d;G02-A14;2026-06-25T15:04:03.000;fix(#456): corrige anel de foco verde nos campos do diretorio;2;2
G02;456;456;0;titulo;faede8b1;G02-A14;2026-06-25T15:04:19.000;fix(#456): corrige cabecalho verde da tabela de solicitacoes;2;2
G02;456;456;0;titulo;95ce5f53;G02-A14;2026-06-25T15:04:41.000;docs(#456): atualiza guia de cores (3.4.1) para a paleta Azul Atvos;2;2
G02;456;456;0;titulo;42b3f574;G02-A14;2026-06-25T16:58:00.000;fix(#456): ajusta tipos do payload de vinculo para destravar suites de teste;6;4
G02;456;456;0;titulo;41d15227;G02-A14;2026-06-25T16:59:39.000;test(#456): adiciona testes unitarios do helper utils;153;0
G02;456;456;0;titulo;5c2f202e;G02-A14;2026-06-25T17:00:42.000;test(#456): cobre endpoint POST /parceiros/:id/comentarios na suite de integracao;65;0
G02;456;456;0;titulo;200185a4;G02-A14;2026-06-25T17:01:21.000;test(#456): cobre endpoint PATCH /parceiros/:id/vinculos/:vinculoId na suite de integracao;70;0
G02;456;456;0;titulo;dd2e8005;G02-A14;2026-06-25T17:02:33.000;test(#456): cobre endpoint GET /unidades na suite de integracao;55;0
G02;456;456;0;titulo;2d7ff2b2;G02-A12;2026-06-25T23:11:59.000;docs(wad): atualiza secao 5.1 dos testes automatizados (#456);41;31
G02;458;458;0;titulo;1af83917;G02-A13;2026-06-25T14:05:56.000;refactor(css): aplica novas cores do figma no css (#458);5;4
G02;459;459;0;titulo;7bb30b9e;G02-A16;2026-06-25T13:59:57.000;fix(#459): trata observacoes gerais como campo unico;61;7
G02;462;462;0;titulo;d60ae900;G02-A18;2026-06-25T14:21:25.000;docs(#462): atualiza textos do MER e DER alinhados ao código main e MR;12;14
G02;463;463;0;titulo;6c0c8346;G02-A19;2026-06-25T14:48:45.000;docs(wad): alinha WAD com regras de negocio implementadas #463;24;24
G02;466;466;0;titulo;864ec872;G02-A16;2026-06-25T16:19:57.000;fix(#466): corrige acentos na tela de solicitacoes;11;11
G02;466;466;0;titulo;0bafacaf;G02-A16;2026-06-25T16:25:22.000;fix(#466): restringe solicitacoes ao administrador;18;12
G02;466;466;0;titulo;a24d85b2;G02-A14;2026-06-25T17:28:54.000;fix(#466): ajusta tipos do payload de vinculo para destravar suites de teste;6;4
G02;466;466;0;titulo;6935d6c0;G02-A16;2026-06-26T21:44:38.000;docs(#466): atualiza link do video de demonstracao;1;1
G02;467;467;0;titulo;4340cc8d;G02-A15;2026-06-25T15:41:37.000;docs(#467): converte diagramas de caso de uso para mermaid;437;26
G02;467;467;0;titulo;76eb4715;G02-A15;2026-06-25T15:41:37.000;docs(#467): converte diagramas de caso de uso para mermaid;437;26
G02;467;467;0;titulo;f6b9c651;G02-A15;2026-06-25T15:41:51.000;docs(#467): converte diagramas de sequencia para mermaid;449;18
G02;467;467;0;titulo;feef7f50;G02-A15;2026-06-25T15:41:51.000;docs(#467): converte diagramas de sequencia para mermaid;449;18
G02;467;467;0;titulo;41fe3cba;G02-A15;2026-06-25T15:42:05.000;docs(#467): converte diagramas de arquitetura e er para mermaid;520;5
G02;467;467;0;titulo;d5287308;G02-A15;2026-06-25T15:42:05.000;docs(#467): converte diagramas de arquitetura e er para mermaid;520;5
G02;467;467;0;titulo;37c9a05b;G02-A15;2026-06-25T15:56:22.000;docs(#467): converte modelo relacional para mermaid;33;3
G02;467;467;0;titulo;9f3c4d86;G02-A15;2026-06-25T15:56:22.000;docs(#467): converte modelo relacional para mermaid;33;3
G02;467;467;0;titulo;623b6957;G02-A15;2026-06-25T16:03:05.000;fix(#467): corrige renderizacao markdown do diagrama arquitetural;3;0
G02;467;467;0;titulo;f4f9de72;G02-A15;2026-06-25T16:03:05.000;fix(#467): corrige renderizacao markdown do diagrama arquitetural;3;0
G02;467;467;0;titulo;9a3505af;G02-A15;2026-06-25T16:07:58.000;fix(#467): corrige renderizacao markdown dos diagramas ER;2;0
G02;467;467;0;titulo;e40f6baf;G02-A15;2026-06-25T16:07:58.000;fix(#467): corrige renderizacao markdown dos diagramas ER;2;0
G02;467;467;0;titulo;9c6a4ba3;G02-A15;2026-06-25T16:11:28.000;fix(#467): corrige formatacao markdown dos blocos sql do modelo fisico;22;1
G02;467;467;0;titulo;f9e3dec8;G02-A15;2026-06-25T16:11:28.000;fix(#467): corrige formatacao markdown dos blocos sql do modelo fisico;22;1
G02;467;467;0;titulo;42c25f87;G02-A15;2026-06-25T16:19:08.000;fix(#467): remove imagens orfas e corrige duplicacao da figura 68;1;21
G02;467;467;0;titulo;a8e6d9b9;G02-A15;2026-06-25T16:37:04.000;fix(#467): reverte mermaid do modelo relacional para formato de imagem;22;32
G02;467;467;0;titulo;bfe0e0be;G02-A15;2026-06-25T17:07:37.000;fix(#467): corrige renderizacao da tag de fonte nos diagramas 08 20 e 21;7;9
G02;468;468;0;titulo;37f31b91;G02-A18;2026-06-25T14:53:10.000;docs(#468): atualiza texto diagrama de classes arquitetural e domínio;13;3
G02;468;468;0;titulo;8eb75a96;G02-A18;2026-06-25T15:07:23.000;docs(#468): atualiza textos dos diagramas de sequencia UML e tabela de resumo;8;4
G02;469;469;0;titulo;302c2aa2;G02-A19;2026-06-25T15:08:12.000;feat(db): alinha migracao de parceiro com modelo atual #469;3;0
G02;469;469;0;titulo;c66e8771;G02-A19;2026-06-25T15:10:05.000;feat(db): alinha migracao de vinculo com modelo atual #469;11;10
G02;469;469;0;titulo;bfdb9c5c;G02-A19;2026-06-25T15:11:35.000;feat(db): alinha migração de interações com validação atual #469;1;1
G02;469;469;0;titulo;5c894f7f;G02-A19;2026-06-25T15:14:09.000;feat(db): alinha migracao de solicitacoes com fluxo de aprovacao #469;7;2
G02;469;469;0;titulo;51d7a0bc;G02-A19;2026-06-25T15:15:37.000;feat(db): alinha migracao de auditoria com registros atuais #469;2;7
G02;469;469;0;titulo;fc24fc06;G02-A19;2026-06-25T15:16:41.000;feat(db): alinha migracao de comentarios com regra atual #469;2;1
G02;469;469;0;titulo;c1e60cde;G02-A19;2026-06-25T15:18:20.000;feat(db): alinha ajuste de auditoria com esquema atual #469;6;8
G02;469;469;0;titulo;c7f75723;G02-A19;2026-06-25T15:19:28.000;feat(db): torna migracao de campos extras do parceiro idempotente #469;3;3
G02;469;469;0;titulo;0c12e759;G02-A19;2026-06-25T15:20:25.000;feat(db): alinha migracoes com esquema atual do sistema #469;13;3
G02;470;470;0;titulo;f4dd66f3;G02-A18;2026-06-25T15:24:56.000;docs(#470): corrige finalidade endpoint perfil e adiciona RF019 na RTM;2;1
G02;471;471;0;titulo;c4de8c11;G02-A19;2026-06-25T15:42:33.000;docs(wad): atualiza texto de introducao e parte do modelo fisico #471;443;2
G02;471;471;0;titulo;e5b52196;G02-A19;2026-06-25T15:45:24.000;docs(wad): arruma parte desatualizada do codigo do modelo fisico #471;0;228
G02;471;471;0;titulo;642a8964;G02-A19;2026-06-25T15:58:42.000;docs(wad): atualiza imagem do modelo relacional para a versao atual do migration #471;21;1
G02;471;471;0;titulo;5bc6507d;G02-A19;2026-06-25T16:07:59.000;docs(wad): atualiza texto de introducao do modelo relacional #471;16;18
G02;472;472;0;titulo;3fabcdd5;G02-A18;2026-06-25T15:50:00.000;docs(#472): corrige referencia regiao para usina no texto do wireframe;2;2
G02;472;472;0;titulo;6688645d;G02-A18;2026-06-25T15:53:30.000;docs(#472): atualiza texto descritivo das telas no prototipo de alta fidelidade;4;4
G02;473;473;0;titulo;53b0d523;G02-A12;2026-06-25T20:18:18.000;docs(wad): remover marcadores de sprint dos titulos (#473);48;48
G02;473;473;0;titulo;1afee853;G02-A12;2026-06-25T20:21:32.000;docs(readme): remover marcadores de sprint (#473);5;6
G02;474;474;0;titulo;5c557016;G02-A19;2026-06-25T17:08:37.000;docs(wad): atualiza texto de diagrama de arquitetura secao 3.2.1 #474;11;62
G02;476;476;0;titulo;24c04f7a;G02-A18;2026-06-25T18:00:39.000;docs(#476): preenche secao 4.3 versao final da aplicacao web sprint 5;45;1
G02;476;476;0;titulo;de435a9b;G02-A18;2026-06-25T19:54:23.000;docs(#476): adiciona imagem a secao 4.3;6;0
G02;477;477;0;titulo;2de355d2;G02-A19;2026-06-25T18:13:13.000;docs(wad): atualiza arquitetura em camadas conforme codigo atual #477;2;1
G02;477;477;0;titulo;4c48975c;G02-A19;2026-06-25T18:25:31.000;docs(wad): atualiza imagem do diagrama de classes arquitetural #477;0;0
G02;477;477;0;titulo;a415b770;G02-A19;2026-06-25T18:37:52.000;docs(wad): atualiza texto de diagrama de classes arquitetural secao 3.2.3.1 #477;1;1
G02;478;478;0;titulo;606b7f48;G02-A12;2026-06-25T19:48:03.000;docs(wad): adicionar imagem dos testes de usabilidade (#478);6;0
G02;478;478;0;titulo;cff0db8a;G02-A12;2026-06-25T19:50:35.000;docs(wad): adiciona link da planilha de testes (#478);6;0
G02;478;478;0;titulo;3dc20ff5;G02-A12;2026-06-25T19:55:23.000;docs(wad): atualizar tarefas 1 2 e 3 da seção 5.2 (#478);3;3
G02;481;481;0;titulo;422efc19;G02-A12;2026-06-25T23:11:59.000;docs(wad): atualiza secao 5.1 dos testes automatizados (#481);41;31
G02;482;482;0;titulo;658f8964;G02-A15;2026-06-25T20:58:35.000;refactor(#482): substitui console.log por logger global e conserta mocks de teste;25;11
G02;483;483;0;titulo;dbc070c7;G02-A19;2026-06-25T20:57:46.000;docs(wad): atualiza modelo fisico #483;1;29
G02;484;484;0;titulo;69ad653a;G02-A18;2026-06-25T21:05:03.000;docs(#484): corrige inconsistencias de alta prioridade no wad;19;11
G02;484;484;0;titulo;9ce81035;G02-A18;2026-06-25T21:09:14.000;docs(#484): corrige nomenclatura e inconsistencias estruturais no wad;15;15
G02;484;484;0;titulo;d1f572f1;G02-A18;2026-06-25T21:11:21.000;docs(#484): remove link duplicado e corrige persona de aprovacao no wad;1;2
G02;485;485;0;titulo;bdf298d7;G02-A15;2026-06-25T21:15:32.000;chore(#485): remove package-lock.json do versionamento e arquivos temporarios da raiz;0;16647
G02;486;486;0;titulo;50ddeae1;G02-A19;2026-06-25T21:16:42.000;docs(wad): atualiza texto e diagrama de arquitetura em camadas secao 3.2.1 #486;14;171
G02;486;486;0;titulo;c4413ab0;G02-A19;2026-06-25T21:23:10.000;docs(wad): atualiza diagrama de classes arquitetural e seus respectivos textos #486;3;256
G02;487;487;0;titulo;1afdbadb;G02-A15;2026-06-25T21:43:09.000;chore(#487): reestrutura a raiz e adequa readme aos criterios do pmo;36;34
G02;487;487;0;titulo;e315d775;G02-A15;2026-06-25T21:43:09.000;chore(#487): reestrutura a raiz e adequa readme aos criterios do pmo;14899;34
G02;487;487;0;titulo;f4bf7ea9;G02-A15;2026-06-25T21:43:09.000;chore(#487): reestrutura a raiz movendo arquivos de configuracao para a pasta src conforme PMO;24;24
G02;488;488;0;titulo;b04dd21a;G02-A19;2026-06-25T22:06:18.000;docs(wad): corrige inconsistencias wad e preenche secao 3.8 #488;509;91
G02;489;489;0;titulo;c7689cec;G02-A13;2026-06-25T23:19:08.000;docs(#489): atualiza seção 7 baseado em atualizações dos testes;2;2
G02;490;490;0;titulo;5b294f35;G02-A15;2026-06-25T23:03:42.000;chore(#490): adiciona package-lock.json na pasta src;14863;0
G02;491;491;0;titulo;ee742c51;G02-A19;2026-06-25T23:37:23.000;docs(wad): remove instrucoes de preenchimento e observacoes de sprint dos titulos #491;39;50
G02;491;491;0;titulo;ded7ba44;G02-A15;2026-06-25T23:55:57.000;fix(#491): correcao da query de historico e adc do video no readme;2;2
G02;492;492;0;titulo;e2116010;G02-A14;2026-06-26T09:28:07.000;fix(#492): define FRONTEND_URL padrao em desenvolvimento;8;3
G03;2;2;0;titulo;a802f316;[externo];2026-04-28T09:03:16.000;docs(#2): adiciona a tabela da matriz de risco, com ids, risco, descrição e classificação;19;5
G03;3;3;0;titulo;d4b48801;[externo];2026-04-28T15:23:29.000;docs(#3): insere o plano de ação de cada risco na tabela e insere os parágrafos de introdução e desenvolvimento do tópico 2.1.5;32;15
G03;5;5;0;titulo;03741785;[externo];2026-04-28T15:45:53.000;docs(#5): adiciona a matriz final no tópico 2.5.1 e adiciona um resposável para cada risco;15;15
G03;6;6;0;titulo;b133c725;G03-A14;2026-04-23T15:35:27.000;docs(#6, #7, #8, #9): Análise SWOT separada nos 4 tópicos, forças, fraquezas, oportunidades e ameaças (fontes de pesquisa não adicionadas);6;2
G03;6;6;0;titulo;1b3c31e3;G03-A18;2026-04-28T08:45:28.000;docs(#6,#7,#8,#9): Correção da análise swot com base nos dados atualizados;8;11
G03;7;7;0;titulo;b133c725;G03-A14;2026-04-23T15:35:27.000;docs(#6, #7, #8, #9): Análise SWOT separada nos 4 tópicos, forças, fraquezas, oportunidades e ameaças (fontes de pesquisa não adicionadas);6;2
G03;7;7;0;titulo;1b3c31e3;G03-A18;2026-04-28T08:45:28.000;docs(#6,#7,#8,#9): Correção da análise swot com base nos dados atualizados;8;11
G03;8;8;0;titulo;b133c725;G03-A14;2026-04-23T15:35:27.000;docs(#6, #7, #8, #9): Análise SWOT separada nos 4 tópicos, forças, fraquezas, oportunidades e ameaças (fontes de pesquisa não adicionadas);6;2
G03;8;8;0;titulo;1b3c31e3;G03-A18;2026-04-28T08:45:28.000;docs(#6,#7,#8,#9): Correção da análise swot com base nos dados atualizados;8;11
G03;9;9;0;titulo;b133c725;G03-A14;2026-04-23T15:35:27.000;docs(#6, #7, #8, #9): Análise SWOT separada nos 4 tópicos, forças, fraquezas, oportunidades e ameaças (fontes de pesquisa não adicionadas);6;2
G03;9;9;0;titulo;1b3c31e3;G03-A18;2026-04-28T08:45:28.000;docs(#6,#7,#8,#9): Correção da análise swot com base nos dados atualizados;8;11
G03;13;13;0;titulo;e01b8848;[externo];2026-04-30T08:45:06.000;docs(#13): adciona imagens a secao 2.2;10;21
G03;13;13;0;titulo;7a538233;[externo];2026-04-30T17:04:16.000;docs(#13): corrige linguagem impessoal;1;1
G03;14;14;0;titulo;98c596c0;G03-A19;2026-04-28T12:08:48.000;docs(#14,#15,#16,#17): Preenche a secção 2.1.1 com as 5 forças de porter;16;2
G03;14;14;0;titulo;598430b2;G03-A19;2026-04-29T14:55:12.000;docs(#14,#15,#16,#17): adiciona respectivas referencias das 5 forcas de porter;13;0
G03;14;14;0;titulo;df1e4362;G03-A19;2026-04-29T15:10:03.000;docs(#14,#15,#16,#17): adiciona breve descricao das forcas de porter;3;1
G03;14;14;0;titulo;46e00130;G03-A19;2026-04-30T08:17:54.000;docs (#14,#15,#16,#17): adiciona 5 forcas de porter revisadas;5;6
G03;15;15;0;titulo;98c596c0;G03-A19;2026-04-28T12:08:48.000;docs(#14,#15,#16,#17): Preenche a secção 2.1.1 com as 5 forças de porter;16;2
G03;15;15;0;titulo;598430b2;G03-A19;2026-04-29T14:55:12.000;docs(#14,#15,#16,#17): adiciona respectivas referencias das 5 forcas de porter;13;0
G03;15;15;0;titulo;df1e4362;G03-A19;2026-04-29T15:10:03.000;docs(#14,#15,#16,#17): adiciona breve descricao das forcas de porter;3;1
G03;15;15;0;titulo;46e00130;G03-A19;2026-04-30T08:17:54.000;docs (#14,#15,#16,#17): adiciona 5 forcas de porter revisadas;5;6
G03;16;16;0;titulo;98c596c0;G03-A19;2026-04-28T12:08:48.000;docs(#14,#15,#16,#17): Preenche a secção 2.1.1 com as 5 forças de porter;16;2
G03;16;16;0;titulo;598430b2;G03-A19;2026-04-29T14:55:12.000;docs(#14,#15,#16,#17): adiciona respectivas referencias das 5 forcas de porter;13;0
G03;16;16;0;titulo;df1e4362;G03-A19;2026-04-29T15:10:03.000;docs(#14,#15,#16,#17): adiciona breve descricao das forcas de porter;3;1
G03;16;16;0;titulo;46e00130;G03-A19;2026-04-30T08:17:54.000;docs (#14,#15,#16,#17): adiciona 5 forcas de porter revisadas;5;6
G03;17;17;0;titulo;98c596c0;G03-A19;2026-04-28T12:08:48.000;docs(#14,#15,#16,#17): Preenche a secção 2.1.1 com as 5 forças de porter;16;2
G03;17;17;0;titulo;598430b2;G03-A19;2026-04-29T14:55:12.000;docs(#14,#15,#16,#17): adiciona respectivas referencias das 5 forcas de porter;13;0
G03;17;17;0;titulo;df1e4362;G03-A19;2026-04-29T15:10:03.000;docs(#14,#15,#16,#17): adiciona breve descricao das forcas de porter;3;1
G03;17;17;0;titulo;46e00130;G03-A19;2026-04-30T08:17:54.000;docs (#14,#15,#16,#17): adiciona 5 forcas de porter revisadas;5;6
G03;29;29;0;titulo;ec473fc5;[externo];2026-04-30T20:17:25.000;docs(#29): adiciona os requisitos nao funcionais do sistema e a introducao ao topico 3.1.3;16;12
G03;29;29;0;titulo;c2ff6ee5;[externo];2026-04-30T20:18:44.000;docs(#29): corrige numeracao da tabela no texto de introducao do topico 3.1.3;1;1
G03;29;29;0;titulo;c7c13ea2;[externo];2026-04-30T20:36:33.000;docs(#29): corrige erro de falta de parenteses no ultimo item da tabela de requisitos nao funcionais;1;1
G03;30;30;0;titulo;21e57412;[externo];2026-04-29T15:36:51.000;docs(#30): adiciona os requisitos funcionais, classificados e organizados por prioridade no topico 3.1.1;33;3
G03;30;30;0;titulo;c9189934;[externo];2026-04-29T15:36:51.000;docs(#30): adiciona os requisitos funcionais, classificados e organizados por prioridade no topico 3.1.1;33;3
G03;31;31;0;titulo;5a98bd24;G03-A13;2026-04-29T14:50:27.000;docs(#31): adiciona o canva de proposta de valor e breve descrição da imagem;9;2
G03;32;32;0;titulo;af81cf71;G03-A16;2026-04-28T15:05:35.000;docs(#32): faz seção 1.Introdução;4;5
G03;35;35;0;titulo;997587bd;G03-A18;2026-04-29T16:59:53.000;docs(#35): adiciona a tabela de regras de negocio e o paragrafo explicativo;19;3
G03;36;36;0;titulo;5fcb3422;[externo];2026-04-30T17:57:00.000;docs(#36): adiciona user persona 01 gerente;15;0
G03;36;36;0;titulo;9981aa09;[externo];2026-04-30T20:38:41.000;docs(#36): adiciona user story gerente, e reformula dos demais personas;132;57
G03;38;38;0;titulo;f34b50cc;G03-A18;2026-05-01T19:51:06.000;docs(#38): adiciona matriz de RF-RN;14;4
G03;39;39;0;titulo;5be4a44d;G03-A14;2026-04-28T15:52:11.000;docs(#39): Adiciona US05, atrelada à persona [externo], coordenador, focada na ferramenta de pesquisa do sistema;10;0
G03;39;39;0;titulo;a0d42c29;G03-A14;2026-04-28T16:02:51.000;docs(#39): Adiciona US06, atrelada à persona [externo], focada na visualização de itens presentes na base de dados;9;0
G03;39;39;0;titulo;54e713ef;G03-A14;2026-04-29T14:22:29.000;"docs(#39): Correção visual de ambas User Stories; Títulos em negrito e apenas um critério INVEST para simplificação";11;11
G03;41;41;0;titulo;9869e32f;[externo];2026-04-30T17:12:38.000;docs(#41): modifica contextos das personas;0;0
G03;41;41;0;titulo;775bbe66;[externo];2026-04-30T17:16:54.000;docs(#41): apaga imagens das antigas personas;6;4
G03;43;43;0;titulo;e076084c;[externo];2026-04-28T20:07:32.000;docs(#43): Adiciona User Story 03;12;1
G03;43;43;0;titulo;0e757b0c;[externo];2026-04-28T20:44:46.000;docs(#43): Adiciona User Story 04;7;0
G03;43;43;0;titulo;53c91376;[externo];2026-04-29T14:17:44.000;docs:(#43): corrije erro ortografico;19;20
G03;45;45;0;titulo;6141666d;G03-A14;2026-04-29T15:37:51.000;docs(#45): Preenche as 6 questoes da secao 2.1.3 do WAD;7;1
G03;45;45;0;titulo;18863baf;G03-A14;2026-04-29T15:38:45.000;docs(#45): Remove a descricao do que é pedido na secao 2.1.3;0;1
G03;45;45;0;titulo;b61d9664;G03-A14;2026-04-30T11:39:50.000;docs(#45): retira orientacao de preenchimento na secao 2, descreve perfis de acesso na forma de utilizacao e troca 'mais velocidade' por 'maior otimizacao de tempo';4;4
G03;45;45;0;titulo;5f20439d;G03-A18;2026-04-30T13:26:43.000;docs(#45):ajusta a formatação da secao de solucao;6;6
G03;47;47;0;titulo;4365c58e;G03-A16;2026-04-29T22:11:19.000;fix(#47): ajusta introducao da secao 1;5;4
G03;48;48;0;titulo;621a9f72;[externo];2026-04-30T08:34:37.000;docs(#48): corrige erros de gramatica do topico 2.1.5 referente e tabela de riscos;15;14
G03;49;49;0;titulo;e5bf7c60;[externo];2026-04-30T08:46:15.000;docs(#49): corrige erros de gramatica do topico 2.1.5 referente e tabela de riscos;4;4
G03;50;50;0;titulo;8fbbd146;G03-A14;2026-04-30T20:37:23.000;docs(#50): adiciona requisitos nao funcionais de seguranca, capacidade, restricoes de design e organizacionais;5;0
G03;50;50;0;titulo;02f82e48;G03-A14;2026-04-30T20:44:21.000;docs(#50): altera o texto de introducao de requisitos nao funcionais para incluir 'de rnf001 a rnf012';1;1
G03;50;50;0;titulo;66bd08cc;G03-A14;2026-04-30T21:27:47.000;docs(#50): preenche requisitos nao funcionais 8 a 12 com justificativa e relacao com outros setores de requisitos;8;5
G03;50;50;0;titulo;dbe09dd3;G03-A14;2026-04-30T22:03:37.000;docs(#50): retira titulo que separava a tabela em duas - estava la para teste da nova coluna em uma branch de commit mais antigo;1;2
G03;50;50;0;titulo;87e4e781;G03-A14;2026-04-30T22:06:46.000;docs(#50): formata requisitos nao funcionais de 08 a 12 para combinarem com o resto da tabela;5;7
G03;50;50;0;titulo;21a16c1b;G03-A14;2026-04-30T22:58:12.000;docs(#50): troca 'nas proximas sprints' por 'tokens temporarios de login';1;1
G03;52;52;0;titulo;c5753a7b;G03-A16;2026-04-30T21:36:08.000;docs(#52): ajusta informações da seção 1;1;5
G03;54;54;0;titulo;d28a1734;[externo];2026-05-01T18:52:51.000;docs(#54): insere a imagem do diagrama de casos de uso no topico 3.2.2;8;1
G03;55;55;0;titulo;e1e1fea4;[externo];2026-05-01T19:12:25.000;docs(#55): insere tabela dos casos de uso e introducao para o topico 3.2.2;21;3
G03;57;57;0;titulo;3037cdf5;G03-A18;2026-05-01T16:32:07.000;docs(#57):atualiza RN01 e RN04;15;14
G03;58;58;0;titulo;74709a15;G03-A18;2026-05-01T17:43:54.000;docs(#58): adiciona identificacao em link dos membros do grupo;8;2
G03;58;58;0;titulo;31731009;G03-A18;2026-05-01T18:01:03.000;docs(#58): corrige fontes de template de swot e canvas e caminho das imagens;10;6
G03;58;58;0;titulo;f4d52de9;G03-A18;2026-05-01T18:15:33.000;docs(#58): adiciona paragrafo introdutorio na secao de user stories;38;2
G03;58;58;0;titulo;d8228daf;G03-A18;2026-05-01T18:40:05.000;docs(#58): corrige formato e ordem alfabetica das referencias;8;10
G03;58;58;0;titulo;d155b55a;G03-A18;2026-05-01T19:53:54.000;docs(#58): corrige padrao de referencia;1;1
G03;59;59;0;titulo;d0420aa0;G03-A12;2026-05-01T18:15:37.000;docs(#59): atualiza requisitos funcionais;48;22
G03;60;60;0;titulo;eb22576c;G03-A16;2026-05-01T18:34:28.000;fix(#60): ajusta forcas de porter;21;24
G03;67;67;0;titulo;54b6dd11;[externo];2026-05-06T08:49:04.000;docs(#67): adiciona a introducao do topico 3.2.4 dos diagramas;3;1
G03;67;67;0;titulo;7d9ab3ba;[externo];2026-05-06T09:02:27.000;docs(#67): adiciona o diagrama de sequencia de cadastro no topico 3.2.4;7;0
G03;67;67;0;titulo;21ca46d0;[externo];2026-05-06T09:09:17.000;docs(#67): adiciona o diagrama de sequencia de visitas no topico 3.2.4;8;0
G03;69;69;0;titulo;9117fb71;[externo];2026-05-13T14:24:15.000;docs(#69): adiciona introducao ao topico 3.3 sobre wireframes;1;1
G03;69;69;0;titulo;74c575ca;[externo];2026-05-13T14:29:39.000;docs(#69): complementa o paragrafo de introducao da secao 3.3 sobre wireframes;3;0
G03;69;69;0;titulo;3bfc9aa9;[externo];2026-05-13T14:33:01.000;docs(#69): adiciona fluxogramas de flow tasks na pasta wireframes;0;0
G03;69;69;0;titulo;3c701653;[externo];2026-05-13T14:43:43.000;docs(#69): adiciona imagem da task flow de cadastro de forn e parc e suas respectivas wireframes;27;0
G03;69;69;0;titulo;c0bd2d86;[externo];2026-05-13T14:49:59.000;docs(#69): adiciona imagem da task flow de edicao de forn e parc e uma explicao correspondente;10;0
G03;69;69;0;titulo;2ca3d727;[externo];2026-05-13T14:58:17.000;docs(#69): adiciona imagem da task flow de busca de forn e parc e suas respectivas wireframes;24;1
G03;69;69;0;titulo;254e2032;[externo];2026-05-13T15:07:31.000;docs(#69): adiciona imagem da task flow de registro de visitas e suas respectivas wireframes;21;0
G03;69;69;0;titulo;7ef83a0c;[externo];2026-05-13T15:13:41.000;docs(#69): adiciona imagem da task flow de convite de usuarios e suas respectivas wireframes;17;2
G03;69;69;0;titulo;f0a84bb5;[externo];2026-05-13T15:22:45.000;docs(#69): adiciona topico extra para wireframes que nao estao vinculadas diretamente a uma flow task (3.3.1);27;0
G03;69;69;0;titulo;2e163690;[externo];2026-05-13T15:26:38.000;docs(#69): adiciona imagem de do wireframe de contatos vinculado a taskflow de edicao e cadastro (3.3);22;9
G03;69;69;0;titulo;c712609f;[externo];2026-05-13T15:30:25.000;docs(#69): corrige a numeracao das referencias nos textos (3.3 e 3.3.1);10;12
G03;70;70;0;titulo;69313ca0;[externo];2026-05-13T21:28:07.000;docs(#70): corrige a falta do titulo do topico 3.3 e adiciona o link publico para o arquivo;3;2
G03;78;78;0;titulo;92470f1d;[externo];2026-05-12T13:00:41.000;docs(#78): adiciona diagrama de classes;5854;1
G03;78;78;0;titulo;d996d391;[externo];2026-05-12T15:05:12.000;docs(#78): corrige diagrama de classes;0;0
G03;78;78;0;titulo;4e028c86;[externo];2026-05-12T19:41:09.000;docs(#78): remove subclasses do diagrama;0;0
G03;90;90;0;titulo;514b1b67;G03-A19;2026-05-06T15:13:44.000;docs(#90): adiciona imagem das personas atualizadas;1;1
G03;91;91;0;titulo;8d75324d;G03-A13;2026-05-06T15:37:41.000;docs(#91): adiciona texto de introdução e explicativo sobre personas.;5;1
G03;96;96;0;titulo;6c3ba964;G03-A18;2026-05-12T13:50:11.000;docs(#96): adiciona diagrama de entidade-relacionamento;9;1
G03;96;96;0;titulo;c7ea24bb;G03-A18;2026-05-12T22:17:14.000;docs(#96): atualiza diagrama entidade-relacionamento;1;1
G03;96;96;0;titulo;5ce1428b;G03-A18;2026-05-14T15:33:49.000;docs(#96): atualiza diagrama com base no modelo relacional;1;1
G03;96;96;0;titulo;8d06ebb3;G03-A18;2026-05-14T15:38:00.000;docs(#96): corrige caminho da imagem do diagrama;1;1
G03;96;96;0;titulo;188239b0;G03-A18;2026-05-15T15:09:23.000;docs(#96): atualiza diagrama com base na sprint review 2;0;0
G03;96;96;0;titulo;6fe90744;G03-A18;2026-05-15T20:21:24.000;docs(#96): corrige cardinalidade do registro de entrega;0;0
G03;112;112;0;titulo;96433cce;G03-A16;2026-05-11T22:10:30.000;docs(#112): adiciona tabelas de entidades e relacionamentos do MER;31;1
G03;115;115;0;titulo;47585077;G03-A13;2026-05-12T14:36:10.000;docs(#115): correção da seção 2.1.1.;1;1
G03;115;115;0;titulo;d63b4a46;G03-A13;2026-05-12T14:37:25.000;docs(#115): correção da seção 2.1.2.;1;2
G03;115;115;0;titulo;e3530005;G03-A13;2026-05-12T14:38:36.000;docs(#115): correção da seção 2.1.3.;1;1
G03;115;115;0;titulo;1ca6f048;G03-A13;2026-05-12T14:48:35.000;docs(#115): correção da seção 3.1.1;1;1
G03;115;115;0;titulo;6e64797c;G03-A13;2026-05-12T15:21:29.000;docs(#115): revisão da correção do art.1;2;3
G03;116;116;0;titulo;227dc96c;G03-A14;2026-05-12T14:26:26.000;docs(#116): adiciona o modelo relaciona na seção 3.6.3, com imagem do diagrama feito no dbdiagram.io, texto descritivo, tabela de entidades e codigo-fonte DBML do site onde foi produzido;167;1
G03;116;116;0;titulo;ceae6fb9;G03-A14;2026-05-12T14:27:21.000;docs(#116): adiciona na descrição da imagem que a própria foi feita no dbdiagram.io;1;1
G03;117;117;0;titulo;e74df645;G03-A16;2026-05-12T15:16:39.000;fix(#117): ajusta tabela de entidade relacionamento;6;5
G03;124;124;0;titulo;5cf9f075;[externo];2026-05-13T14:21:05.000;docs(#124): cria pasta para os wireframes na pasta assets de docs e adiciona as imagens correspondentes;0;0
G03;126;126;0;titulo;dfc5a216;[externo];2026-05-13T16:08:48.000;docs(#126): atualiza atributos da classe cadastro;0;0
G03;126;126;0;titulo;c74b2771;[externo];2026-05-13T21:54:13.000;docs(#126): atualiza imagem para correta;0;0
G03;127;127;0;titulo;c0f4fec9;G03-A14;2026-05-14T15:14:18.000;docs(#127): atualiza modelo relacional baseado nas mudanças em aspectos das relações esperadas no modelo;0;0
G03;127;127;0;titulo;3bb56660;G03-A14;2026-05-14T15:22:26.000;docs(#127): corrige o código do modelo relacional para condizer com a nova imagem;103;119
G03;128;128;0;titulo;7ebe8d07;[externo];2026-05-14T15:49:15.000;docs(#128): atualiza diagrama de classes;0;0
G03;128;128;0;titulo;f35e349a;[externo];2026-05-15T15:49:55.000;docs(#128): atualiza relacao fazenda para usina;0;0
G03;128;128;0;titulo;1cf0b998;[externo];2026-05-15T18:22:43.000;docs(#128): adiciona numero da figura;3;1
G03;130;130;0;titulo;a9e223fa;G03-A13;2026-05-15T15:55:25.000;docs(#130): correção do resto do artefato 2 de negócios;7;3
G03;131;131;0;titulo;e044da06;G03-A13;2026-05-15T15:47:32.000;docs(#131): corrige o artefato 3 de design e altera o artefato de computação;113;19
G03;131;131;0;titulo;a17130d1;G03-A13;2026-05-15T17:12:57.000;docs(#131): revisao da correção do artefato 3 de UX Design;8;4
G03;131;131;0;titulo;f01dbd1e;G03-A13;2026-05-15T19:15:48.000;docs(#131): revisão das personas e referências da analise SWOT;9;2
G03;132;132;0;titulo;5ebf85c7;G03-A16;2026-05-14T23:27:55.000;Fix(#132): Ajusta MER com novos atributos;16;12
G03;133;133;0;titulo;d21e493a;G03-A18;2026-05-15T18:40:21.000;docs(#133): atualiza modelo relacional com base na sprint review 2;5;0
G03;134;134;0;titulo;be947699;G03-A18;2026-05-15T19:56:49.000;docs(#134): corrige tabelas de entidade e relacionamento;31;23
G03;136;136;0;titulo;31d71a07;[externo];2026-05-15T21:28:13.000;code(#136): adiciona arquivo sql na pasta migrations em src;155;0
G03;137;137;0;titulo;7aef9744;G03-A18;2026-05-15T23:12:29.000;docs(#137): adiciona o modelo fisico na documentacao;301;2
G03;138;138;0;titulo;d9516c22;G03-A14;2026-05-18T16:02:18.000;docs(#138): adiciona tabela de logica proposicional sobre a tela principal de visualizacao de parceiros, ordenados por tamanho de area contratada pela atvos;9;0
G03;138;138;0;titulo;43475e81;G03-A14;2026-05-20T14:35:06.000;docs(#138): adiciona descricao da query da tabela e limite de respostas entregues por se tratar da primeira pagina;2;2
G03;139;139;0;titulo;62b1817e;G03-A19;2026-05-22T15:19:12.000;docs (#139): adiciona tabela de logica proposicional 2;6;6
G03;140;140;0;titulo;cbe947fd;G03-A13;2026-05-20T14:39:39.000;docs(#140): logica proposicional 3;40;0
G03;140;140;0;titulo;faca12d0;G03-A13;2026-05-21T14:41:13.000;docs(#140): tabela logica proposicional 3;7;4
G03;140;140;0;titulo;050a27a8;G03-A13;2026-05-21T14:47:49.000;docs(#140): tabela logica proposicional 3;11;11
G03;140;140;0;titulo;c3161e4e;G03-A13;2026-05-21T14:50:09.000;docs(#140): tabela logica proposicional 3;4;4
G03;140;140;0;titulo;3aa717be;G03-A13;2026-05-21T16:49:17.000;docs(#140): tabela de logica proposicional 3;1;2
G03;140;140;0;titulo;bea6a2ed;G03-A13;2026-05-21T16:51:08.000;docs(#140): tabela de logica proposicional 3;1;2
G03;140;140;0;titulo;97af52fb;G03-A13;2026-05-21T16:55:50.000;docs(#140): tabela de logica proposicional 3;1;2
G03;147;147;0;titulo;b36436d9;G03-A19;2026-05-18T15:11:37.000;docs (#147): coloca os nomes do integrantes em ordem alfabetica;2;1
G03;155;155;0;titulo;2f13162e;G03-A18;2026-05-29T20:18:56.000;docs(#155): adiciona imagem e descricao do diagrama de classes arquitetural;14;0
G03;155;155;0;titulo;b683b4a1;G03-A18;2026-05-29T20:41:49.000;docs(#155): adiciona codigo mermaid do diagrama;120;0
G03;160;160;0;titulo;e0b63365;[externo];2026-05-20T15:19:10.000;docs(#158,#160,#161,#162): adiciona Consulta SQL01;8;8
G03;160;160;0;titulo;4dee3303;[externo];2026-05-20T15:48:37.000;docs(#158,#160,#161,#162): adiciona Consulta SQL02;13;1
G03;160;160;0;titulo;74623bcb;[externo];2026-05-21T08:09:50.000;docs(#158,#160,#161,#162): adiciona Consulta SQL03;12;0
G03;161;161;0;titulo;e0b63365;[externo];2026-05-20T15:19:10.000;docs(#158,#160,#161,#162): adiciona Consulta SQL01;8;8
G03;161;161;0;titulo;4dee3303;[externo];2026-05-20T15:48:37.000;docs(#158,#160,#161,#162): adiciona Consulta SQL02;13;1
G03;161;161;0;titulo;74623bcb;[externo];2026-05-21T08:09:50.000;docs(#158,#160,#161,#162): adiciona Consulta SQL03;12;0
G03;162;162;0;titulo;e0b63365;[externo];2026-05-20T15:19:10.000;docs(#158,#160,#161,#162): adiciona Consulta SQL01;8;8
G03;162;162;0;titulo;4dee3303;[externo];2026-05-20T15:48:37.000;docs(#158,#160,#161,#162): adiciona Consulta SQL02;13;1
G03;162;162;0;titulo;74623bcb;[externo];2026-05-21T08:09:50.000;docs(#158,#160,#161,#162): adiciona Consulta SQL03;12;0
G03;183;183;0;titulo;8f0ada4c;[externo];2026-05-19T14:58:24.000;docs(#183): corrige o modelo relacional;55;27
G03;183;183;0;titulo;d6460b81;[externo];2026-05-20T14:27:05.000;docs(#183): atualiza diagrama de classes;0;0
G03;183;183;0;titulo;2ddf4377;[externo];2026-05-20T14:54:01.000;docs(#183): corrige relação entre visita e contatos;40;40
G03;184;184;0;titulo;e09f6ee5;G03-A12;2026-05-26T23:56:45.000;feat(#184):  implementa swagger;729;22
G03;193;193;0;titulo;8f38d60f;G03-A14;2026-05-20T14:59:32.000;"docs(#193): corrige modelo de entidade e relacionamento; - cpf e cnpj no mesmo atributo -nome_empresa em cadastro -nome em fazenda -vencimento retirado de contrato -relacao fornecedor e fazenda duplicado retirado";4;4
G03;194;194;0;titulo;eef90657;G03-A14;2026-05-20T15:59:47.000;docs(#194): atualiza modelo relacional com constraints no DBML e atualiza o codigo na descricao;125;108
G03;194;194;0;titulo;93545a35;G03-A14;2026-05-21T14:33:53.000;docs(#194): corrige a query para offset , que garante a maior flexibilidade do codigo. c.atualizado vai tambem para um having, garantindo que funcione;1;1
G03;200;200;0;titulo;4c93de0b;[externo];2026-05-21T10:21:23.000;feat(#200): cria a estrutura base de configuracao dos testes;870;59
G03;200;200;0;titulo;f786bcd2;[externo];2026-05-21T10:30:43.000;feat(#200): corrige e adiciona esqueleto do migration do banco de dados;119;91
G03;200;200;0;titulo;86771a28;[externo];2026-05-21T10:45:20.000;feat(#200): cria o teste no arquivo spec e as cascas vazias da implementacao;32;1
G03;200;200;0;titulo;850bb122;[externo];2026-05-21T10:59:29.000;feat(#200): cria o restante dos testes para o fluxo de envio de convite;60;5
G03;200;200;0;titulo;20d12141;[externo];2026-05-21T11:07:20.000;feat(#200): implementa a cada do controller para o fluxo de envio de convite;42;6
G03;200;200;0;titulo;97347ee1;[externo];2026-05-21T11:15:00.000;feat(#200): implementa o service para o fluxo de envio de convite;28;1
G03;200;200;0;titulo;8c55b1e5;[externo];2026-05-21T11:42:55.000;feat(#200): implementa o repository para o fluxo de envio de convite e corrige erros das outras camadas;50;19
G03;200;200;0;titulo;ebbbc587;[externo];2026-05-21T11:55:12.000;feat(#200): configura o arquivo jest;11;0
G03;200;200;0;titulo;24d5e0c4;[externo];2026-05-21T11:56:45.000;feat(#200): configura o arquivo jest;1;7
G03;200;200;0;titulo;1e8c922f;[externo];2026-05-21T12:00:36.000;feat(#200): corrige arquivo do controler spec;5;3
G03;201;201;0;titulo;f7427ff1;G03-A18;2026-05-21T11:47:01.000;test(#201): adiciona teste falhando para regra de área inválida;1091;105
G03;201;201;0;titulo;97d4f065;G03-A18;2026-05-21T11:59:46.000;docs(#201): adiciona justificativa do teste de cadastro e matriz;44;0
G03;202;202;0;titulo;a0d2d639;[externo];2026-05-21T21:34:52.000;docs(#202): adiciona user story 15 e 16;36;6
G03;204;204;0;titulo;ae49fe01;G03-A12;2026-05-25T15:36:56.000;fix(#204): corrige spec parceiro-integracao;148;44
G03;204;204;0;titulo;d258a4d3;[externo];2026-05-25T21:44:42.000;fix(#204): corrge tests;594;101
G03;204;204;0;titulo;2ea49ecf;G03-A12;2026-05-26T11:14:08.000;fix(#204): corrige tests;151;267
G03;204;204;0;titulo;8c261e4b;G03-A12;2026-05-26T11:14:38.000;fix(#204): corrige gitignore;2;0
G03;213;213;0;titulo;55aa66a5;G03-A19;2026-05-27T15:47:47.000;docs (#213): adicona imagem do digrama de arquitetura;0;0
G03;220;220;0;titulo;a2c25fea;G03-A18;2026-05-28T15:26:50.000;docs(#220): adiciona texto descritivo e imagem do diagrama entidade-relacionamento na secao 3.6.2;23;0
G03;222;222;0;titulo;84e97c42;G03-A16;2026-05-28T14:34:34.000;feat(#222): faz guia de estilo das cores;17;1
G03;226;226;0;titulo;a3de2ecb;G03-A13;2026-05-29T10:21:57.000;docs(#226): revisao dos requistos nao funcionais;1518;0
G03;229;229;0;titulo;18e487dc;G03-A16;2026-05-28T14:40:09.000;fix(#229): deleta secao 3.2.5;0;4
G03;230;230;0;titulo;febb0dcc;G03-A19;2026-05-28T14:54:10.000;docs (#230): corrige erros de digitacao e organiza a estrutura;36;1
G03;231;231;0;titulo;f6b62df2;G03-A16;2026-05-28T14:54:30.000;feat(#231): coloca guia de estilos da tipografia;22;1
G03;232;232;0;titulo;c4428f20;G03-A16;2026-05-28T15:51:40.000;feat(#232): coloca guia de estilos de iconografia e imagens;1;0
G03;233;233;0;titulo;2c93f447;G03-A18;2026-05-28T16:02:08.000;docs(#233): atualliza secao 3.6.1 com base na nova modelagem;73;34
G03;233;233;0;titulo;fa04ab6f;G03-A18;2026-05-29T09:17:38.000;docs(#233): corrige tabela de entidade e atributo;16;14
G03;235;235;0;titulo;a3b0dc75;G03-A18;2026-05-28T22:54:26.000;docs(#235): atualiza imagem e descricao do diagrama de classes;30;1
G03;237;237;0;titulo;033deb99;G03-A12;2026-05-29T03:09:18.000;fix(#237): revisa codigo de rotas;62;33
G03;237;237;0;titulo;07fcd922;G03-A12;2026-05-29T03:09:18.000;fix(#237): revisa codigo de rotas;62;33
G03;238;238;0;titulo;e0079fa7;G03-A16;2026-05-29T18:12:36.000;fix(#238): ajusta icones e imagens da seção 3.4;67;21
G03;239;239;0;titulo;0d82b41c;G03-A18;2026-05-29T17:40:20.000;docs(#239): adiciona descricao da webapi com tabelas de ratreabilidade;62;2
G03;240;240;0;titulo;0ef37545;G03-A16;2026-05-29T18:38:06.000;docs(#240): corrige quantidade de requisitos funcionais;1;1
G03;240;240;0;titulo;a7b96eb6;G03-A16;2026-05-29T18:38:06.000;docs(#240): corrige quantidade de requisitos funcionais;1;1
G03;241;241;0;titulo;9e87aa7c;G03-A19;2026-05-29T19:11:20.000;docs (#241): adiciona relatorio de desenvolvimento;48;1
G03;242;242;0;titulo;e348b719;G03-A14;2026-05-29T19:31:33.000;docs(#242): adiciona tabela de matriz de rastreabilidade apenas sem teste, assunto de sprints futuras;37;4
G03;243;243;0;titulo;69947d14;[externo];2026-05-29T19:24:13.000;docs(#243): adiciona texto na secao 3.5 sobre prototipo de alta fidelidade;7;1
G03;243;243;0;titulo;ffb8ac41;[externo];2026-05-29T19:41:17.000;docs(#243): adiciona imagens do protitopo de alta fidelidade da tela home e fornecedores;8;0
G03;243;243;0;titulo;ba5bbe1e;[externo];2026-05-29T19:42:58.000;docs(#243): adiciona imagens do protitopo de alta fidelidade da tela fazendas e parceiros;9;0
G03;243;243;0;titulo;9b9dad69;[externo];2026-05-29T19:50:08.000;docs(#243): adiciona imagens do protitopo de alta fidelidade da tela visitas e usuarios;10;1
G03;243;243;0;titulo;7f0e9093;[externo];2026-05-29T19:53:02.000;docs(#243): adiciona imagens do protitopo de alta fidelidade do formulario de cadastro de parceiros e misto;8;0
G03;243;243;0;titulo;d2013196;[externo];2026-05-29T19:56:43.000;docs(#243): adiciona imagens do protitopo de alta fidelidade do formulario de cadastro de faznedas e contatos;9;0
G03;243;243;0;titulo;4f757927;[externo];2026-05-29T19:59:32.000;docs(#243): adiciona imagens do protitopo de alta fidelidade do formulario de cadastro usuarios e login;9;0
G03;243;243;0;titulo;a493c0a8;[externo];2026-05-29T20:01:28.000;docs(#243): adiciona imagens do protitopo de alta fidelidade do formulario de cadastro de visitas;9;0
G03;243;243;0;titulo;ebf11203;[externo];2026-05-29T20:04:12.000;docs(#243): adiciona imagens do protitopo de alta fidelidade dos popup de sucesso e falha;8;0
G03;243;243;0;titulo;adbc30cf;[externo];2026-05-29T20:07:03.000;docs(#243): adiciona espaco entre as imagens e link do figma;17;3
G03;243;243;0;titulo;61a9cfbb;[externo];2026-05-29T20:11:21.000;docs(#243): adiciona a pasta com as imagens da secao 3.5;0;0
G03;244;244;0;titulo;c5d57f32;G03-A19;2026-05-29T19:48:02.000;docs (#244) adiciona user stories 15 e 16 corrigidas;1741;0
G03;245;245;0;titulo;63e64945;G03-A16;2026-05-29T20:08:45.000;fix(#245): ajusta tabela de hierarquia tipografica;1;1
G03;245;245;0;titulo;8d23f3da;G03-A16;2026-05-29T20:14:31.000;fix(#245): ajusta tabela de hierarquia tipografica;11;8
G03;248;248;0;titulo;4af3ae3b;[externo];2026-05-29T23:16:09.000;docs(#248): adiciona diagrama de sequencia de login e texto explicativo (secao 3.2.4);8;0
G03;248;248;0;titulo;08937086;[externo];2026-05-29T23:18:32.000;docs(#248): adiciona diagrama de sequencia de busca e texto explicativo (secao 3.2.4);8;0
G03;248;248;0;titulo;1e5ee5f0;[externo];2026-05-29T23:20:31.000;docs(#248): adiciona diagrama de sequencia de recuperacao de senha e texto explicativo (secao 3.2.4);9;0
G03;248;248;0;titulo;bfe1fa66;[externo];2026-05-29T23:21:45.000;docs(#248): corrige imagem do diagrama de sequencia de busca (secao 3.2.4);0;0
G03;250;250;0;titulo;958b958e;G03-A16;2026-05-29T22:39:48.000;fix(#250): corrige secao 4.1;30;27
G03;251;251;0;titulo;5d953b99;[externo];2026-06-01T14:06:02.000;docs(#251): atualiza a imagem do modelo relacional e a secao correspondente (secao 3.6.3.1);2;4
G03;251;251;0;titulo;e76a352c;[externo];2026-06-01T14:32:36.000;docs(#251): atualiza o codigo dbml da secao correspondente ao modelo relacional (secao 3.6.3.1);46;45
G03;252;252;0;titulo;82bfac8f;[externo];2026-06-01T14:36:00.000;docs(#252): atualiza o codigo do modelo fisico (secao 3.6.3.1);87;138
G03;252;252;0;titulo;adc77773;[externo];2026-06-01T14:38:10.000;fix(#252): atualiza o arquivo de migration do database (database.sql);86;138
G03;252;252;0;titulo;4e0802dc;[externo];2026-06-01T14:41:54.000;fix(#252): atualiza o arquivo de migration da seed (seed01testdata.sql);36;34
G03;252;252;0;titulo;a41e966f;[externo];2026-06-01T14:47:33.000;fix(#252): remove o arquivo absoleto do migrations da modelagem antiga (01createresgitrovisita.sql);0;48
G03;254;254;0;titulo;62db930e;G03-A19;2026-06-01T15:27:41.000;docs (#254) adiciona resumo executivo;4;2
G03;254;254;0;titulo;6cc7e630;G03-A19;2026-06-01T15:37:01.000;docs (#254) resolve erros na estrutura do resumo executivo;1;1
G03;254;254;0;titulo;15ddfec9;G03-A19;2026-06-09T14:41:21.000;docs (#254) adicona novo resumo executivo de acordo com feedback;5;3
G03;256;256;0;titulo;2f29c35f;G03-A14;2026-06-11T14:41:01.000;docs(#256): atualiza imagem do diagrama de classes com as mudancas feitas a arquitetura. tambem troca o formato da imagem de jpeg para png;1;1
G03;257;257;0;titulo;0232b40d;G03-A19;2026-06-02T14:58:18.000;docs (#257) adiciona visao geral do setor;8;2
G03;257;257;0;titulo;7ea70da3;G03-A19;2026-06-02T15:07:46.000;docs (#257) adiciona referencias da visao geral;10;1
G03;258;258;0;titulo;9ea6f8e3;[externo];2026-06-02T13:18:37.000;docs(wad): atualiza o diagrama relacional do modelo fisico #258;0;0
G03;259;259;0;titulo;f363ac36;[externo];2026-06-02T13:27:20.000;docs(wad): corrige o codigo dbml do diagrama relacional #259;2;2
G03;259;259;0;titulo;c1ef99c9;[externo];2026-06-02T13:28:53.000;docs(wad): corrige o codigo do modelo fisico no wad #259;3;3
G03;259;259;0;titulo;dd55edf7;[externo];2026-06-02T13:30:24.000;docs(database): corrige o codigo do modelo fisico do migration #259;3;4
G03;259;259;0;titulo;295b99e6;[externo];2026-06-02T13:35:39.000;fix(database): corrige o erro do codigo do migration #259;2;2
G03;259;259;0;titulo;e3ed08ba;[externo];2026-06-02T13:36:47.000;docs(wad): atualiza o codigo do modelo fisico documentado apos o fix #259;2;3
G03;260;260;0;titulo;471287c0;[externo];2026-06-02T13:59:45.000;docs(wad): atualiza os requisitos funcionais seguindo o novo escopo do G01-A26 #260;21;23
G03;260;260;0;titulo;98e48ae8;[externo];2026-06-02T14:04:21.000;docs(wad): atualiza a coluna de status da tabela de requisitos funcionais #260;12;12
G03;261;261;0;titulo;e8c08a6a;[externo];2026-06-02T15:04:11.000;docs(wad): revisa e atualiza os requisitos nao funcionais do sistema #261;16;12
G03;262;262;0;titulo;f6deefdf;G03-A16;2026-06-02T16:01:06.000;docs(wad): conclusão da seção análise de mercado - principais concorrentes #262;22;2
G03;263;263;0;titulo;9875af0a;G03-A13;2026-06-02T15:22:43.000;docs(#263): criacao da segmentacao de mercado;5;1
G03;263;263;0;titulo;134b7336;G03-A13;2026-06-02T15:26:04.000;docs(#263):definicao do perfil do publico alvo;9;1
G03;263;263;0;titulo;ee6873d1;G03-A13;2026-06-02T15:27:51.000;docs(#263):definicao do perfil do publico alvo;3;2
G03;263;263;0;titulo;5901349f;G03-A13;2026-06-09T15:29:28.000;docs(#263): definicao do publico alvo revisado;6;2
G03;263;263;0;titulo;37cce8e1;G03-A13;2026-06-09T15:32:14.000;docs(#263): definicao do publico alvo revisado completo;12;2
G03;264;264;0;titulo;2bcb5d8e;G03-A19;2026-06-02T16:02:13.000;docs (#264) adiciona tamanho e crescimento do mercado sucroenergetico;8;2
G03;264;264;0;titulo;3390a661;G03-A19;2026-06-02T16:04:36.000;docs (#264) adiciona referencia da pesquisa de mercado;21;2
G03;265;265;0;titulo;1a15dfa9;G03-A18;2026-06-02T20:20:36.000;docs(#265): atualiza diagrama entidade relacionamento;5;2
G03;266;266;0;titulo;ef08533d;G03-A18;2026-06-06T16:25:35.000;docs(#266): atualiza mer com base na nova modelagem;28;30
G03;266;266;0;titulo;f98ef792;G03-A18;2026-06-06T16:30:13.000;docs(#266): corrige cardinalidade minima;1;1
G03;266;266;0;titulo;024416aa;G03-A18;2026-06-08T15:37:34.000;docs(#266): corrige mer com base no feedback de revisao;4;4
G03;267;267;0;titulo;b988e669;G03-A19;2026-06-03T11:48:22.000;docs (#267) adiciona titulo da secao;4;0
G03;267;267;0;titulo;5ec19d16;G03-A19;2026-06-03T21:43:00.000;docs (#267) adiciona tendencias de mercado;9;0
G03;268;268;0;titulo;15cefe61;[externo];2026-06-03T22:57:18.000;feat(frontend): cria repositorio public e css, adiciona o arquivo de variaveis e a paleta de cores #268;16;0
G03;268;268;0;titulo;6ca42905;[externo];2026-06-03T23:07:49.000;feat(frontend): adiciona a importacao das fontes do G01-A26 no arquivo variables.css #268;5;0
G03;268;268;0;titulo;06d4b06d;[externo];2026-06-03T23:18:46.000;feat(frontend): adiciona as classes globais dos principais estilos e importa a fonte jua #268;21;0
G03;268;268;0;titulo;b55500b2;[externo];2026-06-03T23:25:14.000;feat(frontend): cria um novo arquivo de global.css e separa a estilizacao de componentes nesse arquivo #268;26;20
G03;269;269;0;titulo;3882205c;[externo];2026-06-03T23:34:26.000;feat(frontend): adiciona arquivo grid.css com a configuracao de grid feita no figma #269;20;0
G03;270;270;0;titulo;01293ff3;[externo];2026-06-08T09:33:40.000;feat(partials): cria arquivo da partial do navbar e configura a estrutura #270;30;0
G03;270;270;0;titulo;c2853b9e;[externo];2026-06-08T09:37:54.000;feat(public): altera o arquivo de global.css para adicionar a estilizacao do partial do navbar #270;82;11
G03;271;271;0;titulo;a1ab3eef;[externo];2026-06-08T09:43:15.000;feat(partials): adiciona o partial do header e cria a pasta images dentro de public com a logo do header #271;14;0
G03;271;271;0;titulo;d35f3702;[externo];2026-06-08T09:46:54.000;feat(global.css): adiciona a estilizacao da partial do header no arquivo global do front #271;61;0
G03;272;272;0;titulo;14544b22;G03-A16;2026-06-03T15:50:52.000;docs(wad): definição das vantagens competitivas da aplicação web #272;11;3
G03;273;273;0;titulo;3776081b;G03-A16;2026-06-03T17:07:47.000;docs(wad): definicao do produto/servico #273;9;3
G03;273;273;0;titulo;f10fad25;G03-A16;2026-06-03T17:07:47.000;docs(wad): definicao do produto/servico #273;18;13
G03;274;274;0;titulo;81cf2135;G03-A16;2026-06-03T17:54:47.000;docs(wad): definicao da precificacao da aplicacao secao 6.6 #274;8;3
G03;275;275;0;titulo;073384da;G03-A16;2026-06-03T18:10:10.000;docs(wad): definicao da praca da aplicacao #275;9;2
G03;276;276;0;titulo;33fafeba;G03-A16;2026-06-03T18:26:37.000;docs(wad): definicao da promocao da aplicacao secao 6.6 #276;10;2
G03;277;277;0;titulo;f5989312;G03-A12;2026-06-04T15:46:23.000;feat[RED](#277): cria tests de produtor;295;0
G03;277;277;0;titulo;aab58cc2;G03-A12;2026-06-05T12:25:56.000;feat[(#277): corrige logica de insercao de produtor;770;292
G03;277;277;0;titulo;a4fee905;G03-A12;2026-06-05T17:09:10.000;feat[(#277): altera estrutura para insercao unnica de dados de parceiro/fornecedor;1028;384
G03;277;277;0;titulo;3e148ca6;G03-A12;2026-06-07T13:16:55.000;fix(#277): corrige migration cpf de 17 para 20 de tamanho;18;15
G03;278;278;0;titulo;2d2ac0f4;G03-A12;2026-06-09T00:05:55.000;feat(#278): adiciona rota para convite;931;45
G03;279;279;0;titulo;395c2ec0;G03-A12;2026-06-08T12:56:52.000;feat(#279): implementa rotas e testes para parceiro;1154;13
G03;280;280;0;titulo;a6287d3e;G03-A12;2026-06-07T13:36:22.000;feat(#280): cria novos endpoint para fornecedor;476;0
G03;280;280;0;titulo;941d90d2;G03-A12;2026-06-07T17:44:40.000;fix(#280): corrige json de PUT fornecedor;655;30
G03;281;281;0;titulo;86663f72;G03-A12;2026-06-09T00:47:38.000;test(#281): implementa testes para fazenda;20;0
G03;283;283;0;titulo;8b3d9d57;G03-A12;2026-06-09T01:27:14.000;feat(#283): implementa rotas para usuario;909;42
G03;284;284;0;titulo;3ca6d038;G03-A16;2026-06-05T22:23:38.000;docs(wad): definicao da proposta de valor unica #284;12;3
G03;285;285;0;titulo;52009502;G03-A16;2026-06-05T22:26:28.000;docs(wad): definicao da estrategia de diferenciacao #285;11;2
G03;286;286;0;titulo;1c726a31;G03-A18;2026-06-06T13:31:57.000;docs:(#286):  corrige secao textual do der com base na revisao;3;3
G03;286;286;0;titulo;b9c58e66;G03-A18;2026-06-06T14:09:13.000;docs(#286): corrige imagem do der e descricoes especificas da imagem;2;3
G03;286;286;0;titulo;c9c1ca48;G03-A18;2026-06-06T14:18:36.000;docs(#286): corrige destaque de totalidade na entidade produtor;2;1
G03;288;288;0;titulo;ead8cc66;[externo];2026-06-08T09:28:45.000;fix(grid.css): corrige a renderizacao do grid do front #288;1;1
G03;289;289;0;titulo;6cb7f271;[externo];2026-06-08T13:43:51.000;docs(requisitos-nao-funcionais): corrige os requisitos nao funcionais com base no feedback do merge request #289;3;3
G03;290;290;0;titulo;ae318cc3;[externo];2026-06-08T14:39:19.000;docs(readme): preenche o template do readme com o linkedin dos integrantes, resumo, versoes e professores #290;35;25
G03;291;291;0;titulo;c32872ab;[externo];2026-06-08T14:59:32.000;fix(global.css): corrige comentario sobre a cor do navbar #291;1;1
G03;292;292;0;titulo;a3c533c6;[externo];2026-06-08T21:28:52.000;docs(diagrama-sequencia): adiciona o diagrama de sequencia da funcionalidade reenvio de convite #292;8;0
G03;293;293;0;titulo;18809865;[externo];2026-06-09T16:02:09.000;docs(diagrama-sequencia): adiciona o diagrama de sequencia da funcionalidade de edicao de cadastros #293;8;0
G03;295;295;0;titulo;62e10a52;[externo];2026-06-08T15:49:28.000;docs(diagrama-sequencia): adiciona o diagrama de sequencia da funcionalidade de logout #295;8;0
G03;296;296;0;titulo;5960e19d;G03-A14;2026-06-08T15:57:20.000;docs(#296):corrige o wad com os codigos hexadecimais corretos baseados no css;11;11
G03;296;296;0;titulo;69381224;G03-A14;2026-06-09T10:28:02.000;docs(#296): adiciona jua na lista de fontes usadas no G01-A26;3;2
G03;297;297;0;titulo;a4164f77;[externo];2026-06-08T20:50:42.000;feat(front): implementa a tela de home com a ligacao dos partials e imagens em public e tambem corrige pequenos erros de caminho de imagem dos partials #297;341;15
G03;298;298;0;titulo;2e066022;[externo];2026-06-09T08:50:22.000;feat(front): implementa a tela de fornecedores com a ligacao dos partials, ligacao com navbar e ligacao no app.ts #298;419;2
G03;299;299;0;titulo;97462165;[externo];2026-06-09T09:44:12.000;fix(frontend): corrige cor do texto do bullet de status #299;1;1
G03;300;300;0;titulo;0bf966d4;G03-A19;2026-06-09T12:02:19.000;docs (#300) recupera a pesquisa de crescimento de mercado perdida em um conflito;6;4
G03;301;301;0;titulo;9f1c1d46;[externo];2026-06-09T14:38:44.000;feat(front): implementa a tela de fazendas com a ligacao dos partials, ligacao com navbar e ligacao no app.ts #301;422;1
G03;302;302;0;titulo;a8359e2f;G03-A16;2026-06-11T19:56:37.000;docs(wad): adiciona e organiza referencias da secao 6 #302;21;22
G03;302;302;0;titulo;79379a0b;G03-A16;2026-06-11T20:10:24.000;docs(wad): organiza e adiciona referencias da documentacao #302;0;2
G03;302;302;0;titulo;f5d6a99f;G03-A16;2026-06-11T20:10:24.000;docs(wad): organiza e adiciona referencias da documentacao #302;21;22
G03;303;303;0;titulo;3364523e;G03-A16;2026-06-09T14:30:56.000;docs(wad): correcao da proposta de valor unica #303;2;2
G03;304;304;0;titulo;ac1cf85e;G03-A19;2026-06-09T15:05:12.000;docs (#304) deixa a visao geral do setor menos repetitiva;3;4
G03;304;304;0;titulo;72807941;G03-A19;2026-06-09T15:06:43.000;docs (#304) deixa a visao geral do setor menos repetitiva;3;3
G03;304;304;0;titulo;b598fcc8;G03-A19;2026-06-09T15:07:43.000;docs (#304) adiciona titulo da secao;1;1
G03;304;304;0;titulo;0c776247;G03-A19;2026-06-09T15:09:09.000;docs (#304) deixa tendencias de mercado menos repetitivas;4;4
G03;305;305;0;titulo;75a4f2f1;G03-A18;2026-06-09T15:25:18.000;docs(#305): atualiza matriz de risco;2;2
G03;306;306;0;titulo;db2d1b70;G03-A18;2026-06-09T15:50:04.000;docs(#306): atualiza user stories;36;49
G03;308;308;0;titulo;450a2714;G03-A18;2026-06-09T22:37:42.000;docs(#308): atualiza tipos de usuario da secao 3.1.0;3;4
G03;309;309;0;titulo;13a4f7e8;G03-A16;2026-06-09T15:44:28.000;fix(wad): correção das referencias da secao analise da concorrencia #309;14;13
G03;310;310;0;titulo;d2064a9a;[externo];2026-06-09T21:07:50.000;docs(repositorio): deleta a pasta documentos e o arquivo wad duplicados #310;0;1525
G03;310;310;0;titulo;03551237;[externo];2026-06-09T21:09:42.000;fix(package): deleta o arquivo redundante do package que estava fora da pasta src #310;0;6
G03;312;312;0;titulo;f4eaba03;[externo];2026-06-09T22:13:10.000;feat(frontend): implementa a tela de parceiros com a ligacao dos partials, ligacao com navbar e ligacao no app.ts #312;140;1
G03;313;313;0;titulo;ea8b6ae1;[externo];2026-06-09T22:39:40.000;feat(frontend): implementa a tela de visitas com a ligacao dos partials, ligacao com navbar e ligacao no app.ts #313;137;1
G03;313;313;0;titulo;6673c2c2;[externo];2026-06-09T23:04:02.000;feat(frontend): implementa modal ligado ao botao de adicionar visita com o formulario #313;221;2
G03;314;314;0;titulo;4f6cbc71;G03-A18;2026-06-10T14:50:09.000;docs(#314): atualiza regras de negocio;22;16
G03;315;315;0;titulo;7153da61;[externo];2026-06-09T23:44:25.000;feat(frontend): implementa a tela de usuarios com a ligacao dos partials, ligacao com navbar e ligacao no app.ts #315;224;3
G03;316;316;0;titulo;a1766ebc;[externo];2026-06-10T00:33:18.000;feat(frontend): implementa a tela de login com ligacao no app.ts #316;223;0
G03;317;317;0;titulo;c3e3969d;G03-A15;2026-06-10T13:53:50.000;feat(frontend): implementa o formulario misto com o select de tipagem e alteracao dinamica dos inputs com a area de input pronta para receber o backend #317;577;0
G03;318;318;0;titulo;4866dab1;G03-A15;2026-06-10T15:21:49.000;feat(frontend): implementa a tela de boas vindas e a de cadastro linkadas #318;363;0
G03;319;319;0;titulo;8eb0485e;G03-A15;2026-06-10T17:04:15.000;feat(visitas): integra a tela com o backend e adiciona a funcionalidade de pesquisa #319;174;144
G03;319;319;0;titulo;f41912d4;G03-A15;2026-06-10T17:22:06.000;feat(visitas): cria e implementa modal de feedback da acao de pesquisa #319;102;8
G03;319;319;0;titulo;f8064797;G03-A15;2026-06-10T17:30:00.000;fix(visitas): completa acessibilidade dos modais e tokeniza cor de hover #319;80;36
G03;320;320;0;titulo;4e8283b9;G03-A12;2026-06-12T10:23:41.000;fix(#320): corrige paginacao da tela visitas;278;49
G03;321;321;0;titulo;8a23aa2d;G03-A12;2026-06-11T10:49:48.000;feat(convites#321): envia convite por e-mail com cargo e conclui cadastro via /cad-user;662;160
G03;322;322;0;titulo;267dab63;G03-A15;2026-06-11T09:39:33.000;feat(fornecedores): aplica modal de busca sem resultado e title de hover #322;218;1
G03;322;322;0;titulo;cdbbab8f;G03-A15;2026-06-12T04:15:36.000;fix(api): padroniza chave de erro para mensagem e corrige leitura no front #322;8;8
G03;322;322;0;titulo;459b49ea;G03-A15;2026-06-12T04:26:35.000;fix(api): padroniza chave das respostas json para mensagem e corrige leitura de erro no front de fornecedores #322;30;30
G03;323;323;0;titulo;4a714879;G03-A14;2026-06-11T10:15:10.000;feat(#323): adiciona fluxo de autenticacao do sistema utilizando cookie https0nly. adiciona testes de autenticacao e endpoints para emitir autorizacao necessaria;614;43
G03;324;324;0;titulo;07dc47f2;G03-A16;2026-06-11T14:40:24.000;fix(docs): correcao da secao 4.1 com base nos feedbacks #324;16;9
G03;325;325;0;titulo;1a381a35;G03-A15;2026-06-11T11:36:10.000;feat(parceiros): adiciona api de listagem com paginacao e busca #325;156;13
G03;325;325;0;titulo;bfdd4a31;G03-A15;2026-06-11T12:46:44.000;feat(parceiros): integra a tela com o backend via fetch e aplica modal de busca #325;374;41
G03;325;325;0;titulo;b3ea8b9c;G03-A15;2026-06-11T12:58:29.000;fix(parceiros): corrige insert de produtor no cadastro (remove sigla, adiciona contato) #325;17;2
G03;325;325;0;titulo;fc272da6;G03-A15;2026-06-11T14:08:36.000;feat(parceiros): exige unidade no cadastro e vincula produtor a unidade (sigla obrigatoria) #325;51;24
G03;326;326;0;titulo;5af87ae5;G03-A16;2026-06-11T15:22:25.000;fix(wad): correcao da estrategia de marketing #326;24;47
G03;327;327;0;titulo;fc7b4cd5;G03-A15;2026-06-11T14:25:18.000;docs(diagrama-sequencia): corrige o texto explicativo do diagrama de sequencia de logout #327;1;1
G03;329;329;0;titulo;ca8f03d1;G03-A15;2026-06-11T15:50:32.000;fix(frontend): formata telefone e valor no cadastro e troca relevancia por select #329;59;3
G03;329;329;0;titulo;1481d943;G03-A15;2026-06-11T16:17:07.000;feat(cadastro): adiciona select de uf e mascara de cpf e cnpj e corrige layout do grid #329;70;22
G03;329;329;0;titulo;deb93a0b;G03-A15;2026-06-11T16:35:53.000;feat(cadastro): valida cpf e cnpj no formulario e no service #329;167;10
G03;329;329;0;titulo;74341939;G03-A15;2026-06-11T16:57:21.000;feat(cadastro): liga o botao adicionar fazenda a rota post fazendas #329;39;0
G03;329;329;0;titulo;cd910479;G03-A15;2026-06-11T17:18:06.000;feat(cadastro): cria a casca da tela de fazenda e liga o botao adicionar fazenda a ela #329;74;0
G03;330;330;0;titulo;f587ab68;G03-A19;2026-06-12T19:16:24.000;docs (#330) adiciona diagrama de arquitetura atualizado;1;1
G03;330;330;0;titulo;62c7625d;G03-A19;2026-06-12T23:15:35.000;docs (#330): atualiza descricao do diagrama de arquitetura;3;3
G03;331;331;0;titulo;74b86b15;G03-A15;2026-06-11T22:05:46.000;feat(cadastro): implementa a tela de cadastro de fazenda no grid de 12 colunas sem backend #331;74;8
G03;331;331;0;titulo;c26833e6;G03-A15;2026-06-11T22:11:12.000;fix(cadastro): adiciona margem lateral de 1 coluna na pasta do formulario #331;5;1
G03;331;331;0;titulo;fd5a6497;G03-A15;2026-06-11T22:51:42.000;feat(cadastro): integra envio do parceiro ao backend com fazendas acumuladas e fornecedor opcional #331;201;14
G03;332;332;0;titulo;26afa9ee;G03-A16;2026-06-11T22:39:58.000;docs(wad): faz business model canvas #332;12;4
G03;333;333;0;titulo;41ae59cd;G03-A14;2026-06-11T23:25:08.000;docs(#333): atualiza texto descritivo do diagrama de classes;11;11
G03;333;333;0;titulo;56043ad8;G03-A14;2026-06-11T23:31:53.000;docs(#333): atualiza png do diagrama de classes, adicionando grupo_parceiro e removendo historico;0;0
G03;335;335;0;titulo;77ad6040;G03-A12;2026-06-12T00:28:35.000;"fix(#335); corrige RBAC de convites, replay de aceite e divergências de link/doc";211;65
G03;337;337;0;titulo;d7d7243e;G03-A15;2026-06-12T03:31:44.000;fix(cadastro): re-sincroniza o bloco do form apos reset no envio bem-sucedido #337;2;0
G03;337;337;0;titulo;e1aaa6ea;G03-A15;2026-06-12T03:35:24.000;refactor(cadastro): extrai para numero e lista de uf para formularios.js compartilhado #337;47;54
G03;337;337;0;titulo;3103c098;G03-A15;2026-06-12T03:39:23.000;fix(cadastro): envia fazendas em paralelo e recupera falha parcial sem recriar parceiro #337;73;61
G03;337;337;0;titulo;33cf73b4;G03-A15;2026-06-12T03:46:02.000;fix(parceiros): valida meta e numero de contrato do fornecedor (maior que zero) #337;6;0
G03;337;337;0;titulo;ff4cb514;G03-A15;2026-06-12T03:47:21.000;fix(cadastro): limpa form e usa replace na tela de fazenda para nao duplicar no voltar #337;3;1
G03;337;337;0;titulo;dca994cb;G03-A15;2026-06-12T03:51:20.000;fix(cadastro): valida telefone no cliente e foca o campo certo no modo ambos #337;11;0
G03;338;338;0;titulo;15f7892d;G03-A15;2026-06-12T06:15:48.000;fix(parceiros): grava status com a capitalizacao exigida pela constraint rn12 #338;2;2
G03;338;338;0;titulo;1847077a;G03-A15;2026-06-12T06:17:00.000;fix(parceiros): busca unidade por sigla sem distincao de caixa e espacos #338;3;1
G03;338;338;0;titulo;9225b399;G03-A15;2026-06-12T06:24:48.000;fix(parceiros): busca encontra documento formatado comparando apenas os digitos #338;15;2
G03;339;339;0;titulo;3944f091;G03-A15;2026-06-12T07:05:41.000;feat(contatos): adiciona pop-up novo contato no form de fazenda e acumula contatos para a fazenda #339;194;5
G03;340;340;0;titulo;b3332613;G03-A15;2026-06-12T07:20:32.000;feat(fazendas): persiste contatos vinculados a fazenda no cadastro via fazenda-contato #340;67;11
G03;340;340;0;titulo;618399fa;G03-A15;2026-06-12T07:27:25.000;fix(cadastro): aponta envio de parceiro para api e liga o modo fornecedor ao backend #340;61;3
G03;340;340;0;titulo;556e67a3;G03-A15;2026-06-12T07:38:55.000;fix(cadastro): liga envio a api de parceiro-fornecedor e usa select de unidades na sigla #340;52;5
G03;340;340;0;titulo;6b3c64a9;G03-A15;2026-06-12T07:55:43.000;feat(cadastro): liga card da home, preserva rascunho e vincula unidade pela sigla #340;53;3
G03;340;340;0;titulo;3f7ee4d4;G03-A15;2026-06-12T08:20:36.000;feat(visitas): liga registro de visita ao banco e o card da home ao modal #340;43;10
G03;340;340;0;titulo;aee012a3;G03-A15;2026-06-12T09:14:00.000;feat(fazendas): integra a tela de fazendas com o backend #340;420;76
G03;340;340;0;titulo;34806f6d;G03-A15;2026-06-12T09:39:47.000;feat(cadastro): liga os botoes adicionar das telas aos formularios #340;188;9
G03;340;340;0;titulo;9e5d5448;G03-A15;2026-06-12T10:18:56.000;fix(cadastros): corrige a label de prioridade para cultura #340;2;2
G03;341;341;0;titulo;0403a5b9;G03-A16;2026-06-12T14:00:10.000;fix(wad): corrige business model canvas #341;0;0
G03;342;342;0;titulo;fd5c8633;G03-A14;2026-06-12T15:13:29.000;docs(#342): adiciona novos padrões de G01-A26 que estavam faltando, como singleton cadeia de responsibilidades e dto. tambem adiciona referencias literarias citadas nas teorias dos padroes;57;6
G03;342;342;0;titulo;42b002cd;G03-A14;2026-06-12T17:09:54.000;docs(#342): remove separadores desnecessarios entre secoes do 3.2.7;0;14
G03;343;343;0;titulo;f0f9b380;G03-A14;2026-06-12T15:52:10.000;docs(#343): atualiza secao 3.7 com endpoints adicionados de api jwt para autenticacao. adiciona tambem endpoints faltantes na versao antiga;40;25
G03;343;343;0;titulo;c5739fc8;G03-A14;2026-06-12T16:04:19.000;docs(#343): corrige erros na documentacao presentes anteriormente;4;4
G03;344;344;0;titulo;65446515;G03-A14;2026-06-12T16:08:04.000;refactor(#344): atualiza o swagger.ts com os novos endpoints rastreados;150;10
G03;346;346;0;titulo;b218b71c;G03-A12;2026-06-12T16:12:19.000;docs(#346): preenche secao 5.1.2 e 5.1.3 e parcialmente 5.1.4;76;0
G03;348;348;0;titulo;20c29532;G03-A14;2026-06-12T17:03:25.000;"refactor(#348): remove codigos de rns do controller e adiicona testes unitarios para testes que estavam apenas em integracao. tambem remove console.logs que estavam em producao""";396;404
G03;349;349;0;titulo;36b02d66;G03-A18;2026-06-12T16:28:37.000;docs(#349): corrige numero de usuarios da secao 3.1.0;1;1
G03;350;350;0;titulo;fed37582;G03-A18;2026-06-12T18:24:41.000;feat(contatos): adiciona modal de listagem de contatos #350;118;0
G03;350;350;0;titulo;9bb87645;G03-A18;2026-06-12T18:50:46.000;feat(contatos): liga modal de contatos ao backend #350;209;26
G03;350;350;0;titulo;2731f57e;G03-A18;2026-06-12T19:23:01.000;chore(db): adiciona script reset idempotente de seed #350;197;47
G03;351;351;0;titulo;72bdd4ab;G03-A18;2026-06-12T19:49:03.000;feat(fornecedores): expandir abre detalhe do cadastro (somente leitura) #351;163;2
G03;351;351;0;titulo;ebadc486;G03-A18;2026-06-12T19:57:10.000;feat(parceiros): expandir abre detalhe do cadastro (somente leitura) #351;160;2
G03;351;351;0;titulo;60e093b0;G03-A18;2026-06-12T20:01:05.000;feat(fazendas): expandir abre detalhe do cadastro (somente leitura) #351;108;2
G03;351;351;0;titulo;ba872230;G03-A18;2026-06-12T20:05:58.000;feat(usuarios): expandir abre detalhe do cadastro (somente leitura) #351;123;0
G03;351;351;0;titulo;113520a5;G03-A18;2026-06-12T20:12:15.000;feat(visitas): expandir abre detalhe da visita (somente leitura) #351;121;1
G03;352;352;0;titulo;d556789a;G03-A18;2026-06-12T22:53:36.000;feat(fazendas): edicao de cadastro pelo icone de lapis #352;178;2
G03;352;352;0;titulo;dffa0dfc;G03-A18;2026-06-12T22:59:15.000;feat(fornecedores): edicao de cadastro pelo icone de lapis #352;230;2
G03;352;352;0;titulo;47b8b82c;G03-A18;2026-06-12T23:04:19.000;feat(parceiros): edicao de cadastro pelo icone de lapis #352;228;2
G03;352;352;0;titulo;b4848293;G03-A18;2026-06-12T23:09:43.000;feat(usuarios): edicao de cadastro pelo icone de lapis #352;176;0
G03;352;352;0;titulo;4121225a;G03-A18;2026-06-12T23:15:28.000;feat(visitas): edicao de cadastro pelo icone de lapis (+ endpoint) #352;247;1
G03;352;352;0;titulo;81d5a068;G03-A15;2026-06-12T23:28:53.000;test(rbac): cobre res.locals e ajusta apenas admin view para anonimo #352;27;6
G03;353;353;0;titulo;3b467b92;G03-A18;2026-06-12T22:11:36.000;fix(usuarios): bloqueia desativacao de convite pendente #353;52;10
G03;354;354;0;titulo;c1f10c0e;G03-A18;2026-06-12T20:42:05.000;feat(usuarios): desabilita icone de e-mail conforme status #354;17;1
G03;354;354;0;titulo;4355c53e;G03-A18;2026-06-12T20:50:38.000;feat(usuarios): bloquear pede confirmacao e desativa o usuario #354;36;1
G03;354;354;0;titulo;0cfa6f93;G03-A18;2026-06-12T22:14:23.000;feat(convites): reenvia convite para usuario pendente #354;251;30
G03;355;355;0;titulo;f159c1d9;G03-A16;2026-06-12T20:01:31.000;fix (wad.md): corrige secao 4.1 #355;0;0
G03;355;355;0;titulo;72b24bfe;G03-A16;2026-06-12T20:13:19.000;fix (wad.md): corrige secao 4.1 #355;43;36
G03;357;357;0;titulo;6c696c8d;G03-A16;2026-06-12T20:32:46.000;fix (wad.md): corrige referencias da documentacao #357;23;25
G03;358;358;0;titulo;e4384e7e;G03-A15;2026-06-12T22:53:08.000;feat(rbac): restringe pagina e navbar de usuarios ao admin #358;52;3
G03;360;360;0;titulo;b266833a;G03-A15;2026-06-12T23:52:59.000;docs(wad): preenche secao 4.2 segunda versao da aplicacao #360;51;1
G03;361;361;0;titulo;1823e9e3;G03-A14;2026-06-22T15:55:58.000;refactor(#361): retira scripts inline de certos endpoints que nao seguiam o padrao e coloca o js na pasta public/js. corrige o bud de usuarios nao aparecendo na aba de visitas por falta de isadmin no respectivo endpoint e renomeia convite.route.ts para convite.routes.ts para seguir o padrao do repositorio;829;826
G03;361;361;0;titulo;70bcefc2;G03-A14;2026-06-23T15:49:22.000;refactor(#361): carrega navbar.js em parceiros e visitas para corrigir o logout e remove metodo de controller morto (e seu teste) que renderizava uma view de convite inexistente;2;26
G03;361;361;0;titulo;5b965fe9;G03-A14;2026-06-24T15:21:57.000;"fix(#361): corrige logout em parceiros e visitas (navbar.js) e item usuarios na aba de visitas (isadmin); remove metodo morto exibirform e padroniza nome da rota de convite para convite.routes.ts";10;28
G03;363;363;0;titulo;699ae882;G03-A16;2026-06-22T15:45:58.000;fix: atualizacao da introducao no wad #363;3059;0
G03;363;363;0;titulo;9d83b18d;G03-A16;2026-06-23T10:22:36.000;fix: atualizacao da introducao no wad #363;3059;0
G03;363;363;0;titulo;0fc4d3ef;G03-A16;2026-06-23T10:28:39.000;fix: atualizacao da introducao no wad #363;5;2
G03;365;365;0;titulo;592d0fea;G03-A12;2026-06-22T21:47:27.000;readactor(#365): desacopla script de visita;366;367
G03;367;367;0;titulo;dbc9dc1b;G03-A12;2026-06-23T14:07:16.000;refactor(#367): numera migrations;6;3
G03;371;371;0;titulo;8cb556df;G03-A12;2026-06-23T14:49:24.000;refactor(#371): organiza specs para pasta correta;11;11
G03;374;374;0;titulo;55a91142;G03-A15;2026-06-23T09:56:26.000;docs(auditoria): revisa e remove tags de sprint e secoes que nao sao do G01-A26 #374;43;57
G03;375;375;0;titulo;b12985d6;G03-A15;2026-06-23T21:43:47.000;docs(wad): corrige erro de sintaxe da ancora do sumario da secao de referencias #375;1;1
G03;376;376;0;titulo;90cc837a;G03-A15;2026-06-23T21:37:41.000;docs(readme): corrige o nome do grupo e adiciona o nome do G01-A26 #376;2;4
G03;377;377;0;titulo;79f26357;G03-A15;2026-06-12T03:31:44.000;fix(cadastro): re-sincroniza o bloco do form apos reset no envio bem-sucedido #377;2;0
G03;377;377;0;titulo;7b097c77;G03-A15;2026-06-12T03:35:24.000;refactor(cadastro): extrai para numero e lista de uf para formularios.js compartilhado #377;47;54
G03;377;377;0;titulo;2723f29e;G03-A15;2026-06-12T03:39:23.000;fix(cadastro): envia fazendas em paralelo e recupera falha parcial sem recriar parceiro #377;73;61
G03;377;377;0;titulo;b7328bfd;G03-A15;2026-06-12T03:46:02.000;fix(parceiros): valida meta e numero de contrato do fornecedor (maior que zero) #377;6;0
G03;377;377;0;titulo;94d81f50;G03-A15;2026-06-12T03:47:21.000;fix(cadastro): limpa form e usa replace na tela de fazenda para nao duplicar no voltar #377;3;1
G03;377;377;0;titulo;0e0050f0;G03-A15;2026-06-12T03:51:20.000;fix(cadastro): valida telefone no cliente e foca o campo certo no modo ambos #377;11;0
G03;377;377;0;titulo;21138f70;G03-A15;2026-06-25T22:52:01.000; docs(readme): atualiza estrutura de pastas apos limpeza do repo #377;19;5
G03;378;378;0;titulo;d3a98a80;G03-A15;2026-06-23T21:23:31.000;docs(readme): corrige a ordem alfabetica do nome dos integrantes do grupo #378;3;2
G03;378;378;0;titulo;d80455c3;G03-A15;2026-06-23T21:34:44.000;docs(readme): adiciona e corrige licenca do G01-A26 seguindo o tutorial disponivel pela Apice #378;1;6
G03;380;380;0;titulo;24d28a72;G03-A15;2026-06-25T23:32:01.000;docs(readme): adiciona link do video de demonstracao #380;3;1
G03;381;381;0;titulo;11cbb07e;G03-A15;2026-06-25T22:40:11.000;chore(repo): remove artefato jscpd e untrack .vscode, atualiza gitignore #381;7;9502
G03;381;381;0;titulo;5463be29;G03-A15;2026-06-25T22:46:23.000;chore(src): remove entry point orfao e helpers de teste mortos #381;0;69
G03;382;382;0;titulo;533512c6;G03-A16;2026-06-23T14:13:00.000;fix:atualizacao das forcas de porter #382;6;11
G03;382;382;0;titulo;118798d3;G03-A16;2026-06-23T15:35:49.000;"Revert ""fix:atualizacao das forcas de porter #382""";11;6
G03;383;383;0;titulo;df726645;G03-A14;2026-06-23T15:14:53.000;docs(#383): sincroniza tabelas de endpoints do WAD com a implementacao e corrige rastreabilidade de RF015/RF016/RF018;25;22
G03;384;384;0;titulo;71401e36;G03-A16;2026-06-23T14:23:49.000;fix: atualizacao da solucao #384;5;7
G03;384;384;0;titulo;cd3af8cc;G03-A16;2026-06-23T14:23:49.000;fix: atualizacao da solucao #384;5;7
G03;387;387;0;titulo;8a11cb8b;G03-A16;2026-06-23T15:03:53.000;docs(wad): conclusoes do G01-A26 #387;18;0
G03;388;388;0;titulo;b791e0c7;G03-A13;2026-06-23T15:31:47.000;docs(#388): revisao do art.05 modelagem do banco de dados;7;7
G03;389;389;0;titulo;588fa045;G03-A19;2026-06-23T15:05:33.000;docs (#389): corrige link interno quebrado do item 8 no sumario;1;1
G03;389;389;0;titulo;5a212862;G03-A19;2026-06-23T15:30:59.000;docs (#389): reorganiza seção 8 em ordem alfabética e adiciona referências faltantes em formato APA;18;6
G03;389;389;0;titulo;181aebcd;G03-A19;2026-06-23T15:36:44.000;docs (#389): corrige citação de Carvalho e Rabechini Jr. para coincidir com a referência;1;1
G03;389;389;0;titulo;98a5285d;G03-A19;2026-06-23T15:40:18.000;docs (#389): corrige datas das citações de concorrentes para coincidir com referências em n.d.;4;7
G03;391;391;0;titulo;098afcaf;G03-A16;2026-06-23T15:30:31.000;fix(wad): correcao da evolucao das rnfs com base nos feedbacks da sprint 4 #391;18;17
G03;391;391;0;titulo;721820e7;G03-A16;2026-06-23T15:30:31.000;fix(wad): correcao da evolucao das rnfs com base nos feedbacks da sprint 4 #391;18;17
G03;393;393;0;titulo;7e78df6e;G03-A12;2026-06-23T21:27:30.000;feat(#393): adiciona barra de pesquisa em modal da fazenda.;189;13
G03;393;393;0;titulo;5ba3c91a;G03-A12;2026-06-23T22:01:31.000;style(#393): marca campos obrigatorios em forms fazenda e modal;68;20
G03;395;395;0;titulo;4dfef67f;G03-A15;2026-06-23T22:01:27.000;fix(visitas): popula isadmin na view de visitas para manter nav item de usuarios #395;3;6
G03;395;395;0;titulo;61a60d39;G03-A15;2026-06-23T22:03:41.000;fix(navbar): inclui navbar.js em visitas e parceiros para habilitar o logout #395;2;0
G03;396;396;0;titulo;bea4a41e;G03-A15;2026-06-23T22:37:12.000;fix(estilos): aplica tipografia lato nas mensagens de feedback #396;16;0
G03;396;396;0;titulo;85cd07ec;G03-A15;2026-06-23T22:44:55.000;fix(estilos): aplica tipografia lato na mensagem de feedback de usuarios #396;9;1
G03;397;397;0;titulo;c359b82d;G03-A15;2026-06-23T23:03:50.000;feat(navbar): adiciona quadro deslizante vertical ao trocar de pagina #397;106;3
G03;398;398;0;titulo;bb044ff6;G03-A15;2026-06-24T14:26:52.000;docs(caso-de-uso): corrige secao e tabela dos casos de uso referenciando os requisitos corretos #398;16;18
G03;398;398;0;titulo;949d89e3;G03-A15;2026-06-24T15:00:12.000;docs(caso-de-uso): corrige o diagrama de casos de uso para refletir a tabela e adiciona um caso de uso na tabela #398;3;2
G03;399;399;0;titulo;926725da;G03-A15;2026-06-24T13:17:49.000;docs(diagrama-sequencia): corrige o diagrama de sequencia de envio de link com os apontamentos feitos na correcao #399;1;1
G03;400;400;0;titulo;6fd0ed47;G03-A15;2026-06-24T13:49:39.000;docs(diagrama-sequencia): corrige o diagrama de sequencia de reenvio de convite com os apontamentos feitos na correcao #400;1;1
G03;401;401;0;titulo;58dea43b;G03-A16;2026-06-24T14:17:07.000;fix(wad): correcao da evolucao das rnfs #401;18;17
G03;403;403;0;titulo;5b57ed4b;G03-A16;2026-06-24T14:42:34.000;docs(wad): refinamento das conclusoes do G01-A26 #403;3;0
G03;404;404;0;titulo;8ffd4080;G03-A12;2026-06-24T14:38:02.000;style(#404): marca campos obrigatorios em cadastro;84;22
G03;404;404;0;titulo;b9b54ad1;G03-A12;2026-06-25T10:27:50.000;chore(#404): altera usina de usuario teste;1;1
G03;406;406;0;titulo;5a0b3509;G03-A13;2026-06-24T15:05:11.000;docs(#406): revisao do art.6 logica proposicional e tabela verdade;174;87
G03;407;407;0;titulo;5feaed94;G03-A16;2026-06-24T15:18:53.000;fix(wad): correcao da solucao no wad #407;31;6
G03;409;409;0;titulo;d8f8b77e;G03-A16;2026-06-24T15:55:53.000;fix(wad): correcao da introducao do G01-A26 #409;4;3
G03;410;410;0;titulo;65bf11ad;G03-A15;2026-06-25T09:30:55.000;docs(relatorio-testes): vincula tarefas de teste as user stories #410;8;0
G03;410;410;0;titulo;111fe6fe;G03-A15;2026-06-25T09:40:21.000;docs(relatorio-testes): adiciona analise consolidada dos resultados #410;30;0
G03;411;411;0;titulo;67eea4d8;G03-A15;2026-06-25T08:52:42.000;docs(relatorio-testes): adiciona tabela e analise da tarefa 1 (cadastro de parceiro) #411;19;1
G03;411;411;0;titulo;e65c83ca;G03-A15;2026-06-25T08:55:12.000;docs(relatorio-testes): adiciona tabela e analise da tarefa 2, localizar fornecedor #411;20;0
G03;411;411;0;titulo;3bb1c98d;G03-A15;2026-06-25T08:56:56.000;docs(relatorio-testes): adiciona tabela e analise da tarefa 3, registrar visita #411;20;0
G03;411;411;0;titulo;178f3802;G03-A15;2026-06-25T08:59:44.000;docs(relatorio-testes): adiciona tabela e analise da tarefa 4, consultar fazenda #411;20;0
G03;411;411;0;titulo;e55f2859;G03-A15;2026-06-25T09:02:58.000;docs(relatorio-testes): anonimiza nomes dos participantes e adiciona aviso #411;24;22
G03;412;412;0;titulo;e8640a41;G03-A15;2026-06-25T09:12:16.000;docs(relatorio-testes): preenche heuristicas de nielsen nas tabelas de testes #412;22;20
G03;412;412;0;titulo;fbab6d19;G03-A15;2026-06-25T09:14:50.000;docs(relatorio-testes): move referencia de nielsen para secao 8 em formato apa #412;3;1
G03;413;413;0;titulo;eb8901bb;G03-A12;2026-06-24T18:00:13.000;fix(#413):Problema;79;80
G03;414;414;0;titulo;3d265657;G03-A12;2026-06-24T20:39:50.000;style(#414): modifica campos dos forms;160;96
G03;415;415;0;titulo;3c80d343;G03-A15;2026-06-25T09:59:30.000;docs(relatorio-testes): adiciona priorizacao das melhorias dos testes e adiciona reflexao de fechamento#415;19;0
G03;416;416;0;titulo;461068bb;G03-A15;2026-06-25T10:09:43.000;docs(relatorio-testes): adiciona introducao da secao de testes de usabilidade #416;10;0
G03;416;416;0;titulo;17de9d13;G03-A15;2026-06-25T10:11:47.000;docs(relatorio-testes): ajusta enquadramento de sucesso em toda a secao #416;4;4
G03;417;417;0;titulo;fa5762b3;G03-A15;2026-06-25T11:46:20.000;docs(relatorio-testes): adiciona evidencias e conclusao do relatorio de guerrilha #417;26;2
G03;418;418;0;titulo;8780488c;G03-A12;2026-06-25T11:33:35.000;refactor(#418): renomeia campo prioridade para cultura no parceiro;97;71
G03;419;419;0;titulo;42966eac;G03-A16;2026-06-25T11:51:17.000;fix(wad): correcao da tabela de requisitos nao funcionais #419;17;18
G03;420;420;0;titulo;f39522dc;G03-A12;2026-06-25T11:45:44.000;fix(#420): adiciona defer em scripts faltantes;4;4
G03;421;421;0;titulo;0b25fb20;G03-A18;2026-06-25T11:57:21.000;docs(#421): corrige cardinalidade de fazenda no mer;1;1
G03;422;422;0;titulo;770d24aa;G03-A18;2026-06-25T12:30:13.000;docs(#422): atualiza diagrama de classes;2;2
G03;423;423;0;titulo;c04abf63;G03-A18;2026-06-25T12:53:04.000;docs(#423): atualiza imagem do modelo relacional;0;0
G03;424;424;0;titulo;e305b6fa;G03-A15;2026-06-25T12:46:57.000;docs(relatorio-implementacao): adiciona introducao da integracao mcp fundacao global e partials #424;41;0
G03;424;424;0;titulo;30315db5;G03-A15;2026-06-25T12:47:32.000;docs(relatorio-implementacao): adiciona implementacao das telas ajustes finais e resultado da integracao mcp #424;23;0
G03;424;424;0;titulo;f5f05ce6;G03-A15;2026-06-25T12:57:24.000;docs(relatorio-implementacao): destaca a separacao da fundacao em tres arquivos css distintos #424;2;2
G03;424;424;0;titulo;fdf58263;G03-A15;2026-06-25T12:58:36.000;docs(relatorio-implementacao): remove numeracao 3.1 e 3.2 que conflitava com a numeracao dos capitulos #424;2;2
G03;425;425;0;titulo;a0d3d695;G03-A12;2026-06-25T13:03:16.000;fix(#425): corrigi modal de marcarObrigatorio;2;2
G03;426;426;0;titulo;a8c9299c;G03-A12;2026-06-25T13:18:40.000;fix(#426):  torna marcarObrigatorios robusto a disabled e checkbox;10;2
G03;427;427;0;titulo;5cb5da76;G03-A15;2026-06-25T14:42:04.000;docs(relatorio-testes): corrige numeracao das imagens da secao de evidencia #427;1;1
G03;428;428;0;titulo;c55dc0c6;G03-A16;2026-06-25T15:40:57.000;docs(wad): definicao do que foi implementado na versao final da aplicacao web #428;31;0
G03;429;429;0;titulo;ab779ec0;G03-A16;2026-06-25T16:26:50.000;docs(wad): definicao de pendencias remanescentes na versao final da aplicacao web #429;12;0
G03;430;430;0;titulo;00ad1be5;G03-A12;2026-06-25T19:02:30.000;docs(#430): corrige secao 4.2 e adiciona prints;37;10
G03;431;431;0;titulo;06659f90;G03-A16;2026-06-25T17:01:16.000;docs(wad): definicao das dificuldades tecnicas enfrentadas #431;14;0
G03;431;431;0;titulo;253fdc05;G03-A16;2026-06-25T17:01:16.000;docs(wad): definicao das dificuldades tecnicas enfrentadas #431;14;0
G03;432;432;0;titulo;25256993;G03-A15;2026-06-25T15:21:37.000;docs(relatorio-implementacao): ajusta linguagem subjetiva e destaca observacao sem metalinguagem #432;2;2
G03;433;433;0;titulo;b0b606f1;G03-A14;2026-06-25T15:53:22.000;docs(#433): preenche secao 3.8 de autenticacao, autorizacao e resiliencia;78;4
G03;433;433;0;titulo;bf7e341f;G03-A14;2026-06-25T16:45:08.000;docs(#433): registra limitacao do rnf002 e plano de timeout por inatividade na 3.8.2;4;0
G03;433;433;0;titulo;b9931e84;G03-A14;2026-06-25T17:18:46.000;docs(#433): descreve controle de sessao definitivo na secao 3.8.2 do wad;5;1
G03;433;433;0;titulo;29206f9d;G03-A14;2026-06-25T19:04:07.000;docs(#433): descreve controle de sessao definitivo na 3.8.2 do wad;5;5
G03;434;434;0;titulo;5d488a14;G03-A15;2026-06-25T15:51:03.000;docs(relatorio-usabilidade): reajusta tabelas de metricas dos testes de usabilidade #434;13;13
G03;434;434;0;titulo;02ddae70;G03-A15;2026-06-25T15:51:12.000;docs(relatorio-usabilidade): remove secao de testes sus #434;0;6
G03;434;434;0;titulo;65678fd1;G03-A15;2026-06-25T15:52:33.000;docs(relatorio-usabilidade): adiciona link da planilha real de testes #434;2;0
G03;434;434;0;titulo;8528bda4;G03-A15;2026-06-25T16:00:49.000;docs(relatorio-usabilidade): descreve ambiente de aplicacao dos testes #434;3;1
G03;435;435;0;titulo;818eceb3;G03-A19;2026-06-25T15:54:23.000;docs (#435): adiciona introducao trabalhos futuros;6;0
G03;435;435;0;titulo;a954feaa;G03-A19;2026-06-25T15:55:48.000;docs (#435): adiciona painel de dados;2;0
G03;435;435;0;titulo;528363cb;G03-A19;2026-06-25T15:56:42.000;docs (#435): adiciona implementacao de grupos de parceiros;2;0
G03;435;435;0;titulo;0c867457;G03-A19;2026-06-25T15:57:28.000;docs (#435): adiciona monitoramento visual de relacionamentos;2;0
G03;435;435;0;titulo;7b0af986;G03-A19;2026-06-25T15:58:11.000;docs (#435): adiciona modulo de geolocalizacao e mapas;3;1
G03;435;435;0;titulo;df2852df;G03-A19;2026-06-25T15:59:25.000;docs (#435): adiciona linha do tempo;2;0
G03;435;435;0;titulo;28823d1b;G03-A19;2026-06-25T16:00:09.000;docs (#435): corrige um erro na linha do tempo;1;1
G03;435;435;0;titulo;2d1f63c3;G03-A19;2026-06-25T16:01:23.000;docs (#435): adiciona exportacao automatizada;2;0
G03;435;435;0;titulo;c0734897;G03-A19;2026-06-25T16:02:02.000;docs (#435): adiciona sistema de notificacoes;2;0
G03;436;436;0;titulo;4eff291e;G03-A16;2026-06-25T17:30:41.000;docs(wad): atualiza os status da tabela de rfs #436;28;27
G03;436;436;0;titulo;716bd562;G03-A16;2026-06-25T17:39:24.000;docs(wad): atualizacao status da tabela de rfs #436;1;0
G03;436;436;0;titulo;e7e0e8a4;G03-A16;2026-06-25T17:39:24.000;docs(wad): atualizacao status da tabela de rfs #436;1;0
G03;436;436;0;titulo;91ce15e0;G03-A16;2026-06-25T20:59:41.000;docs(wad): atualizacao status da tabela de rfs #436;27;27
G03;436;436;0;titulo;27a92cdf;G03-A16;2026-06-25T21:03:47.000;docs(wad): atualizacao dos status da tabela de rfs #436;29;27
G03;437;437;0;titulo;10b49ae3;G03-A14;2026-06-25T17:18:41.000;fix(#437): troca expiracao jwt por timeout de inatividade (sliding 3h);226;16
G03;437;437;0;titulo;03680d81;G03-A14;2026-06-25T18:57:09.000;fix(#437): remove limiar e renova sessao em toda requisicao;15;108
G03;439;439;0;titulo;90fa184f;G03-A19;2026-06-25T18:33:21.000;docs (#439): adiciona planos de acao baseados em testes;10;2
G03;439;439;0;titulo;be3494ba;G03-A19;2026-06-25T18:34:30.000;docs (#439): adiciona titulo da secao 7.3;1;1
G03;440;440;0;titulo;c4c44036;G03-A15;2026-06-25T18:53:00.000;feat(home): exibe primeiro nome do usuario logado na saudacao da home #440;14;2
G03;441;441;0;titulo;ed652fae;G03-A12;2026-06-25T19:28:29.000;refactor(#441): remove mocks estáticos das views;1;19
G03;442;442;0;titulo;1975e8c3;G03-A12;2026-06-25T19:45:27.000;fix(#442): falha visível para .sql fora da convenção em migrate;26;4
G03;443;443;0;titulo;25154eda;G03-A12;2026-06-25T20:31:08.000;docs(#443): numeracao corrigida e imagem parginacao-parceiro removida;5;6
G03;443;443;0;titulo;8385d31a;G03-A12;2026-06-25T21:29:11.000;fix(#443): corrige erros dos testes de usabilidade;259;278
G03;444;444;0;titulo;ce8f5bfd;G03-A12;2026-06-26T00:56:47.000;docs(#444):adiciona print para secao 4.3;0;0
G03;445;445;0;titulo;e316f3e0;G03-A18;2026-06-25T20:49:58.000;docs(#445): corrige secao de conclusao e adiciona melhorias futuras;7;17
G03;445;445;0;titulo;5a3fb703;G03-A12;2026-06-26T17:00:33.000;fix(#445): exibe loading nas telas de parceiros, cadastro, fazenda e visitas;12;0
G03;445;445;0;titulo;1dcf1422;G03-A12;2026-06-26T17:02:54.000;fix(#445): cultura de parceiro vira valor unico alinhado ao banco;9;13
G03;445;445;0;titulo;6fbe9278;G03-A12;2026-06-26T17:04:57.000;fix(#445): atualiza swagger/wad de auth (sessao 3h e reenvio de convite);93;2
G03;445;445;0;titulo;a8b0ca30;G03-A12;2026-06-26T17:09:56.000;fix(#445): marca campos NOT NULL obrigatorios no cadastro;19;19
G03;445;445;0;titulo;ad3dda87;G03-A12;2026-06-26T17:13:39.000;fix(#445): aplica obrigatorios e validacao vermelha nos modais de edicao;69;42
G03;445;445;0;titulo;0352cf09;G03-A12;2026-06-26T18:39:34.000;docs(#445): adiciona PUT /api/usuarios (senha) na RTM 3.9.1;1;0
G03;446;446;0;titulo;d792c264;G03-A19;2026-06-25T21:44:11.000;docs (#446): arruma resumo executivo de acordo com feedback;2;2
G03;446;446;0;titulo;a0e1d680;G03-A19;2026-06-25T21:45:39.000;docs (#446): arruma resumo executivo de acordo com feedback paragrafo 4;2;0
G03;446;446;0;titulo;1153b70c;G03-A19;2026-06-25T21:47:37.000;docs (#446): arruma segmentacao de mercado;7;2
G03;446;446;0;titulo;d945f0b4;G03-A19;2026-06-25T21:48:31.000;docs (#446): arruma perfil do publico alvo;4;4
G03;446;446;0;titulo;b8984152;G03-A19;2026-06-25T21:50:06.000;docs (#446): arruma posicionamento;10;14
G03;446;446;0;titulo;5205d6e3;G03-A19;2026-06-25T21:51:41.000;docs (#446): arruma business model canvas;1;3
G03;446;446;0;titulo;f09de2fc;G03-A19;2026-06-25T22:52:08.000;docs (#446): adiciona a descrição textual cpnforme o feedback;19;0
G03;447;447;0;titulo;a2e8417b;G03-A15;2026-06-25T22:09:23.000;fix(home): move saudacao para controller e adiciona teste do primeiro nome #447;74;13
G03;447;447;0;titulo;ab62ae07;G03-A18;2026-06-25T22:36:32.000;docs(#447): corrige status da tabela de rf;12;11
G03;449;449;0;titulo;1819465a;G03-A15;2026-06-25T21:44:16.000;docs(readme): completa secao de instalacao e execucao #449;78;11
G03;450;450;0;titulo;1dcb3e00;G03-A14;2026-06-25T21:53:57.000;docs(#450): atualiza rtm da secao 3.9 com endpoints reais e numeracao correta de rfs;56;32
G03;450;450;0;titulo;0de094e6;G03-A14;2026-06-25T22:03:44.000;docs(#450): preenche colunas de teste e evidencia na rtm da secao 3.9;51;51
G03;450;450;0;titulo;c98903cf;G03-A14;2026-06-25T23:33:55.000;docs(#450): remove notacao dupla de fazendas corrige ct13 mal atribuido e anota rotas view vs json em registro-visitas;11;11
G03;450;450;0;titulo;64c1767c;G03-A14;2026-06-25T23:46:32.000;docs(#450): adiciona evidencias de testes de integracao nos endpoints de listagem de fazendas e produtores no rf004;4;4
G03;450;450;0;titulo;c81b3bd0;G03-A15;2026-06-25T23:50:28.000;docs(wad): alinha endpoints de fazenda na 3-7 com a rtm #450;4;4
G03;451;451;0;titulo;8556c71c;G03-A15;2026-06-25T22:09:23.000;fix(home): move saudacao para controller e adiciona teste do primeiro nome #451;74;13
G03;452;452;0;titulo;35473fd5;G03-A16;2026-06-25T22:12:58.000;fix(wad): correcao da secao 4.3 #452;20;14
G03;453;453;0;titulo;682b15bd;G03-A16;2026-06-25T23:20:22.000;fix(wad): corrige secao 4.3 conforme feedbacks #453;38;23
G03;453;453;0;titulo;ec73f46e;G03-A16;2026-06-26T00:06:11.000;fix(wad): corrige secao 4.3 #453;24;41
G03;454;454;0;titulo;39828be7;G03-A15;2026-06-25T22:58:35.000;docs(readme): adiciona versao 3.0.0 sprint 5 ao historico #454;2;0
G03;454;454;0;titulo;d34817e1;G03-A15;2026-06-25T23:28:10.000;docs(wad): corrige hierarquia e numeracao dos titulos #454;24;24
G03;;158;1;titulo;e0b63365;[externo];2026-05-20T15:19:10.000;docs(#158,#160,#161,#162): adiciona Consulta SQL01;8;8
G03;;158;1;titulo;4dee3303;[externo];2026-05-20T15:48:37.000;docs(#158,#160,#161,#162): adiciona Consulta SQL02;13;1
G03;;158;1;titulo;74623bcb;[externo];2026-05-21T08:09:50.000;docs(#158,#160,#161,#162): adiciona Consulta SQL03;12;0
