grupo;cartao_numero;titulo;sprint;situacao;responsavel;e_integrante;eixos;qtd_eixos;rotulos
G01;1;Análise das 5 forças de Porter;Sprint 01;fechado;G01-A13;1;"Código;Documentação;Negócio";3;"ART.01;BUG;DOCUMENTATION;NEGÓCIOS;P"
G01;2;Redação de introdução - Seção 1;Sprint 01;fechado;[externo];0;Documentação;1;"ART.01;DOCUMENTATION;M"
G01;3;Análise das 5 Forças de Porter - Seção 2.1.1;Sprint 01;fechado;G01-A13;1;Negócio;1;"ART.01;M;NEGÓCIOS"
G01;4;Matriz SWOT - Seção 2.1.2;Sprint 01;fechado;G01-A23;1;Negócio;1;"ART.01;M;NEGÓCIOS"
G01;5;Descrição da solução - Seção 2.1.3;Sprint 01;fechado;G01-A15;1;Documentação;1;"DOCUMENTATION;M"
G01;6;Canvas de proposta de valor - Seção 2.1.4;Sprint 01;fechado;G01-A17;1;"Documentação;Negócio";2;"ART.01;DOCUMENTATION;M;NEGÓCIOS"
G01;7;Matriz de Riscos - Seção 2.1.5;Sprint 01;fechado;G01-A14;1;Negócio;1;"ART.01;M;NEGÓCIOS"
G01;8;Criação de personas - Seção 2.2;Sprint 01;fechado;[externo];0;Design;1;"ART.02;DESIGN;M"
G01;9;Criação de User Storie 1 - Seção 2.3;Sprint 01;fechado;[externo];0;Design;1;"ART.02;DESIGN;G"
G01;10;Criação de User Storie 2 - Seção 2.3;Sprint 01;fechado;G01-A23;1;Design;1;"ART.02;DESIGN;M"
G01;11;Requisitos Funcionais - Seção 3.1;Sprint 01;fechado;G01-A15;1;Código;1;"ART.03;CODE;M"
G01;12;Regras de negócio - Seção 3.1.2;Sprint 01;fechado;G01-A17;1;Código;1;"ART.03;CODE;M"
G01;13;Requisitos Não Funcionais (ISO 25010) - Seção 3.1.2;Sprint 01;fechado;G01-A16;1;Código;1;"ART.03;CODE;M"
G01;14;Diagrama de casos de uso - Seção 3.2.2;Sprint 01;fechado;G01-A13;1;Código;1;"ART.03;CODE;M"
G01;15;Análise SWOT( Informações);Sprint 01;fechado;G01-A23;1;Negócio;1;"ART.01;NEGÓCIOS;P"
G01;16;User Case - Seção 3.2.2;Sprint 01;fechado;G01-A14;1;Código;1;"ART.03;CODE;M"
G01;17;Criação da imagem da matriz SWOT;Sprint 01;fechado;G01-A15;1;Design;1;"ART.01;DESIGN;M"
G01;18;Criação de imagem da Matriz de risco;Sprint 01;fechado;G01-A14;1;Negócio;1;"ART.01;M;NEGÓCIOS"
G01;19;Fluxo de telas;Sprint 01;fechado;G01-A14;1;"Código;Design";2;"CODE;DESIGN;P"
G01;20;Criar as Personas;Sprint 01;fechado;G01-A15;1;Documentação;1;"ART.01;DOCUMENTATION;M"
G01;21;Criação da imagem das 5 forças de Poter's;Sprint 01;fechado;G01-A12;1;"Design;Documentação;Negócio";3;"ART.01;DESIGN;DOCUMENTATION;M;NEGÓCIOS"
G01;22;Identação e modificação para voz passiva analítica da análise das 5 forças de Poter's;Sprint 01;fechado;G01-A12;1;"Documentação;Negócio";2;"ART.01;DOCUMENTATION;M;NEGÓCIOS"
G01;23;Idealização do fluxo de telas;(sem sprint);fechado;G01-A16;1;Design;1;"ART.01;DESIGN;M"
G01;24;Descrição da solução - 2.1.3;(sem sprint);fechado;G01-A13;1;"Documentação;Negócio";2;"ART.01;DOCUMENTATION;G;NEGÓCIOS"
G01;25;Criação da Persona 3 - Coordenador;Sprint 01;fechado;G01-A12;1;"Design;Documentação";2;"ART.01;DESIGN;DOCUMENTATION;M"
G01;26;Criação dos templates das 3 personas;Sprint 01;fechado;G01-A12;1;"Design;Documentação";2;"ART.01;DESIGN;DOCUMENTATION;G"
G01;27;Criar a imagem do canvas de valor;Sprint 01;fechado;G01-A15;1;"Design;Documentação;Negócio";3;"ART.01;DESIGN;DOCUMENTATION;NEGÓCIOS;P"
G01;28;Preencher a seção 2.2 do wad refrente as personas da solução;Sprint 01;fechado;G01-A12;1;"Design;Documentação";2;"ART.01;DESIGN;DOCUMENTATION;M"
G01;29;Relacionar Requisitos Funcionais com Regras de Negócios na Seção 3.1.2;Sprint 01;fechado;G01-A15;1;"Código;Documentação";2;"ART.03;CODE;DOCUMENTATION;M"
G01;30;Use Case 2 - Seção 3.2.2;Sprint 01;fechado;G01-A14;1;"Código;Documentação";2;"ART.03;CODE;DOCUMENTATION;M"
G01;31;Redigir User Stories no WAD - Seção 2.3;Sprint 01;fechado;[externo];0;"Design;Documentação";2;"ART.02;DESIGN;DOCUMENTATION;M"
G01;32;Organizar documents e assets;Sprint 01;fechado;G01-A17;1;Documentação;1;"DOCUMENTATION;P"
G01;33;Introdução da Regra de negócio;Sprint 01;fechado;G01-A17;1;Documentação;1;"DOCUMENTATION;P"
G01;34;Use Case alterações;Sprint 01;fechado;G01-A14;1;"Código;Documentação";2;"ART.03;CODE;DOCUMENTATION;M"
G01;35;Realizar a revisão do wad;Sprint 01;fechado;G01-A15;1;Documentação;1;"DOCUMENTATION;M"
G01;36;Realizar Identação dosartefatos 1, 2 e 3 do wad;Sprint 01;fechado;G01-A12;1;Documentação;1;"ART.01;ART.02;ART.03;DOCUMENTATION;P"
G01;37;Use Case - alteração de diagramas de caso de uso;Sprint 01;fechado;G01-A14;1;"Código;Documentação";2;"ART.03;CODE;DOCUMENTATION;G"
G01;38;Use Case - alteração de imagens;Sprint 01;fechado;G01-A12;1;"Código;Documentação";2;"ART.03;CODE;DOCUMENTATION;M"
G01;39;Use Case - Correção de imagens;Sprint 01;fechado;G01-A14;1;"Código;Documentação";2;"ART.03;CODE;DOCUMENTATION;G"
G01;40;Atulizações na seção 3.2.2 referente as casos de uso;Sprint 01;fechado;G01-A12;1;Documentação;1;"ART.03;DOCUMENTATION;G"
G01;41;Atualizar wad colocando fonte nas imagens e tabelas faltantes e adiciona-las a seção Anexos;Sprint 01;fechado;G01-A12;1;Documentação;1;"ART.01;ART.02;ART.03;DOCUMENTATION;M"
G01;42;Organiza a ordem dos User stories de acordo com a prioridade;(sem sprint);fechado;G01-A15;1;"Design;Documentação";2;"ART.02;DESIGN;DOCUMENTATION;P"
G01;43;Adiciona as fontes nas imagens e revisa wad;Sprint 01;fechado;G01-A15;1;Documentação;1;"ART.01;DOCUMENTATION;P"
G01;44;Criar o diagrama de classes com notação UML - Seção 3.2.3;Sprint 02;fechado;G01-A17;1;Código;1;"ART.04;CODE;P"
G01;45;Adicionar multiplicidades em todos os relacionamentos - Seção 3.2.3;Sprint 02;fechado;G01-A17;1;Código;1;"ART.04;CODE;M"
G01;46;Representar associação entre as classes - Seção 3.2.3;Sprint 02;fechado;G01-A17;1;Código;1;"ART.04;CODE;P1"
G01;47;Representar agregação entre as classes - Seção 3.2.3;Sprint 02;fechado;G01-A17;1;Código;1;"ART.04;CODE;M"
G01;48;Representar composição entre as classes - Seção 3.2.3;Sprint 02;fechado;G01-A17;1;Código;1;"ART.04;CODE;PP"
G01;49;Representar herança entre as classes - Seção 3.2.3;Sprint 02;fechado;G01-A17;1;Código;1;"ART.04;CODE;PP"
G01;50;Estruturação da Ferramenta e Esboço Inicial das Telas;Sprint 02;fechado;G01-A16;1;Design;1;"ART.03;DESIGN;P7"
G01;51;Inserir o diagrama finalizado na Seção 3.2.3 do WAD;Sprint 02;fechado;G01-A17;1;Código;1;"ART.04;CODE;P"
G01;52;Criar o diagrama de sequência UML - Seção 3.2.4;Sprint 02;fechado;G01-A15;1;Código;1;"ART.04;CODE;M"
G01;53;Representar o fluxo Controller -> Service -> Repository -> Banco - Seção 3.2.4;Sprint 02;fechado;G01-A15;1;Código;1;"ART.04;CODE;M"
G01;54;Diagrama de Classes 3.2.3;Sprint 02;fechado;G01-A17;1;Código;1;"ART.4;CODE;PP"
G01;55;Identificar e marcar as mensagens síncronas - Seção 3.2.4;Sprint 02;fechado;G01-A15;1;Código;1;"ART.04;CODE;M"
G01;56;Identificar e marcar as mensagens assíncronas - Seção 3.2.4;Sprint 02;fechado;G01-A15;1;Código;1;"ART.04;CODE;P"
G01;57;Desenho Final das Telas com Grid e Organização Visual;Sprint 02;fechado;G01-A16;1;Design;1;"ART.03;DESIGN;P7"
G01;58;Revisão Final com P6 e Publicação do Link;Sprint 02;fechado;G01-A16;1;Design;1;"ART.03;DESIGN;P7"
G01;59;Representar todos os retornos com linhas tracejadas - Seção 3.2.4;Sprint 02;fechado;G01-A15;1;Código;1;"ART.04;CODE;P"
G01;60;Inserir o diagrama finalizado na seção 3.2.4 do WAD;Sprint 02;fechado;G01-A15;1;Código;1;"ART.04;CODE;PP"
G01;61;Definir notação de uso para o diagrama (Chen ou Crow's Foot) - Seção 3.6.1;Sprint 02;fechado;G01-A23;1;Código;1;"ART.04;CODE;P3"
G01;62;Identificar e listar todas as entidades do domínio - Seção 3.6.1;Sprint 02;fechado;G01-A23;1;Código;1;"ART.04;CODE;P"
G01;63;Definir os atributos de cada entidade - Seção 3.6.1;Sprint 02;fechado;G01-A23;1;Código;1;"ART.04;CODE;M"
G01;64;Verificar consistência interna do diagrama - Seção 3.6.1;Sprint 02;fechado;G01-A23;1;Código;1;"ART.04;CODE;P3"
G01;65;Inserir o diagrama na seção 3.6.1 do WAD;Sprint 02;fechado;G01-A23;1;Código;1;"ART.04;CODE;P3"
G01;66;Criar o DER com base no ER conceitual e diagrama de classes - Seção 3.6.2;Sprint 02;fechado;G01-A14;1;Código;1;"ART.04;CODE"
G01;67;Adicionar cardinalidades explícitas nos dois lados de cada relacionamento - Seção 3.6.2;Sprint 02;fechado;G01-A14;1;Código;1;"ART.04;CODE"
G01;68;Identificar e marcar todas as PKs (Primary keys) - Seção 3.6.2;Sprint 02;fechado;G01-A14;1;Código;1;"ART.04;CODE;P"
G01;69;Identificar e marcar todas as FKs (Foreign keys) - Seção 3.6.2;Sprint 02;fechado;G01-A14;1;Código;1;"ART.04;CODE;P"
G01;70;Verificar coerência com o diagrama de classes (seção 3.2.3) - Seção 3.6.2;Sprint 02;fechado;G01-A14;1;Código;1;"ART.04;CODE;P"
G01;71;Inserir o diagrama finalizado na Seção 3.6.2 no WAD;Sprint 02;fechado;G01-A14;1;Código;1;"ART.04;CODE;M"
G01;72;Preencher a seção 3.2.1 e criar o diagrama de arquitetura;Sprint 02;fechado;G01-A15;1;"Código;Documentação";2;"CODE;DOCUMENTATION;M"
G01;73;Adicionar constraints NOT NULL em todos os campos obrigatórios - Seção 3.6.3;Sprint 02;fechado;[externo];0;Código;1;"ART.04;BUG;CODE;P5"
G01;74;Adicionar constraints UNIQUE onde aplicável - Seção 3.6.3;Sprint 02;fechado;[externo];0;Código;1;"ART.04;BUG;CODE;P5"
G01;75;Adicionar constraints FOREIGN KEY com referências corretas - Seção 3.6.3;Sprint 02;fechado;[externo];0;Código;1;"ART.04;BUG;CODE;P5"
G01;76;Adicionar constraints CHECK onde aplicável - Seção 3.6.3;Sprint 02;fechado;[externo];0;Código;1;"ART.04;BUG;CODE;P5"
G01;77;Criar índices com CREATE INDEX nas colunas relevantes - Seção 3.6.3;Sprint 02;fechado;[externo];0;Código;1;"ART.04;BUG;CODE;P5"
G01;78;Garantir que a ordem de criação das tabelas respeita as dependências - Seção 3.6.3;Sprint 02;fechado;[externo];0;Código;1;"ART.04;BUG;CODE;P5"
G01;79;Testar a execução do script sem erros - Seção 3.6.3;Sprint 02;fechado;[externo];0;Código;1;"ART.04;BUG;CODE;P5"
G01;80;Inserir o modelo relacional e o arquivo migration.sql na seção 3.6.3 do WAD;Sprint 02;fechado;[externo];0;Código;1;"ART.04;BUG;CODE;P5"
G01;81;Listar as USer Stories priorizadas - Seção 3.3;Sprint 02;fechado;G01-A12;1;Design;1;"ART.05;DESIGN;P6"
G01;82;Definir as sequências de interação para cada User Story priorizada - Seção 3.3;Sprint 02;fechado;G01-A12;1;Design;1;"ART.05;DESIGN;P6"
G01;83;Mapear a lógica de navegação de telas - Seção 3.3;Sprint 02;fechado;G01-A12;1;Design;1;"ART.05;DESIGN;P6"
G01;84;Documentar o fluxo em um diagrama - Seção 3.3;Sprint 02;fechado;G01-A12;1;Design;1;"ART.04;DESIGN"
G01;85;Exportar e inserir as imagens do wireframe na seção 3.3 do WAD;Sprint 02;fechado;G01-A13;1;Design;1;"ART.04;DESIGN"
G01;86;Inserir o link público da ferramenta na seção 3.3;Sprint 02;fechado;G01-A13;1;Design;1;"ART.04;DESIGN"
G01;87;Verificar coerência entre o wireframe e o objetivo proposto na entrega - Seção 3.3;Sprint 02;fechado;G01-A13;1;Design;1;"ART.04;DESIGN;P8"
G01;88;Garantir que o fluxo de navegação das User Stories priorizadas está explicado no documento - Seção 3.3;Sprint 02;fechado;G01-A13;1;Design;1;"ART.04;DESIGN"
G01;89;Revisão geral artefato 4;Sprint 02;fechado;G01-A14;1;;0;"ART.04;M"
G01;90;Revisão geral artefato 5;Sprint 02;fechado;G01-A14;1;;0;"ART.05;M"
G01;91;Escrever a consulta SELECT com condição AND no WHERE - Seção 3.6.4;Sprint 03;fechado;G01-A15;1;Código;1;"ART.06;CODE;P"
G01;92;Escrever a consulta SELECT com condição OR no WHERE - Seção 3.6.4;Sprint 03;fechado;(vazio);0;Código;1;"ART.06;BUG;CODE;P1"
G01;93;Escrever a consulta SELECT com NOT e LIKE no WHERE - Seção 3.6.4;Sprint 03;fechado;G01-A15;1;Código;1;"ART.06;CODE;P"
G01;94;Escrever a consulta SELECT com IN combinado com AND no WHERE- Seção 3.6.4;Sprint 03;fechado;G01-A15;1;Código;1;"ART.06;CODE;P"
G01;95;Formalizar a expressão lógica proposicional com conectivos - Seção 3.6.4;Sprint 03;fechado;G01-A15;1;Código;1;"ART.06;CODE;P"
G01;96;Construir tabela-verdade da expressão lógica - Seção 3.6.4;Sprint 03;fechado;G01-A15;1;Código;1;"ART.06;CODE;P"
G01;97;Escrever consulta UPDATE com AND e NOT no WHERE - Seção 3.6.4;Sprint 03;fechado;(vazio);0;Código;1;"ART.06;BUG;CODE;P2"
G01;98;Escrever consulta UPDATE com OR e IN no WHERE - Seção 3.6.4;Sprint 03;fechado;(vazio);0;Código;1;"ART.06;BUG;CODE;P2"
G01;99;Escrever consulta DELETE com AND e LIKE no WHERE - Seção 3.6.4;Sprint 03;fechado;(vazio);0;Código;1;"ART.06;BUG;CODE;P2"
G01;100;Verificar as expressões proposicionais e tabelas-verdade - Seção 3.6.4;(sem sprint);fechado;(vazio);0;Código;1;"ART.06;BUG;CODE;P2"
G01;101;Revisão da Seção 3.6.4 e inserir conteúdo no WAD;Sprint 03;fechado;(vazio);0;Código;1;"ART.06;BUG;CODE;P2"
G01;102;Definir cores do G01-A26, justificar escolha e inserir amostra visual na documentação - Seção 3.4 do WAD;Sprint 03;fechado;(vazio);0;"Código;Design";2;"ART.07;BUG;DESIGN;P3"
G01;103;Mapeamento de WebAPI;Sprint 03;fechado;G01-A14;1;Código;1;"ART.8;CODE;M"
G01;104;Criacao do Modelo Logico Secao 3.6.3;(sem sprint);fechado;[externo];0;"Design;Documentação";2;"ART.4;DESIGN;DOCUMENTATION;M"
G01;105;Diagrama Fisico (70%) 3.6.3;(sem sprint);fechado;[externo];0;Código;1;"ART.4;CODE;G"
G01;106;Adicionar modelo de MVC;Sprint 02;fechado;G01-A17;1;Código;1;"CODE;PP"
G01;107;Revisar o wad;Sprint 03;fechado;G01-A15;1;Documentação;1;"DOCUMENTATION;M"
G01;108;Adicionar-modelo-fisico no migrations.sql(30%);Sprint 02;fechado;[externo];0;Código;1;"ART.04;CODE;G"
G01;109;Revisão da documentação com base no feedback da sprint 1;Sprint 02;fechado;G01-A14;1;Documentação;1;"DOCUMENTATION;M"
G01;110;Alterar Pasta Raiz para se adequar ao template;Sprint 02;fechado;[externo];0;Documentação;1;"ART.04;DOCUMENTATION;M"
G01;111;Adiciona Modelo Fisico/Reformula template;Sprint 02;fechado;[externo];0;Código;1;"ART.4;CODE;M"
G01;112;Revisão de documentação geral;Sprint 02;fechado;G01-A14;1;Documentação;1;"DOCUMENTATION;M"
G01;113;Criar telas de cadastro;Sprint 02;fechado;G01-A12;1;Design;1;"ART.04;DESIGN;M"
G01;114;Criar telas de visualizar contratos;Sprint 02;fechado;G01-A12;1;Design;1;"ART.04;DESIGN;M"
G01;115;Criar telas de aprovar solicitações;Sprint 02;fechado;G01-A12;1;Design;1;"ART.04;DESIGN;M"
G01;116;Slides;Sprint 02;fechado;G01-A17;1;Documentação;1;"DOCUMENTATION;M"
G01;117;diagrama entidade de relacionamento;Sprint 02;fechado;G01-A23;1;Documentação;1;"ART.03;DOCUMENTATION;M"
G01;118;Adicionar as mudanças no wad (De acordo com as avaliações);Sprint 03;fechado;G01-A15;1;"Código;Documentação;Negócio";3;"CODE;DOCUMENTATION;M;NEGÓCIOS"
G01;119;Fazer a notação UML com multiplicidades, associação e agregação;Sprint 03;fechado;G01-A15;1;"Código;Documentação";2;"CODE;DOCUMENTATION;G"
G01;120;Construir tasks dos fluxos de telas do wireframes;Sprint 02;fechado;G01-A12;1;Design;1;"ART.04;DESIGN;M"
G01;121;Fazer modificações completas no wad;Sprint 02;fechado;G01-A15;1;"Código;Documentação";2;"ART.4;CODE;DOCUMENTATION;G"
G01;122;Correção de diagramas e texto da seção 3;Sprint 02;fechado;G01-A14;1;"Código;Documentação";2;"CODE;DOCUMENTATION;G"
G01;123;Revisar pasta Source;Sprint 02;fechado;[externo];0;Código;1;"ART.4;BUG;CODE_REVIEW;G"
G01;124;Documentar a introdução e conclusão da seção do Wireframe no wad;Sprint 02;fechado;G01-A12;1;"Código;Design;Documentação";3;"ART.04;CODE;DESIGN;DOCUMENTATION;M"
G01;125;Testagem de Endpoints;Sprint 03;fechado;G01-A14;1;Código;1;"ART.8;CODE;M"
G01;126;refatoração na estrutura de pastas;Sprint 03;fechado;G01-A14;1;Código;1;"ART.8;CODE;M"
G01;127;Diagrama de sequência: aprovar/rejeitar solicitações de alterações - Seção 3.2.4;Sprint 03;fechado;G01-A13;1;Código;1;"ART.9;CODE;G"
G01;128;Diagrama de sequência: Vizualizar dashboards - Seção 3.2.4;Sprint 03;fechado;G01-A13;1;Código;1;"ART.9;CODE;G"
G01;129;Diagrama de sequência: Gerenciamento de Contrato - Seção 3.2.4;Sprint 03;fechado;G01-A13;1;Código;1;"ART.9;CODE;G"
G01;130;Reajuste do Artefato 2 - Design UX com base no Feedback da Sprint 1;Sprint 03;fechado;G01-A16;1;"Design;Documentação";2;"DESIGN;DOCUMENTATION"
G01;131;Reajuste do Artefato 2 - Computação com base no Feedback da Sprint 1;Sprint 03;fechado;G01-A16;1;Documentação;1;"COMP;DOCUMENTATION"
G01;132;Reajuste do Artefato 1 - Negócios com base no Feedback da Sprint 1;Sprint 03;fechado;G01-A16;1;"Documentação;Negócio";2;"DOCUMENTATION;NEGÓCIOS"
G01;133;Buscar inspirações de guias de estilos para uso no protótipo;Sprint 03;fechado;G01-A12;1;"Design;Documentação";2;"ART.07;DESIGN;DOCUMENTATION;M"
G01;134;1ª Versão do Sistema Web - WebAPI;Sprint 03;fechado;G01-A17;1;Código;1;"ART.8;CODE"
G01;135;Diagrama de Classes Arquitetural - Seção 3.2.3.1;Sprint 03;fechado;G01-A13;1;Código;1;"ART.9;CODE;G"
G01;136;Atualização da Matriz de Rastreabilidade - Seção 3.1.4;Sprint 03;fechado;G01-A13;1;Código;1;"ART.9;CODE;G"
G01;137;Reajuste do Artefato 1 - Negócios com base no Feedback da Sprint 1 (imagens);(sem sprint);fechado;G01-A16;1;"Documentação;Negócio";2;"DOCUMENTATION;NEGÓCIOS"
G01;138;Definir cores usadas no guia de estilos;Sprint 03;fechado;G01-A12;1;"Design;Documentação";2;"ART.07;DESIGN;DOCUMENTATION;M"
G01;139;3.6.4 Consultas SQL e lógica proposicional;Sprint 02;fechado;G01-A23;1;Documentação;1;"ART.02;DOCUMENTATION;SIZE_P"
G01;140;Criar template para o sistema com base no tutorial do [externo];Sprint 03;fechado;G01-A17;1;Código;1;"CODE;G"
G01;141;Implementação do sistema web - teste - atualização de dados;Sprint 03;fechado;G01-A14;1;Código;1;"ART.8;CODE;G"
G01;142;Testes automatizados para fluxo de Consulta de Fornecedores;Sprint 03;fechado;G01-A17;1;"Código;Documentação";2;"CODE;DOCUMENTATION;G"
G01;143;Implementação do sistema web- teste-Cadastro de fornecedor;(sem sprint);fechado;G01-A15;1;Código;1;"CODE;M"
G01;144;gerenciamento de solicitaçao;Sprint 02;fechado;(vazio);0;"Código;Documentação";2;"BUG;DOCUMENTATION;P"
G01;145;Implementar o back-end da vizualização do dashboard;Sprint 03;fechado;G01-A13;1;Código;1;"CODE;G"
G01;146;Cria os testes de gerenciamento de contrato;(sem sprint);fechado;G01-A16;1;;0;G
G01;147;teste de implementação - atualização de produção;Sprint 03;fechado;G01-A14;1;Código;1;"ART.8;CODE;G"
G01;148;Cria os testes de cadastro de fornecedor;(sem sprint);fechado;G01-A15;1;Código;1;"CODE;G"
G01;149;Aprovar merges requests da ponderada;Sprint 03;fechado;G01-A17;1;Código;1;"CODE;P"
G01;150;Aprovação de marge request e revisão dos testes;Sprint 03;fechado;G01-A14;1;Código;1;"ART.8;CODE;M"
G01;151;Transformando wireframe e página web;Sprint 03;fechado;G01-A17;1;Código;1;"CODE;M"
G01;152;Configurando endpoints;Sprint 03;fechado;G01-A17;1;Código;1;"CODE;M"
G01;153;arquitetura em Camadas (seção 3.2.7)- ART 9;Sprint 03;fechado;G01-A23;1;Documentação;1;"ART.9;DOCUMENTATION;M"
G01;154;Preencher a seção 3.6.4;Sprint 03;fechado;G01-A15;1;Documentação;1;"ART.06;DOCUMENTATION;M"
G01;155;Documentação seção 3.7;Sprint 03;fechado;G01-A14;1;Documentação;1;"ART.9;DOCUMENTATION;M"
G01;156;Configurar endpoints;Sprint 03;fechado;G01-A17;1;Código;1;"ART.8;CODE;G"
G01;157;Atualizar a seção 3.1.3;(sem sprint);fechado;G01-A15;1;Código;1;"ART.9;CODE;M"
G01;158;Atualizar os Requisitos funcionais do sistema;(sem sprint);fechado;G01-A15;1;Código;1;"ART.9;CODE;P"
G01;159;Criar a matriz de rastreabilidade do sistema;(sem sprint);fechado;G01-A15;1;Código;1;"ART.9;CODE;M"
G01;160;Aplicar boas práticas;Sprint 03;fechado;G01-A17;1;Código;1;"CODE;M"
G01;161;Preencher a seção 3.2.7;(sem sprint);fechado;G01-A15;1;Código;1;"ART.9;CODE;M"
G01;162;Refactor na estrutura de código;Sprint 03;fechado;G01-A14;1;Código;1;"ART.8;CODE;G"
G01;163;Revisão de código;Sprint 03;fechado;G01-A14;1;Código;1;"ART.8;CODE;G"
G01;164;Revisão de código;Sprint 03;fechado;G01-A17;1;Código;1;"CODE;G"
G01;165;Revisar todo o wad;(sem sprint);fechado;G01-A15;1;Documentação;1;"DOCUMENTATION;M"
G01;166;Relatório de Desenvolvimento (seção 4.1) - c e d;Sprint 03;fechado;G01-A23;1;"Código;Documentação";2;"ART.9;BUG;DOCUMENTATION;SIZE_P"
G01;167;Refatoração de código - retirar duplicatas;Sprint 03;fechado;G01-A14;1;Código;1;"ART.8;CODE;M"
G01;168;Adicionar testes testes automatizados;Sprint 03;fechado;G01-A17;1;Código;1;"CODE;G"
G01;169;Refatoração de codigo;Sprint 03;fechado;G01-A14;1;Código;1;"ART.8;CODE;M"
G01;170;Revisão de documentação;Sprint 03;fechado;G01-A14;1;Documentação;1;"ART.9;DOCUMENTATION"
G01;171;Preencher seção do Guia de Estilos;Sprint 03;fechado;G01-A12;1;Design;1;"ART.07;DESIGN;G"
G01;172;Definir Tipograia usada no guia de estilo;Sprint 03;fechado;G01-A12;1;Design;1;"ART.07;DESIGN;M"
G01;173;Definir Icones usados no guia de estilos;Sprint 03;fechado;G01-A12;1;Design;1;"ART.07;DESIGN;M"
G01;174;Criação do guia de estilos (parte 1: cores);Sprint 03;fechado;G01-A12;1;Design;1;"ART.07;DESIGN;M"
G01;175;Criação do guia de estilos (parte 2: tipografia);Sprint 03;fechado;G01-A12;1;Design;1;"ART.07;DESIGN;M"
G01;176;Criação do guia de estilos (parte 3: ícones);Sprint 03;fechado;G01-A12;1;Design;1;"ART.07;DESIGN;M"
G01;177;Preencher seção do Protótipo de alta fidelidade;Sprint 03;fechado;G01-A12;1;"Código;Design";2;"ART.07;CODE;DESIGN;G"
G01;178;Construção do protótipo de alta fidelidade no figma;Sprint 03;fechado;G01-A12;1;"Código;Design";2;"ART.07;CODE;DESIGN;G"
G01;179;Atualizar fluxo 1 wireframe;Sprint 03;fechado;G01-A12;1;"Código;Design";2;"ART.07;CODE;DESIGN;M"
G01;180;Atualizar fluxo 2 wireframe;Sprint 03;fechado;G01-A12;1;"Código;Design";2;"ART.07;CODE;DESIGN;M"
G01;181;Atualizar fluxo 3 wireframe;Sprint 03;fechado;G01-A12;1;"Código;Design";2;"ART.07;CODE;DESIGN;M"
G01;182;Atualizar fluxo 4 wireframe;Sprint 03;fechado;G01-A12;1;"Código;Design";2;"ART.07;CODE;DESIGN;M"
G01;183;Atualizar fluxo 5 wireframe;Sprint 03;fechado;G01-A12;1;"Código;Design";2;"ART.07;CODE;DESIGN;M"
G01;184;Atualizar fluxo 6 wireframe;Sprint 03;fechado;G01-A12;1;"Código;Design";2;"ART.07;CODE;DESIGN;M"
G01;185;Atualizar fluxo 7 wireframe;Sprint 03;fechado;G01-A12;1;"Código;Design";2;"ART.07;CODE;DESIGN;M"
G01;186;Atualizar seção dos Wireframes;Sprint 03;fechado;G01-A12;1;"Código;Design";2;"ART.07;CODE;DESIGN;M"
G01;187;Documentar Estratégia de Testes - Seção 5.1.1;Sprint 04;fechado;G01-A16;1;"Código;Documentação";2;"ART.11;CODE;DOCUMENTATION"
G01;188;Documentar Testes Obrigatórios de Service - Seção 5.1.2;Sprint 04;fechado;G01-A16;1;"Código;Documentação";2;"ART.11;CODE;DOCUMENTATION"
G01;189;Documentar Testes de Integração de Endpoints - Seção 5.1.3;Sprint 04;fechado;G01-A13;1;"Código;Documentação";2;"ART.11;CODE;DOCUMENTATION;G"
G01;190;Documentar Evidências de Execução - Seção 5.1.4;Sprint 04;fechado;G01-A13;1;"Código;Documentação";2;"ART.11;CODE;DOCUMENTATION;G"
G01;191;Criar arquivos html para o front-end;Sprint 04;fechado;G01-A17;1;Código;1;"Art. 10;CODE;G"
G01;192;Conectar front-end com back-end;Sprint 04;fechado;G01-A14;1;Código;1;"Art.12;CODE;G"
G01;193;Conectar front-end com os endpoints;Sprint 04;fechado;G01-A17;1;Código;1;"Art. 10;CODE;G"
G01;194;Refatoração de backend a partir de correção do último artefato;Sprint 04;fechado;G01-A14;1;Código;1;"Art. 10;CODE;G"
G01;195;Iniciar o ART.12;Sprint 04;fechado;G01-A15;1;"Documentação;Negócio";2;"Art.12;DOCUMENTATION;M;NEGÓCIOS"
G01;196;Configurar icones no front end;Sprint 04;fechado;G01-A17;1;Código;1;"Art. 10;CODE;G"
G01;197;Implementação do front-end;(sem sprint);fechado;G01-A17;1;Código;1;"Art. 10;CODE;G"
G01;198;- 3.2.1    Diagrama de Arquitetura;Sprint 04;fechado;G01-A23;1;Documentação;1;"DOCUMENTATION;M"
G01;199;Preencher seção 6 do WAD referentes ao estudo de análise de mercado e estratégias de marketing.;Sprint 04;fechado;G01-A12;1;"Documentação;Negócio";2;"Art.12;DOCUMENTATION;G;NEGÓCIOS"
G01;200;Preencher seção 6.1 referente ao resumo executivo;Sprint 04;fechado;G01-A12;1;"Documentação;Negócio";2;"Art.12;DOCUMENTATION;M;NEGÓCIOS"
G01;201;Preencher seção 6.2 referente a análise de mercado;Sprint 04;fechado;G01-A12;1;"Documentação;Negócio";2;"Art.12;DOCUMENTATION;M;NEGÓCIOS"
G01;202;Preencher seção 6.3 referente ao público alvo;Sprint 04;fechado;G01-A12;1;"Documentação;Negócio";2;"Art.12;DOCUMENTATION;M;NEGÓCIOS"
G01;203;Configurar métodos GET, POST e etc com o Front;Sprint 04;fechado;G01-A14;1;Código;1;"Art. 10;CODE;G"
G01;204;Refazer a seção 3.2.1 (foi apagada);Sprint 04;fechado;G01-A15;1;"Código;Documentação";2;"CODE;DOCUMENTATION;M"
G01;205;Refazer a seção 3.2.3.1(foi apagada);(sem sprint);fechado;G01-A15;1;"Código;Documentação";2;"CODE;DOCUMENTATION;PP"
G01;206;Atualizar Diagramas Restantes - Artefato 13;Sprint 04;fechado;G01-A15;1;"Código;Documentação";2;"ART.13;CODE;DOCUMENTATION;G"
G01;207;Refatorar service;Sprint 04;fechado;G01-A17;1;Código;1;"Art. 10;CODE"
G01;208;3.2.6    Diagrama de Implantação;Sprint 04;fechado;G01-A23;1;Documentação;1;"ART.13;DOCUMENTATION;P"
G01;209;Ajuste de Frontend com Backend;Sprint 04;fechado;G01-A14;1;Código;1;"Art. 10;CODE;G"
G01;210;Consertar erros do wad;Sprint 04;fechado;G01-A15;1;Documentação;1;"DOCUMENTATION;G"
G01;211;Fazer a seção 3.2.6;Sprint 04;fechado;G01-A15;1;"Código;Documentação";2;"ART.13;CODE;DOCUMENTATION;P"
G01;212;Atualizar a seção 3.2.7;Sprint 04;fechado;G01-A15;1;"Código;Documentação";2;"ART.13;CODE;DOCUMENTATION;P"
G01;213;Arrumar tela de cadastro e consulta;Sprint 04;fechado;G01-A17;1;Código;1;"CODE;M"
G01;214;Atualizar modelo ER 3.6.2;Sprint 04;fechado;G01-A15;1;"Código;Documentação";2;"ART.13;CODE;DOCUMENTATION;P"
G01;215;Atualizar o Diagrama Entidade-Relacionamento (DER);Sprint 04;fechado;G01-A15;1;"Código;Documentação";2;"ART.13;CODE;DOCUMENTATION;P"
G01;216;Atualizar a seção 3.6.3;Sprint 04;fechado;G01-A15;1;"Código;Documentação";2;"ART.13;CODE;DOCUMENTATION;P"
G01;217;Atualizar todos o RF, RNF e RN;Sprint 04;fechado;G01-A15;1;"Código;Documentação";2;"ART.13;CODE;DOCUMENTATION;G"
G01;218;Corrigir bugs de conflito com merge;Sprint 04;fechado;G01-A17;1;Código;1;"CODE;M"
G01;219;Navegação entre telas;Sprint 04;fechado;G01-A14;1;"Código;Design";2;"Art. 10;BUG;CODE;DESIGN;G"
G01;220;Construir Imagem do Canvas;Sprint 04;fechado;G01-A12;1;"Design;Documentação;Negócio";3;"Art.12;DESIGN;DOCUMENTATION;M;NEGÓCIOS"
G01;221;Preencher documentação relacionada ao Canvas;Sprint 04;fechado;G01-A12;1;"Documentação;Negócio";2;"Art.12;DOCUMENTATION;M;NEGÓCIOS"
G01;222;Fazer a seção 4.2;Sprint 04;fechado;G01-A15;1;"Código;Documentação";2;"ART.11;CODE;DOCUMENTATION;M"
G01;223;Implementar página de notificação;Sprint 05;fechado;G01-A14;1;Código;1;"ART.14;CODE;G"
G01;224;Implementar página de solicitação;Sprint 05;fechado;G01-A14;1;Código;1;"ART.14;CODE;M"
G01;225;atualizar seções desatualizadas;Sprint 05;fechado;G01-A16;1;Documentação;1;"ART.16;DOCUMENTATION;G"
G01;226;limpar seção 8, remover duplicatas e padronizar APA;Sprint 05;fechado;G01-A16;1;Documentação;1;"ART.16;DOCUMENTATION;G"
G01;227;seção 7 conclusões: objetivos atingidos vs seção 2;Sprint 05;fechado;G01-A16;1;Documentação;1;"ART.16;DOCUMENTATION;G"
G01;228;seção 7 trabalhos futuros: melhorias priorizadas + features futuras;Sprint 05;fechado;G01-A16;1;Documentação;1;"ART.16;DOCUMENTATION;G"
G01;229;Adicionar funcionalidade do card consultar;Sprint 05;fechado;G01-A17;1;Código;1;"CODE;G"
G01;230;Corrigir endpoints reais da WebAPI;Sprint 05;fechado;G01-A16;1;Código;1;"ART.13;CODE;M"
G01;231;Remover entidades fantasmas do DER;Sprint 05;fechado;G01-A16;1;Código;1;"ART.13;CODE;M"
G01;232;Corrigir contagem de controllers no diagrama;Sprint 05;fechado;G01-A16;1;Código;1;"ART.13;CODE;M"
G01;233;Alinhar método HTTP no diagrama sequência;Sprint 05;fechado;G01-A16;1;Código;1;"ART.13;CODE;M"
G01;234;Atualizar o Readme;Sprint 05;fechado;G01-A13;1;Documentação;1;"ART.18;DOCUMENTATION;G"
G01;235;Gravar Video de Demonstração da Aplicação;Sprint 05;fechado;G01-A23;1;Documentação;1;"DOCUMENTATION;M"
G01;236;Remover testes fantasmas LoginService do relatório;Sprint 05;fechado;G01-A16;1;Código;1;"ART.11;CODE;M"
G01;237;Correção de erros com base na avaliação dos artefatos;Sprint 05;fechado;G01-A14;1;Código;1;"ART.14;CODE;M"
G01;238;Adicionar cenários 404 nos testes de integração;Sprint 05;fechado;G01-A16;1;Código;1;"ART.11;CODE;M"
G01;239;Criar base de um dashboard;Sprint 05;fechado;G01-A17;1;Código;1;"CODE;G"
G01;240;Padronizar nomenclatura dos arquivos de teste;Sprint 05;fechado;G01-A16;1;Código;1;"ART.11;CODE;M"
G01;241;Elevar cobertura de Service para 80%;Sprint 05;fechado;G01-A16;1;Código;1;"ART.11;CODE;M"
G01;242;Corrigir migration 12 e schema fornecedores;Sprint 05;fechado;G01-A16;1;Código;1;"Art. 10;CODE;M"
G01;243;Corrigir cookie de sessão e proteger /inicio;Sprint 05;fechado;G01-A16;1;Código;1;"Art. 10;CODE;M"
G01;244;Fix do historico (ajuste no codigo);Sprint 05;fechado;G01-A16;1;Código;1;"ART.14;CODE_REVIEW;P"
G01;245;Revisão da estrutura atual do código;Sprint 05;fechado;G01-A14;1;Código;1;"ART.14;CODE;M"
G01;246;Gerar Licensa do G01-A26 - README;(sem sprint);fechado;G01-A13;1;Documentação;1;"ART.18;DOCUMENTATION;P"
G01;247;Refazer e ajustar a seção 2.1.1;Sprint 05;fechado;G01-A15;1;"Código;Negócio";2;"ART.18;BUG;NEGÓCIOS;P"
G01;248;Criando Dashboard;Sprint 05;fechado;G01-A17;1;Código;1;"CODE;G"
G01;249;Refazer e ajustar a seção 2.1.2;Sprint 05;fechado;G01-A15;1;"Código;Negócio";2;"ART.18;BUG;NEGÓCIOS;P"
G01;250;Correção dos testes automatizados;Sprint 05;fechado;G01-A14;1;Código;1;"ART.14;CODE;P"
G01;251;Refazer e reajustar a seção 2.1.1;Sprint 05;fechado;G01-A15;1;"Documentação;Negócio";2;"ART.16;DOCUMENTATION;NEGÓCIOS;P"
G01;252;Refazer e reajustar a seção 2.1.2;Sprint 05;fechado;G01-A15;1;"Documentação;Negócio";2;"ART.16;DOCUMENTATION;NEGÓCIOS;P"
G01;253;Refazer e reajustar a seção 2.1.3 até a 2.1.4;Sprint 05;fechado;G01-A15;1;"Documentação;Negócio";2;"ART.16;DOCUMENTATION;M;NEGÓCIOS"
G01;254;Refazer e atualizar todas as matrizes e diagramas;Sprint 05;fechado;G01-A15;1;"Código;Documentação";2;"CODE;DOCUMENTATION;G"
G01;255;Refazer e reajustar a seção 3.7;Sprint 05;fechado;G01-A15;1;"Código;Documentação";2;"CODE;DOCUMENTATION;M"
G01;256;Preencher a seção de conclusão e trabalhos futuros;Sprint 05;fechado;G01-A15;1;Documentação;1;"ART.16;DOCUMENTATION;M"
G01;257;Revisar todo o wad;Sprint 05;fechado;G01-A15;1;Documentação;1;"DOCUMENTATION;G"
G01;258;corrige campos de preenchimento do cadastro;Sprint 05;fechado;G01-A14;1;Código;1;"ART.14;CODE;PP"
G01;259;Criação de usuários de login;Sprint 05;fechado;G01-A14;1;Código;1;"ART.14;CODE;M"
G01;260;Correção de fluxo de solicitação;Sprint 05;fechado;G01-A14;1;Código;1;"ART.14;CODE;M"
G01;261;Atualizando Dashboard;Sprint 05;fechado;G01-A17;1;Código;1;"CODE;G"
G01;262;Atualizar a seção 3.9 do wad;Sprint 05;fechado;G01-A15;1;"Código;Documentação";2;"ART.16;CODE;DOCUMENTATION;G"
G01;263;Atualizando filtros do dashboard;Sprint 05;fechado;G01-A17;1;Código;1;"CODE;G"
G01;264;Fazer descrição do G01-A26 - README;Sprint 05;fechado;G01-A13;1;Documentação;1;"ART.18;DOCUMENTATION;M"
G01;265;Atualizar a seção 3.1;Sprint 05;fechado;G01-A15;1;"Código;Documentação";2;"ART.16;CODE;DOCUMENTATION;M"
G01;266;Atualiza a seção 3.6;Sprint 05;fechado;G01-A15;1;"Código;Documentação";2;"ART.16;CODE;DOCUMENTATION;P"
G01;267;Corrigir sidebar;Sprint 05;fechado;G01-A17;1;Código;1;"CODE;G"
G01;268;implementar funcionalidade no botão de sair da barra lateral;Sprint 05;fechado;G01-A14;1;Código;1;"ART.14;CODE;P"
G01;269;implementar formatação de campos de preenchimento;Sprint 05;fechado;G01-A14;1;Código;1;"ART.14;CODE;P"
G01;270;Revisão do código atual;Sprint 05;fechado;G01-A14;1;Código;1;"ART.14;CODE;PP"
G01;271;Refatorar código atual;Sprint 05;fechado;G01-A14;1;Código;1;"ART.14;CODE;M"
G01;272;Atualizar as Instruções de Execução - README;Sprint 05;fechado;G01-A13;1;Documentação;1;"ART.18;DOCUMENTATION;P"
G01;273;Preencher a seção 3.8;Sprint 05;fechado;G01-A15;1;Documentação;1;"ART.16;DOCUMENTATION;M"
G01;274;Corrigir barra lateral;Sprint 05;fechado;G01-A17;1;Código;1;"CODE;M"
G01;275;Alterar Fontes para o Formato ABNT - WAD;Sprint 05;fechado;G01-A23;1;Documentação;1;"ART.18;DOCUMENTATION;P"
G01;276;Corrigindo header;Sprint 05;fechado;G01-A17;1;Código;1;"CODE;M"
G01;277;correção de endpoints de visualização, edição e histórico;Sprint 05;fechado;G01-A14;1;Código;1;"ART.14;BUG;CODE;M"
G01;278;Adicionar tela de visualização de parceiro;Sprint 05;fechado;G01-A17;1;Código;1;"CODE;G"
G01;279;Adicionar tela de edição de parceiro;Sprint 05;fechado;G01-A17;1;Código;1;"CODE;G"
G01;280;Adicionar tela de histórico de edição;Sprint 05;fechado;G01-A17;1;Código;1;"CODE;G"
G01;281;Corrigir telas do parceiro;Sprint 05;fechado;G01-A17;1;Código;1;"CODE;G"
G01;282;"Mover Documentos Adicionais para a Pasta ""outros""";Sprint 05;fechado;G01-A13;1;Documentação;1;"ART.18;DOCUMENTATION;P"
G01;283;Arrumar Links não Acessíveis - WAD;Sprint 05;fechado;G01-A13;1;Documentação;1;"ART.18;DOCUMENTATION;M"
G01;284;Inserir Links dos Integrantes do Grupo na Licensa - README;Sprint 05;fechado;G01-A13;1;Documentação;1;"ART.18;DOCUMENTATION;P"
G01;285;Arrumando estilo das telas;Sprint 05;fechado;G01-A17;1;Código;1;"CODE;G"
G01;286;Adicionando tela de historico;Sprint 05;fechado;G01-A17;1;Código;1;"CODE;G"
G01;287;Implementar tela de histórico funcional;Sprint 05;fechado;G01-A14;1;Código;1;"ART.14;CODE;G"
G01;288;Colocar Arquivos de Configuração na pasta src;Sprint 05;fechado;G01-A13;1;Código;1;"CODE;M"
G01;289;Historico funcional;Sprint 05;fechado;G01-A17;1;Código;1;"CODE;G"
G01;290;Preencher a seção 5.2 refente aos Testes de Usabilidade;Sprint 05;fechado;G01-A12;1;"Design;Documentação";2;"Art. 15;DESIGN;DOCUMENTATION;M"
G01;291;Preencher relatório da primeira leva de testes;Sprint 05;fechado;G01-A12;1;"Design;Documentação";2;"Art. 15;DESIGN;DOCUMENTATION;PP"
G01;292;Preencher relatório da segunda leva de testes;Sprint 05;fechado;G01-A12;1;"Design;Documentação";2;"Art. 15;DESIGN;DOCUMENTATION;PP"
G01;293;Preencher relatório do teste SUS;Sprint 05;fechado;G01-A12;1;"Design;Documentação";2;"Art. 15;DESIGN;DOCUMENTATION;PP"
G01;294;Preencher relatório das avaliações heurísticas;Sprint 05;fechado;G01-A12;1;"Design;Documentação";2;"DESIGN;DOCUMENTATION;PP"
G01;295;Preencher formulario da primeira leva de testes;Sprint 05;fechado;G01-A12;1;"Design;Documentação";2;"Art. 15;DESIGN;DOCUMENTATION;PP"
G01;296;Preencher formulário da segunda leva de testes;Sprint 05;fechado;G01-A12;1;"Design;Documentação";2;"Art. 15;DESIGN;DOCUMENTATION;PP"
G01;297;Preencher formulário com perguntas do teste SUS;Sprint 05;fechado;G01-A12;1;"Design;Documentação";2;"Art. 15;DESIGN;DOCUMENTATION;PP"
G01;298;Corrigir coerência final do WAD: testes, endpoints e referências;Sprint 05;fechado;G01-A15;1;Documentação;1;"DOCUMENTATION;M"
G01;299;remove historico button do sidebar lateral;Sprint 05;fechado;G01-A16;1;Código;1;"ART.14;CODE_REVIEW;SIZE_M"
G01;300;Historico Funcional;Sprint 05;fechado;G01-A17;1;Código;1;"CODE;G"
G01;301;Correções na seção de testes;Sprint 05;fechado;G01-A12;1;Design;1;"Art. 15;DESIGN;P"
G01;302;Correções na seção 5.2;Sprint 05;fechado;G01-A12;1;Design;1;"Art. 15;DESIGN;PP"
G01;303;ajustes finais;Sprint 05;fechado;G01-A16;1;Documentação;1;"ART.14;ART.16;ART.18;Art. 15;DOCUMENTATION;M"
G01;304;Ajustes finais;Sprint 05;fechado;G01-A17;1;Código;1;"CODE;G"
G02;1;|WAD| Fazer a análise SWOT (Seção 2.1.2);Sprint 01;fechado;[externo];0;Documentação;1;"ART. 1;DOCUMENTATION;SIZE_M"
G02;2;|WAD| Iniciar Value Proposition Canvas (Seção 2.1.4);Sprint 01;fechado;G02-A18;1;Documentação;1;"ART. 1;DOCUMENTATION;SIZE_P"
G02;3;|WAD| Fazer 5 Forças de Porter (Seção 2.1.1) parte 1;Sprint 01;fechado;G02-A19;1;Documentação;1;"ART. 1;DOCUMENTATION;SIZE_P"
G02;4;|WAD| Iniciar desenvolvimento da Matriz de Riscos (seção 2.1.5) - Parte I;Sprint 01;fechado;G02-A12;1;Documentação;1;"ART. 1;DOCUMENTATION;SIZE_M"
G02;5;|WAD| Descrição da solução (Seção 2.1.3);Sprint 01;fechado;G02-A14;1;Documentação;1;"ART. 1;DOCUMENTATION;SIZE_M"
G02;6;|WAD| Requisitos funcionais (Seção 3.1.1) parte 1;Sprint 01;fechado;G02-A19;1;Documentação;1;"DOCUMENTATION;SIZE_P"
G02;7;|WAD| Descrição da solução (Seção 2.1.3);Sprint 01;fechado;G02-A15;1;Documentação;1;"ART. 1;DOCUMENTATION;SIZE_M"
G02;8;|WAD| Iniciar a Introdução (Seção 1);Sprint 01;fechado;G02-A14;1;Documentação;1;"ART. 1;DOCUMENTATION;SIZE_M"
G02;9;|WAD| Requisitos Não Funcionais (Seção 3.1.3);Sprint 01;fechado;G02-A15;1;Documentação;1;"ART. 3;DOCUMENTATION;SIZE_M"
G02;10;|WAD| Criar personas na seção 2.2 - Parte I;Sprint 01;fechado;G02-A12;1;"Design;Documentação";2;"ART. 1;DESIGN;DOCUMENTATION;SIZE_M"
G02;11;|WAD| Revisar todos os entregáveis do Artefato 1;Sprint 01;fechado;G02-A12;1;Documentação;1;"ART. 1;DOCUMENTATION;SIZE_M"
G02;13;|WAD| Criar personas na seção 2.2 - Parte I;Sprint 01;fechado;G02-A18;1;"Design;Documentação";2;"ART. 2;DESIGN;DOCUMENTATION;SIZE_M"
G02;14;|WAD| Fazer 5 Forças de Porter (Seção 2.1.1) | pt.01;Sprint 01;fechado;G02-A13;1;Documentação;1;"DOCUMENTATION;SIZE_P"
G02;15;|WAD| Fazer Matriz RF -> RN -> Endpoint;Sprint 01;fechado;G02-A16;1;Documentação;1;"ART. 3;DOCUMENTATION;SIZE_M"
G02;16;|WAD| Início da Introdução (Seção 1);Sprint 01;fechado;G02-A15;1;Documentação;1;"ART. 1;DOCUMENTATION;SIZE_M"
G02;17;|WAD| Fazer 5 Forças de Porter (Seção 2.1.1) | pt.02;Sprint 01;fechado;G02-A13;1;Documentação;1;"DOCUMENTATION;SIZE_M"
G02;18;|WAD| Fazer 5 Forças de Porter (Seção 2.1.1) parte 2;Sprint 01;fechado;G02-A19;1;Documentação;1;"ART. 1;DOCUMENTATION;SIZE_P"
G02;19;|WAD| Adicionar no WAD a proposta de valor (Seção 2.1.4);Sprint 01;fechado;G02-A18;1;Documentação;1;"ART. 1;DOCUMENTATION;SIZE_PP"
G02;20;|G01-A26| Criar documento para tutorial e padronização de commits;Sprint 01;fechado;[externo];0;Documentação;1;"DOCUMENTATION;SIZE_P"
G02;21;|G01-A26| Criar pastas Canvas de organização do G01-A26 no Slack do grupo;Sprint 01;fechado;G02-A12;1;;0;SIZE_P
G02;22;"|G01-A26| Organizar tarefas no Canvas ""Backlog Sprint1"" do Slack do grupo";Sprint 01;fechado;G02-A12;1;;0;SIZE_P
G02;23;|WAD| Desenvolvimento da Matriz de Riscos (seção 2.1.5) - Parte II;Sprint 01;fechado;G02-A12;1;Documentação;1;"ART. 1;DOCUMENTATION;SIZE_GG"
G02;24;|WAD| Adicionando Introdução na seção 2.1.5 e acrescentando referencia 1 na seção 8;Sprint 01;fechado;G02-A12;1;Documentação;1;"ART. 1;DOCUMENTATION;SIZE_PP"
G02;25;|WAD| Adicionando tabela de Ameaças e tabela de Oportunidades na Matriz de Riscos (seção 2.1.5);Sprint 01;fechado;G02-A12;1;Documentação;1;"ART. 1;DOCUMENTATION;SIZE_PP"
G02;26;|WAD| Adicionando texto explicativo e imagem da matriz de riscos na seção 2.1.5;Sprint 01;fechado;G02-A12;1;Documentação;1;"ART. 1;DOCUMENTATION;SIZE_PP"
G02;27;|PASTAS| Criação da pasta wad_assets no repositório do grupo;Sprint 01;fechado;G02-A12;1;;0;SIZE_PP
G02;28;|WAD| Adicionando conclusão da seção 2.1.5;Sprint 01;fechado;G02-A12;1;Documentação;1;"ART. 1;DOCUMENTATION;SIZE_PP"
G02;29;|WAD| Fazer modelos de templates de negócios (5 Forças de Porter, Matriz SWOT, Value Proposition Canvas, Matriz de Risco);Sprint 01;fechado;G02-A12;1;"Design;Documentação";2;"ART. 1;DESIGN;DOCUMENTATION;SIZE_M"
G02;30;|WAD| Atualizar o template da Matriz de Risco na pasta wad_assets;Sprint 01;fechado;G02-A12;1;Documentação;1;"ART. 1;DOCUMENTATION;SIZE_PP"
G02;31;|WAD| Remake da Análise Swot;Sprint 01;fechado;[externo];0;Documentação;1;"ART. 1;DOCUMENTATION;SIZE_M"
G02;32;|WAD| Fazer imagem 5 Forças de Porter e Resumo;Sprint 01;fechado;G02-A19;1;Documentação;1;"ART. 1;DOCUMENTATION;SIZE_M"
G02;33;|WAD| Criação das personas seção 2.2 - Parte II;Sprint 01;fechado;G02-A12;1;Design;1;"ART. 2;DESIGN;SIZE_M"
G02;34;|WAD| Fazer Forças de Porter (Seção 2.1.1) parte 3;Sprint 01;fechado;G02-A19;1;Documentação;1;"ART. 1;DOCUMENTATION;SIZE_P"
G02;35;!ERRO!;Sprint 01;fechado;[externo];0;Documentação;1;"ART. 3;DOCUMENTATION;SIZE_M"
G02;36;|WAD| Criação das personas seção 2.2;Sprint 01;fechado;G02-A18;1;Design;1;"ART. 2;DESIGN;SIZE_M"
G02;37;|WAD| Criação das personas seção 2.2 - Parte III;Sprint 01;fechado;G02-A12;1;"Design;Documentação";2;"ART. 2;DESIGN;DOCUMENTATION;SIZE_M"
G02;38;|WAD| Criação do texto de introdução da seção 2.2;Sprint 01;fechado;G02-A12;1;"Design;Documentação";2;"ART. 2;DESIGN;DOCUMENTATION;SIZE_P"
G02;39;|WAD| Users storys (Seção 2.3);(sem sprint);fechado;G02-A14;1;Documentação;1;"ART. 2;DOCUMENTATION;SIZE_G"
G02;40;|WAD| Desenvolvendo o desgin das personas;Sprint 01;fechado;G02-A18;1;Design;1;"ART. 2;DESIGN;SIZE_M"
G02;41;|WAD| Inclusão Readme, membros e Nome do G01-A26;Sprint 01;fechado;G02-A15;1;Documentação;1;"DOCUMENTATION;SIZE_PP"
G02;42;|WAD| Users storys (Seção 2.3);(sem sprint);fechado;G02-A13;1;Documentação;1;"ART. 2;DOCUMENTATION;SIZE_G"
G02;43;|WAD| Requisitos funcionais (Seção 3.1.1) parte 2;Sprint 01;fechado;G02-A19;1;Documentação;1;"ART. 3;DOCUMENTATION;SIZE_P"
G02;44;|WAD| Requisitos funcionais (Seção 3.1.1) parte 3;Sprint 01;fechado;G02-A19;1;Documentação;1;"ART. 3;DOCUMENTATION;SIZE_M"
G02;45;|WAD| Criação do texto da conclusão da seção 2.2;Sprint 01;fechado;G02-A12;1;"Design;Documentação";2;"ART. 2;DESIGN;DOCUMENTATION;SIZE_M"
G02;46;|WAD| Criar regras de negócio (Seção 3.1.2);Sprint 01;fechado;[externo];0;Documentação;1;"ART. 3;DOCUMENTATION;SIZE_M"
G02;47;|WAD| Colocar fotos das descrições das personas na seção 2.2;Sprint 01;fechado;G02-A12;1;"Design;Documentação";2;"ART. 2;DESIGN;DOCUMENTATION;SIZE_PP"
G02;48;|WAD| Criar requisitos não funcionais;Sprint 01;fechado;[externo];0;Documentação;1;"ART. 3;DOCUMENTATION;SIZE_M"
G02;49;|Apresentação| Fazer slide da Sprint 01;Sprint 01;fechado;G02-A15;1;Negócio;1;"Presentation;SIZE_M"
G02;50;|Apresentação| Fazer perguntas da sprint 01;Sprint 01;fechado;G02-A16;1;Negócio;1;"Presentation;SIZE_G"
G02;51;|WAD| Organizar fontes da seção 2.1.1;Sprint 01;fechado;G02-A19;1;Documentação;1;"ART. 1;DOCUMENTATION;SIZE_PP"
G02;52;|WAD| Elaborar Use Cases 3.2.2;Sprint 01;fechado;G02-A13;1;Documentação;1;"ART. 3;DOCUMENTATION;SIZE_G"
G02;53;|WAD| Correção users stories (Seção 2.3);Sprint 01;fechado;G02-A14;1;Documentação;1;"ART. 2;DOCUMENTATION"
G02;54;|WAD| Atualizar Ameaça A3 e Oportunidade O3 na seção 2.1.5 (Matriz de Riscos) no WAD;Sprint 01;fechado;G02-A12;1;Documentação;1;"ART. 1;DOCUMENTATION;SIZE_PP"
G02;55;|WAD| Colocar fontes na seção 2.1.1 (5 Forças de Porter) no WAD;Sprint 01;fechado;G02-A12;1;Documentação;1;"ART. 1;DOCUMENTATION;SIZE_M"
G02;56;|WAD| Refinar regras de negócio (Seção 3.1.2);Sprint 01;fechado;[externo];0;Documentação;1;"ART. 3;DOCUMENTATION;SIZE_M"
G02;57;|WAD| Adicionar a versão final da seção 1 (Introdução);Sprint 01;fechado;G02-A15;1;Documentação;1;"ART. 1;DOCUMENTATION;SIZE_P"
G02;58;|WAD| Requisitos funcionais (Seção 3.1.1) parte 4;Sprint 01;fechado;G02-A19;1;Documentação;1;"ART. 3;DOCUMENTATION;SIZE_M"
G02;59;|WAD| Ajustar tabela de requisitos funcionais;Sprint 01;fechado;G02-A19;1;Documentação;1;"ART. 3;DOCUMENTATION;SIZE_PP"
G02;60;|WAD| Fazer ajustes finais na proposta de valor;Sprint 01;fechado;G02-A18;1;Documentação;1;"ART. 1;DOCUMENTATION;SIZE_P"
G02;61;|WAD| Aprimorar seção personas (2.2) com base no feedback da [externo] (professora de Design UX);Sprint 01;fechado;G02-A12;1;"Design;Documentação";2;"ART. 2;DESIGN;DOCUMENTATION;SIZE_M"
G02;62;|Apresentação| Acrescentar personas nos slides da sprint 01;Sprint 01;fechado;G02-A12;1;Negócio;1;"Presentation;SIZE_P"
G02;63;|WAD| Refinamento de regras de negócio parte 2;Sprint 01;fechado;[externo];0;Documentação;1;"ART. 3;DOCUMENTATION;SIZE_P"
G02;64;|WAD| Revisão da seção de introdução;Sprint 01;fechado;G02-A19;1;Documentação;1;"ART. 1;DOCUMENTATION;SIZE_PP"
G02;65;|WAD| Revisão da análise SWOT;Sprint 01;fechado;G02-A19;1;Documentação;1;"ART. 1;DOCUMENTATION;SIZE_PP"
G02;66;US01 - Cadastro de Parceiro;(sem sprint);aberto;(vazio);0;Documentação;1;"Backlog;user-story"
G02;67;US02 - Validação e Aprovação;(sem sprint);aberto;(vazio);0;Documentação;1;"Backlog;user-story"
G02;68;US03 -Perfil Completo do Parceiro;(sem sprint);aberto;(vazio);0;Documentação;1;"Backlog;user-story"
G02;69;US04 - Busca e Filtro;(sem sprint);aberto;(vazio);0;Documentação;1;"Backlog;user-story"
G02;70;US05 - Registro de Interações;(sem sprint);aberto;(vazio);0;Documentação;1;"Backlog;user-story"
G02;71;US06 - Histórico e Auditoria;(sem sprint);aberto;(vazio);0;Documentação;1;"Backlog;user-story"
G02;72;US07 - Atualização Cadastral;(sem sprint);aberto;(vazio);0;Documentação;1;"Backlog;user-story"
G02;73;US08 - Gestão de Usuários;(sem sprint);aberto;(vazio);0;Documentação;1;"Backlog;user-story"
G02;74;US09 - Consulta de Histórico pré-visita;(sem sprint);aberto;(vazio);0;Documentação;1;"Backlog;user-story"
G02;75;US10 - Formulário Padronizado;(sem sprint);aberto;(vazio);0;Documentação;1;"Backlog;user-story"
G02;76;US11 - Atualização de Dados Cadastrais em Campo;(sem sprint);fechado;(vazio);0;Documentação;1;user-story
G02;77;US12 - Formulário Padronizado de Coleta em Campo;(sem sprint);fechado;(vazio);0;Documentação;1;user-story
G02;78;US13 - Acesso Mobile em Campo;(sem sprint);fechado;(vazio);0;Documentação;1;user-story
G02;79;US14 - Repasse Estruturado de Informações para a Equipe;(sem sprint);fechado;(vazio);0;Documentação;1;user-story
G02;80;US15 - Busca Rápida de Parceiro;(sem sprint);fechado;(vazio);0;Documentação;1;user-story
G02;81;US16 - Perfil Completo do Parceiro;(sem sprint);fechado;(vazio);0;Documentação;1;user-story
G02;82;US17 - Histórico de Interações do Parceiro;(sem sprint);fechado;(vazio);0;Documentação;1;user-story
G02;83;US18 - Validação de Atualizações Cadastrais;(sem sprint);fechado;(vazio);0;Documentação;1;user-story
G02;84;US19 - Consulta de Relatórios Consolidados;(sem sprint);fechado;(vazio);0;Documentação;1;user-story
G02;85;|WAD| Desenvolvimento dos use cases (3.2.2) pt.2;Sprint 01;fechado;G02-A13;1;Documentação;1;"DOCUMENTATION;SIZE_G"
G02;86;|WAD| User cases dos requisitos não funcionais;Sprint 01;fechado;G02-A18;1;Design;1;"ART. 3;DESIGN;SIZE_G"
G02;87;|WAD| Acrescentar fontes na seção 2.2;Sprint 01;fechado;G02-A12;1;Documentação;1;"ART. 2;DOCUMENTATION;SIZE_PP"
G02;88;|WAD| Refinar conclusão da seção 2.2 com análise da evolução do entendimento do problema via personas;Sprint 01;fechado;G02-A12;1;Documentação;1;"ART. 2;DOCUMENTATION;SIZE_P"
G02;89;|WAD| Correção de uma letra no segundo parágrafo da seção 2.1.4;Sprint 01;fechado;G02-A12;1;Documentação;1;"ART. 1;DOCUMENTATION;SIZE_PP"
G02;90;|WAD| atualizacao da seção diagrama de casos de usos;Sprint 01;fechado;G02-A12;1;Documentação;1;"ART. 3;DOCUMENTATION;SIZE_M"
G02;91;|WAD| Atualizar foto das personas;Sprint 02;fechado;G02-A12;1;Documentação;1;"ART. 2;DOCUMENTATION;SIZE_PP"
G02;92;|WAD| Definição da priorização doS Users Stories;Sprint 02;fechado;G02-A14;1;Documentação;1;"ART. 4;DOCUMENTATION;SIZE_M"
G02;93;|WAD| Modelo Relacional e Modelo Físico (Seção 3.6.3) Parte 1;Sprint 02;fechado;G02-A19;1;Documentação;1;"ART. 5;DOCUMENTATION;SIZE_G"
G02;94;|WAD| Diagrama de classes do domínio;Sprint 02;fechado;[externo];0;Documentação;1;"ART. 5;DOCUMENTATION;SIZE_M"
G02;95;|WAD| Criar diagrama de sequencia UML PT1;Sprint 02;fechado;G02-A16;1;Documentação;1;"ART. 5;DOCUMENTATION;SIZE_P"
G02;96;|Apresentação| Criar slides e idealizar roteiro;Sprint 02;fechado;G02-A13;1;Negócio;1;"Presentation;SIZE_M"
G02;97;|WAD| Modelo de Entidade- Relacionamento Conceitual (ER) - seção 3.6.1;Sprint 02;fechado;G02-A13;1;Documentação;1;"ART. 5;DOCUMENTATION;SIZE_G"
G02;98;|WAD| Planejar o fluxo de navegação e listar telas necessarias;Sprint 02;fechado;G02-A16;1;Documentação;1;"ART. 4;DOCUMENTATION"
G02;99;|FIGMA| Planejar o fluxo de navegação e listar telas necessarias;Sprint 02;fechado;G02-A12;1;Documentação;1;"ART. 4;DOCUMENTATION;SIZE_M"
G02;100;|WAD| Criar Diagrama de sequências UML (seção 3.2.4) - parte I;Sprint 02;fechado;G02-A12;1;Documentação;1;"ART. 5;DOCUMENTATION;Review;SIZE_G"
G02;101;|WAD| Revisão Geral Artefatos;Sprint 02;fechado;G02-A19;1;;0;"ART. 4;ART. 5;SIZE_GG"
G02;102;|Monitoria| Realizar uma reunião  com a Monitora de Documentação: G03-A25;Sprint 02;fechado;G02-A13;1;Documentação;1;"DOCUMENTATION;SIZE_P"
G02;103;|Monitoria| Realizar uma reunião com a Monitora de Programação: [externo] Eduarda;Sprint 02;fechado;G02-A19;1;Código;1;"CODE_REVIEW;Review;SIZE_M"
G02;104;|WAD| Revisão de erros (sprint 1);Sprint 02;fechado;G02-A19;1;Documentação;1;"DOCUMENTATION;SIZE_G"
G02;105;|WAD| Ajustar use stories (seção 3.2.2);Sprint 02;fechado;G02-A18;1;Documentação;1;"ART. 3;DOCUMENTATION;SIZE_PP"
G02;106;|WAD|  Part.1 - Planejar o fluxo de navegação e listar telas necessarias;Sprint 02;fechado;G02-A15;1;Documentação;1;"ART. 4;DOCUMENTATION;SIZE_M"
G02;107;|WAD| Idealização dos Wireframes (Seção 3.3);Sprint 02;fechado;G02-A14;1;Documentação;1;"ART. 4;DOCUMENTATION;SIZE_G"
G02;108;|WAD| Criar diagrama de sequencia UML PT2;Sprint 02;fechado;G02-A16;1;Documentação;1;"ART. 5;DOCUMENTATION;SIZE_P"
G02;109;!ERRO!;Sprint 02;fechado;[externo];0;;0;
G02;110;|WAD| Diagrama de classes do domínio parte 2;Sprint 02;fechado;[externo];0;Documentação;1;"ART. 5;DOCUMENTATION;SIZE_G"
G02;111;|Monitoria| Realizar reunião de documentação com a monitora G03-A25;Sprint 02;fechado;G02-A13;1;Documentação;1;REQUIREMENTS
G02;112;|WAD| Criar diagrama de sequencia UML PT4;Sprint 02;fechado;G02-A16;1;Documentação;1;"ART. 5;DOCUMENTATION;SIZE_G"
G02;113;|WAD| Planejar o fluxo de navegação e listar telas necessarias;Sprint 02;fechado;G02-A14;1;Documentação;1;"ART. 4;DOCUMENTATION;SIZE_M"
G02;114;|WAD|  Part.2 - Planejar o fluxo de navegação e listar telas necessarias;Sprint 02;fechado;G02-A15;1;Documentação;1;"ART. 4;DOCUMENTATION;SIZE_M"
G02;115;|WAD| Estudar Diagrama Entidade-Relacionamento (seção 3.6.2);Sprint 02;fechado;G02-A18;1;Documentação;1;"ART. 5;DOCUMENTATION;SIZE_M"
G02;116;|Monitoria| Realizar uma reunião  com a Monitora de Documentação: G03-A25;Sprint 02;fechado;G02-A13;1;Documentação;1;"DOCUMENTATION;SIZE_P"
G02;117;|WAD| Corrigir WAD baseado no feedback dado pela monitora G03-A25;Sprint 02;fechado;G02-A13;1;Documentação;1;"DOCUMENTATION;SIZE_G"
G02;118;|WAD| Ajustes na formatação;Sprint 02;fechado;G02-A19;1;Documentação;1;"DOCUMENTATION;SIZE_G"
G02;119;|FIGMA| Part.2 - Planejar o fluxo de navegação e listar telas necessarias;Sprint 02;fechado;G02-A15;1;Design;1;"ART. 4;DESIGN;SIZE_M"
G02;120;|WAD| Modelo Relacional e Modelo Físico (Seção 3.6.3) parte 1;Sprint 02;fechado;G02-A19;1;Documentação;1;"ART. 5;DOCUMENTATION;SIZE_M"
G02;121;Erro;Sprint 02;fechado;(vazio);0;;0;
G02;122;|WAD| Criar diagrama de sequencia UML PT3;Sprint 02;fechado;G02-A16;1;Documentação;1;"ART. 5;DOCUMENTATION;SIZE_M"
G02;123;|WAD| Criar modelo de diagrama de UML;Sprint 02;fechado;G02-A13;1;Documentação;1;"ART. 4;DOCUMENTATION;SIZE_M"
G02;124;|WAD| Modelar o diagrama entidade-relacionamento (seção 3.6.2);Sprint 02;fechado;G02-A18;1;Documentação;1;"ART. 5;DOCUMENTATION;SIZE_P"
G02;125;|WAD| Criação de diagrama de classes do domínio parte 3;Sprint 02;fechado;[externo];0;Documentação;1;"ART. 5;DOCUMENTATION;SIZE_M"
G02;126;|ESTRUTURA| Alteração na estrutura das pastas;(sem sprint);fechado;G02-A19;1;;0;SIZE_PP
G02;127;|WAD| Criar parágrafo introdutório para o Escopo do G01-A26(2.1);Sprint 02;fechado;G02-A13;1;Documentação;1;"DOCUMENTATION;REQUIREMENTS;SIZE_P"
G02;128;|Reunião| Reunião com a [externo], professora de Design;Sprint 02;fechado;G02-A13;1;Documentação;1;"DOCUMENTATION;REQUIREMENTS;SIZE_P"
G02;129;Erro;Sprint 02;fechado;(vazio);0;;0;
G02;130;|Monitoria| Realizar uma reunião com a Monitora de Documentação: G03-A25;(sem sprint);fechado;G02-A12;1;Design;1;"ART. 4;DESIGN;Review;SIZE_G"
G02;131;|WAD| Correção da seção 2.1.5;Sprint 02;fechado;G02-A12;1;Documentação;1;"DOCUMENTATION;SIZE_PP"
G02;132;|DESIGN| Part.3 - Criar as wireframes no programa;Sprint 02;fechado;G02-A15;1;Design;1;"ART. 4;DESIGN;SIZE_GG"
G02;133;|WAD| Criar diagramas de fluxo de interação de cada grupo de User Stories prorizadas na seção 3.3 - parte 1;Sprint 02;fechado;G02-A12;1;Design;1;"ART. 4;DESIGN;SIZE_M"
G02;134;|WAD| Criar diagrama 1 da seção 3.2.4;Sprint 02;fechado;G02-A12;1;Documentação;1;"ART. 5;DOCUMENTATION;Review;SIZE_M"
G02;135;|WAD| Fazer ajustes finais no diagrama entidade-relacionamento;Sprint 02;fechado;G02-A18;1;Documentação;1;"ART. 5;DOCUMENTATION;SIZE_P"
G02;136;|WAD| Atualizar textos da matriz da seção 3.1.4  (Matriz RF → RN → Endpoint);Sprint 02;fechado;G02-A12;1;Documentação;1;"DOCUMENTATION;Review;SIZE_P"
G02;137;|G01-A26| Organização da pasta src;Sprint 02;fechado;[externo];0;Design;1;"ART. 6;DESIGN;SIZE_P"
G02;138;|WAD| Atualizar tabela da seção 3.1.4;Sprint 02;fechado;G02-A12;1;Documentação;1;"DOCUMENTATION;SIZE_M"
G02;139;|WAD| Corrigir pontos de melhoria do artefato 2;Sprint 02;fechado;[externo];0;Documentação;1;"ART. 2;DOCUMENTATION;SIZE_G"
G02;140;|WAD| Fazer cada diagrama da seção 3.2.4 - parte I;Sprint 02;fechado;G02-A12;1;Documentação;1;"ART. 5;DOCUMENTATION;Review;SIZE_GG"
G02;141;|WAD| Refatoração do user stories;Sprint 02;fechado;G02-A14;1;Documentação;1;"ART. 3;DOCUMENTATION;SIZE_G"
G02;142;|WAD| Atualiza matriz da seção 3.1.4 e implementa tabela de resumo na seção 3.2.4;Sprint 02;fechado;G02-A12;1;Documentação;1;"DOCUMENTATION;SIZE_P"
G02;143;|WAD| Fazer diagrama de sequências 01 no Canva;Sprint 02;fechado;G02-A12;1;Documentação;1;"ART. 5;DOCUMENTATION;Review;SIZE_M"
G02;144;|WAD| Fazer diagrama de sequências 02 no Canva;Sprint 02;fechado;G02-A12;1;Documentação;1;"ART. 5;DOCUMENTATION;Review;SIZE_M"
G02;145;|WAD| Corrigir use cases baseado no feedback do artefato 2 pt.01;Sprint 02;fechado;G02-A13;1;Documentação;1;"ART. 2;ART. 5;DOCUMENTATION;REQUIREMENTS;SIZE_G"
G02;146;|WAD| Fazer diagrama de sequências 04 no Canva;Sprint 02;fechado;G02-A12;1;Documentação;1;"ART. 5;DOCUMENTATION;Review;SIZE_M"
G02;147;|WAD| Modelo Relacional e Modelo Físico (Seção 3.6.3) Parte 2;Sprint 02;fechado;G02-A19;1;Documentação;1;"ART. 5;DOCUMENTATION;SIZE_G"
G02;148;|WAD| Corrigir use cases baseado no feedback do artefato 2 pt.02;Sprint 02;fechado;G02-A13;1;Documentação;1;"ART. 2;ART. 5;DOCUMENTATION;SIZE_G"
G02;149;|WAD| Criar diagrama de sequencia UML PT4;Sprint 02;fechado;G02-A16;1;Documentação;1;"ART. 5;DOCUMENTATION;SIZE_G"
G02;150;|WAD| Revisão das Users Stories;Sprint 02;fechado;G02-A14;1;Documentação;1;"ART. 2;DOCUMENTATION;SIZE_G"
G02;151;|DESIGN| Part.4 - Criar as wireframes no programa;Sprint 02;fechado;G02-A15;1;Design;1;"ART. 4;DESIGN;SIZE_G"
G02;152;|G01-A26| Fazer análise dos artefatos da Sprint 3;Sprint 02;fechado;[externo];0;Design;1;"ART. 6;ART. 7;ART. 8;ART. 9;DESIGN;SIZE_M"
G02;153;|WAD| Fazer diagrama de sequências 05 no Canva;Sprint 02;fechado;G02-A12;1;Documentação;1;"ART. 5;DOCUMENTATION;Review;SIZE_M"
G02;154;|WAD| Arrumar diagrama entidade relacionamento (seção 3.6.2);Sprint 02;fechado;G02-A18;1;Documentação;1;"ART. 5;DOCUMENTATION;SIZE_M"
G02;155;|WAD| Fazer diagrama de sequências 05/03 no Canva;Sprint 02;fechado;G02-A15;1;Design;1;"ART. 5;DESIGN;SIZE_M"
G02;156;|WAD| Criar diagrama de sequencia UML PT 5;Sprint 02;fechado;G02-A16;1;Documentação;1;"ART. 5;DOCUMENTATION;SIZE_G"
G02;157;|Apresentação| Criar slides e idealizar roteiro;Sprint 03;fechado;G02-A19;1;Negócio;1;"Presentation;SIZE_M"
G02;158;|WAD| Modelo Relacional e Modelo Físico (Seção 3.6.3) Parte 2;Sprint 02;fechado;G02-A19;1;Documentação;1;"ART. 5;DOCUMENTATION;SIZE_G"
G02;159;|WAD| Modelo Relacional e Modelo Físico (Seção 3.6.3) Parte 3;Sprint 02;fechado;G02-A19;1;Documentação;1;"ART. 5;DOCUMENTATION;SIZE_G"
G02;160;|WAD| Revisão geral artefato 5;Sprint 02;fechado;[externo];0;Documentação;1;"ART. 5;DOCUMENTATION;SIZE_M"
G02;161;|WAD| Revisão do modelo relacional;Sprint 02;fechado;G02-A14;1;Documentação;1;"ART. 5;DOCUMENTATION;SIZE_G"
G02;162;|WAD| Correção do Modelo Relacional;Sprint 02;fechado;G02-A19;1;Documentação;1;"ART. 5;DOCUMENTATION;SIZE_M"
G02;163;|WAD| Atualizar Modelo Físico;Sprint 02;fechado;G02-A19;1;Documentação;1;"ART. 5;DOCUMENTATION;SIZE_P"
G02;164;|WAD| Fazer diagrama de sequências 06 no Canva;Sprint 02;fechado;G02-A12;1;Documentação;1;"ART. 5;DOCUMENTATION;Review;SIZE_M"
G02;165;|Apresentação| Criar slides da apresentação;Sprint 02;fechado;G02-A18;1;Negócio;1;"Presentation;SIZE_M"
G02;166;|WAD| Revisão Geral Artefatos;Sprint 02;fechado;G02-A15;1;;0;"ART. 4;ART. 5;SIZE_GG"
G02;167;|WAD| Revisão de quinta artefato 5;Sprint 02;fechado;[externo];0;Documentação;1;"ART. 5;DOCUMENTATION;SIZE_M"
G02;168;|WAD| Atualizar modelo relacional e fisico;Sprint 02;fechado;G02-A19;1;Documentação;1;"ART. 5;DOCUMENTATION;SIZE_M"
G02;169;|WAD| Fazer diagrama de sequências 07 no Canva;Sprint 02;fechado;G02-A12;1;Documentação;1;"ART. 5;DOCUMENTATION;SIZE_M"
G02;170;|WAD| Atualizar Use Cases;Sprint 02;fechado;G02-A13;1;Documentação;1;"ART. 4;ART. 5;DOCUMENTATION;SIZE_M"
G02;171;|WAD| Revisão Geral Wireframes;Sprint 02;fechado;G02-A15;1;"Design;Documentação";2;"ART. 4;DESIGN;DOCUMENTATION;SIZE_G"
G02;172;|WAD| Fazer diagrama de sequências 08, 09 e 10na seção 3.2.4;Sprint 02;fechado;G02-A12;1;Documentação;1;"ART. 5;DOCUMENTATION;SIZE_G"
G02;173;|WAD| adicona RN013;Sprint 02;fechado;G02-A12;1;Documentação;1;"ART. 5;DOCUMENTATION;SIZE_PP"
G02;174;|WAD| Correção da seção 3.2.4;Sprint 02;fechado;G02-A12;1;Documentação;1;"ART. 5;DOCUMENTATION;SIZE_PP"
G02;175;|WAD| atualizar seçã 3.3;Sprint 02;fechado;G02-A12;1;Documentação;1;"ART. 5;DOCUMENTATION;SIZE_PP"
G02;176;|WAD| atualiza foto 04 do wireframe;Sprint 02;fechado;G02-A12;1;Documentação;1;"ART. 4;DOCUMENTATION;SIZE_PP"
G02;177;|WAD| atualiza foto do wireframe 04;Sprint 02;fechado;G02-A12;1;Documentação;1;"ART. 4;DOCUMENTATION;SIZE_PP"
G02;178;|WAD| atualiza reademe com data de hoje na sprint 2;Sprint 02;fechado;G02-A12;1;Documentação;1;"DOCUMENTATION;SIZE_PP"
G02;179;|Design| Fazer autoestudo relacionado ao artefato 07;Sprint 03;fechado;G02-A13;1;Design;1;"ART. 7;DESIGN;Review;SIZE_M"
G02;180;|Design| Fazer autoestudo relacionado ao artefato 07;Sprint 03;fechado;G02-A18;1;Design;1;"ART. 7;DESIGN;SIZE_M"
G02;181;|WAD| Arquitetura em Camadas (Seção 3.2.1);Sprint 03;fechado;G02-A14;1;Documentação;1;"ART. 9;DOCUMENTATION;SIZE_M"
G02;182;|WAD| Diagrama de Classes Arquitetural (Seção 3.2.3.1);Sprint 03;fechado;G02-A19;1;Documentação;1;"ART. 9;DOCUMENTATION;SIZE_G"
G02;183;|WAD| Atualização README - pt.01;Sprint 03;fechado;G02-A15;1;Documentação;1;"ART. 9;DOCUMENTATION;SIZE_M"
G02;184;|WAD| Diagrama de Sequência UML (atualizar) (Seção 3.2.4);Sprint 03;fechado;G02-A19;1;Documentação;1;"ART. 9;DOCUMENTATION;SIZE_PP"
G02;185;|WAD| Padrões de G01-A26 aplicados (Seção 3.2.7);Sprint 03;fechado;G02-A19;1;Documentação;1;"ART. 9;DOCUMENTATION;SIZE_PP"
G02;186;|WAD| Documentação da WebAPI (Seção 3.7);Sprint 03;fechado;G02-A19;1;Documentação;1;"ART. 9;DOCUMENTATION;SIZE_P"
G02;187;|WAD| Modelagem de Dados (seção 3.6);Sprint 03;fechado;G02-A19;1;Documentação;1;"ART. 9;DOCUMENTATION;SIZE_PP"
G02;188;|WAD| Evolução dos RNFs (Atualização da seção 3.1.3);Sprint 03;fechado;G02-A19;1;Documentação;1;"ART. 9;DOCUMENTATION;SIZE_P"
G02;189;|WAD| Atualização da Matriz de Rastreabilidade;Sprint 03;fechado;G02-A19;1;Documentação;1;"ART. 9;DOCUMENTATION;SIZE_PP"
G02;190;|WAD| Relatório de Desenvolvimento (Seção 4.1);Sprint 03;fechado;G02-A19;1;Documentação;1;"ART. 9;DOCUMENTATION;SIZE_P"
G02;191;|CODE| Versão funcional Backend com WEB API operante - Diagrama 03 PT.01;Sprint 03;fechado;G02-A15;1;Documentação;1;"DOCUMENTATION;SIZE_P"
G02;192;|WAD| Diagrama Arquitetura em Camadas (Seção 3.2.1 e 3.2.3.1);Sprint 03;fechado;G02-A19;1;Documentação;1;"ART. 9;DOCUMENTATION;SIZE_M"
G02;193;|WAD| README atualização;Sprint 03;fechado;G02-A15;1;Documentação;1;DOCUMENTATION
G02;194;|Formatação| Formatar imagens e arquivos;Sprint 03;fechado;G02-A19;1;Documentação;1;"DOCUMENTATION;SIZE_M"
G02;195;|WAD| Refatoração das imagens;Sprint 03;fechado;G02-A19;1;Documentação;1;"DOCUMENTATION;SIZE_M"
G02;196;|WAD| Correção ART 5 com base nos feedbacks;Sprint 03;fechado;G02-A19;1;Documentação;1;"DOCUMENTATION;SIZE_G"
G02;197;|DESIGN| Preencher guia de estilos (seção 3.4);Sprint 03;fechado;G02-A18;1;Design;1;"ART. 7;DESIGN;SIZE_M"
G02;198;|DESIGN| Preencher guia de estilos (seção 3.4);Sprint 03;fechado;G02-A13;1;Design;1;"ART. 7;DESIGN;SIZE_G"
G02;199;|WAD| Coerência geral entre artefatos;Sprint 03;fechado;G02-A19;1;Documentação;1;"ART. 9;DOCUMENTATION;SIZE_P"
G02;200;|WAD| Correção ART 5 com base nos feedbacks;Sprint 03;fechado;G02-A12;1;Documentação;1;"DOCUMENTATION;SIZE_G"
G02;201;|WAD| Revisão dos artefato 5;Sprint 03;fechado;G02-A14;1;Documentação;1;"ART. 5;DOCUMENTATION"
G02;202;|CODE| Versão funcional Backend com WEB API operante - Diagrama 03 PT.02;Sprint 03;fechado;G02-A15;1;Código;1;"ART. 8;CODE;SIZE_M"
G02;203;|CODE| Versão funcional Backend com WEB API operante - Diagrama 02;Sprint 03;fechado;G02-A19;1;Código;1;"ART. 8;CODE;SIZE_G"
G02;204;|CODE| Versão funcional Backend com WEB API operante - Diagrama 01 PT.01;Sprint 03;fechado;G02-A12;1;Documentação;1;"ART. 8;DOCUMENTATION;SIZE_G"
G02;205;|CODE| Versão funcional Backend com WEB API operante - Diagrama 06;Sprint 03;fechado;G02-A14;1;Código;1;"ART. 8;CODE;SIZE_G"
G02;206;|DESIGN| Preencher guia de estilos pt.2 (seção 3.4);Sprint 03;fechado;G02-A13;1;Design;1;"ART. 7;DESIGN;SIZE_G"
G02;207;|DESIGN| Preencher guia de estilos pt.2 (seção 3.4);Sprint 03;fechado;G02-A18;1;Design;1;"ART. 7;DESIGN;SIZE_G"
G02;208;|CODE| Ponderada [externo];(sem sprint);fechado;G02-A14;1;;0;
G02;209;|CODE| Ponderada [externo] - fluxo 07;Sprint 03;fechado;G02-A13;1;Código;1;"ART. 8;CODE;SIZE_G"
G02;210;|CODE| Versão funcional Backend com WEB API operante - Diagrama 03 PT.02;Sprint 03;fechado;G02-A15;1;Código;1;"ART. 8;CODE;SIZE_G"
G02;211;|PONDERADA| Criando o esqueleto do repositório + testes - Diagrama de sequencias -1 (cadastrar parceiro);Sprint 03;fechado;G02-A12;1;Código;1;"ART. 8;CODE;SIZE_M"
G02;212;|PONDERADA| Casos testes funcionando no repositório - Diagrama de sequencias -1 (cadastrar parceiro) + Arrumar seção do relatório de entrega;Sprint 03;fechado;G02-A12;1;Código;1;"ART. 8;CODE;SIZE_M"
G02;213;|CODE| Ponderada - Casos testes do diagrama 02;Sprint 03;fechado;G02-A19;1;Código;1;"ART. 8;CODE;SIZE_M"
G02;214;|CODE| Ponderada [externo] - fluxo 04;Sprint 03;fechado;G02-A18;1;Documentação;1;"ART. 9;DOCUMENTATION;SIZE_G"
G02;215;|DESIGN| Aula de figma - [externo];Sprint 03;fechado;G02-A12;1;Design;1;"ART. 7;DESIGN;SIZE_M"
G02;216;|DESIGN| Aula de FIGMA para o ART 7;Sprint 03;fechado;G02-A19;1;Design;1;"ART. 7;DESIGN;SIZE_M"
G02;217;|WAD| Iniciar artefato 06;Sprint 03;fechado;G02-A12;1;Documentação;1;"ART. 6;DOCUMENTATION;SIZE_M"
G02;218;|WAD| Iniciar ART 6;Sprint 03;fechado;G02-A19;1;Documentação;1;"ART. 6;DOCUMENTATION"
G02;219;|WAD| Lógica Proposicional das consultas SQL;Sprint 03;fechado;G02-A16;1;Documentação;1;"ART. 6;DOCUMENTATION;SIZE_G"
G02;220;|DESIGN| Altera guia de estilo do canva para figma;Sprint 03;fechado;G02-A18;1;Design;1;"ART. 7;DESIGN;SIZE_M"
G02;221;|WAD| Preenchendo seção 3.6.4;Sprint 03;fechado;G02-A12;1;Documentação;1;"ART. 6;DOCUMENTATION;SIZE_M"
G02;222;|WAD|Criação e implementação do texto de introdução de seção 3.6.4 justificando o motivo de não usarmos o DELETE no nosso G01-A26;Sprint 03;fechado;G02-A12;1;Documentação;1;"ART. 6;DOCUMENTATION;SIZE_P"
G02;223;|WAD| fazer + colocar no WAD a tabela 2 da seção 3.6.4;Sprint 03;fechado;G02-A12;1;Documentação;1;"ART. 6;DOCUMENTATION;SIZE_P"
G02;224;|WAD| fazer + colocar no WAD a tabela 3 da seção 3.6.4;Sprint 03;fechado;G02-A12;1;Documentação;1;"ART. 6;DOCUMENTATION;SIZE_P"
G02;225;|WAD| fazer + colocar no WAD a tabela 4 da seção 3.6.4;Sprint 03;fechado;G02-A12;1;Documentação;1;"ART. 6;DOCUMENTATION;SIZE_P"
G02;226;|WAD| fazer + colocar no WAD a tabela 5 da seção 3.6.4;Sprint 03;fechado;G02-A12;1;Documentação;1;"ART. 6;DOCUMENTATION;SIZE_P"
G02;227;|WAD| fazer + colocar no WAD a tabela 6 da seção 3.6.4;Sprint 03;fechado;G02-A12;1;Documentação;1;"ART. 6;DOCUMENTATION;SIZE_P"
G02;228;|WAD| Criar e adicionar conclusão na seção 3.6.4;Sprint 03;fechado;G02-A12;1;Documentação;1;"ART. 6;DOCUMENTATION;SIZE_P"
G02;229;|WAD| Corrigir inconsistências no nome do G01-A26 ao longo do WAD;Sprint 03;fechado;G02-A12;1;Documentação;1;"DOCUMENTATION;SIZE_PP"
G02;230;|WAD| Pequenas correções da seção 3.6.4;Sprint 03;fechado;G02-A12;1;Documentação;1;"ART. 6;DOCUMENTATION;SIZE_P"
G02;231;|WAD| Atualizar seção 3.6.4 de acordo com o feedbak da [externo];Sprint 03;fechado;G02-A12;1;Documentação;1;"ART. 6;DOCUMENTATION;SIZE_P"
G02;232;|DESIGN| Criar telas de alta fidelidade no Figma - Tela 05;Sprint 03;fechado;G02-A12;1;Design;1;"ART. 7;DESIGN;SIZE_G"
G02;233;|WAD| Adicionar notificações nos diagramas e modelagens (ERRO);Sprint 03;fechado;G02-A19;1;Documentação;1;"ART. 9;DOCUMENTATION;Doing;SIZE_GG"
G02;234;|DESIGN| Começar a criar as telas de alta fidelidade no Figma;Sprint 03;fechado;G02-A18;1;Design;1;"ART. 7;DESIGN;SIZE_G"
G02;235;|CODE| Versão funcional Backend com WEB API operante pt.4;Sprint 03;fechado;G02-A15;1;Código;1;"ART. 9;CODE;SIZE_M"
G02;236;|DESIGN| Começar a criar as telas de alta fidelidade no Figma;Sprint 03;fechado;G02-A13;1;Design;1;"ART. 7;DESIGN;SIZE_G"
G02;237;|CODE| Backend do G01-A26;Sprint 03;fechado;G02-A14;1;Código;1;"ART. 8;CODE;SIZE_M"
G02;238;|DESIGN| Finalizar as telas de alta fidelidade no Figma;Sprint 03;fechado;G02-A18;1;Design;1;"ART. 7;DESIGN;SIZE_G"
G02;239;|DESIGN| Finalizar as telas de alta fidelidade no Figma;Sprint 03;fechado;G02-A13;1;Design;1;"ART. 7;DESIGN;SIZE_G"
G02;240;|DESIGN| Finalizar wireframes - Tela 05;Sprint 03;fechado;G02-A12;1;Design;1;"ART. 7;DESIGN;SIZE_M"
G02;241;|WAD| Diagrama de Classes Arquitetural (Seção 3.2.3.1) Parte 2;(sem sprint);fechado;G02-A19;1;Documentação;1;"ART. 9;DOCUMENTATION;SIZE_G"
G02;242;|DESIGN| Finalizar wireframes;Sprint 03;fechado;G02-A18;1;Design;1;"ART. 7;DESIGN;SIZE_M"
G02;243;|CODE| Versão funcional Backend com WEB API operante - Diagrama 06;Sprint 03;fechado;G02-A15;1;Código;1;"ART. 8;CODE;SIZE_M"
G02;244;|WAD| Construindo a matriz RN → Entidade → Tabela (item 4.1).;Sprint 03;fechado;G02-A16;1;Documentação;1;"ART. 5;DOCUMENTATION;SIZE_M"
G02;245;|CODE| Versão funcional Backend com WEB API operante - Diagrama 07;Sprint 03;fechado;G02-A14;1;Código;1;"ART. 8;CODE;SIZE_M"
G02;246;|WAD| Construindo a matriz RN → Entidade → Tabela (item 4.1).;Sprint 03;fechado;G02-A16;1;Documentação;1;"ART. 5;DOCUMENTATION;SIZE_M"
G02;247;|WAD| Criar as seções 3.6.1 (ER conceitual) e 3.6.2 (DER) separadas.;Sprint 03;fechado;G02-A16;1;Documentação;1;"ART. 5;DOCUMENTATION;SIZE_M"
G02;248;|WAD| Criar as seções 3.6.1 (ER conceitual) e 3.6.2 (DER) separadas.;Sprint 03;fechado;G02-A16;1;Documentação;1;"ART. 5;DOCUMENTATION;SIZE_M;Waiting Review"
G02;249;|CODE| Versão funcional Backend com WEB API operante - Diagrama 10;Sprint 03;fechado;G02-A15;1;Código;1;"ART. 8;CODE;SIZE_P"
G02;250;|WAD| Criação da tela 5, 6, 7 e 8 no Figma;Sprint 03;fechado;G02-A12;1;Design;1;"ART. 7;DESIGN;SIZE_G"
G02;251;|CODE| Refatorando o backend;Sprint 03;fechado;G02-A14;1;Código;1;"ART. 8;CODE;SIZE_GG"
G02;252;|WAD| Criação da tela 5, 6, 7 e 8 no Figma;Sprint 03;fechado;G02-A13;1;Design;1;"ART. 7;DESIGN;SIZE_G"
G02;253;|CODE| Refatorando o backend;Sprint 03;fechado;G02-A15;1;Código;1;"ART. 8;CODE;SIZE_G"
G02;254;|DESIGN| Pesquisar guia de estilos para referência;Sprint 03;fechado;G02-A18;1;Design;1;"ART. 7;DESIGN;SIZE_M"
G02;255;|WAD| Criação da tela 5, 6, 7 e 8 no Figma - parte II;Sprint 03;fechado;G02-A12;1;Design;1;"ART. 7;DESIGN;SIZE_GG"
G02;256;|WAD| Inserindo interações no protótipo de alta fidelidade;Sprint 03;fechado;G02-A12;1;Design;1;"ART. 7;DESIGN;SIZE_P"
G02;257;|CODE| Refatorando o backend;Sprint 03;fechado;G02-A15;1;Código;1;"CODE;SIZE_M"
G02;258;|CODE| Refatorando o backend;Sprint 03;fechado;G02-A15;1;Código;1;"ART. 8;CODE;SIZE_M"
G02;259;|WAD| Seção 3.2.3.1 - Documentação Diagrama de Classes Arquitetural;(sem sprint);fechado;G02-A13;1;Documentação;1;"ART. 9;DOCUMENTATION;SIZE_G"
G02;260;| APRESENTAÇÃO | Organização do roteiro e dos slides;Sprint 03;fechado;G02-A19;1;Negócio;1;"Presentation;SIZE_G"
G02;261;|WAD| corrige artefato 6 - consulta SQL e logica proposicional;Sprint 03;fechado;G02-A16;1;Documentação;1;"ART. 6;DOCUMENTATION;SIZE_G"
G02;262;|WAD| corrigir artefato 6 - consulta SQL e logica proposicional;Sprint 03;fechado;G02-A12;1;Documentação;1;"ART. 6;DOCUMENTATION;SIZE_M;Waiting Review"
G02;263;|DESIGN| Finalização do guia de estilos;Sprint 03;fechado;G02-A18;1;Design;1;"ART. 7;DESIGN;SIZE_G"
G02;264;|WAD| Colocar fotos das telas na seção 3.5;Sprint 03;fechado;G02-A12;1;Documentação;1;"ART. 7;DOCUMENTATION;SIZE_M"
G02;265;|WAD| Colocando conclusão na seção 3.4;Sprint 03;fechado;G02-A12;1;Documentação;1;"ART. 7;DOCUMENTATION;SIZE_P"
G02;266;|WAD| Acrescentando link do vídeo do fluxo de interações na seção 3.5;Sprint 03;fechado;G02-A12;1;Documentação;1;"ART. 7;DOCUMENTATION;SIZE_PP"
G02;267;|WAD| Aprimoramento dos Diagramas;Sprint 03;fechado;G02-A15;1;"Design;Documentação";2;"DESIGN;DOCUMENTATION;SIZE_M"
G02;268;|WAD| Atualizar foto daTela 01, 02, 03, 04, 05, 06, 07, 08, 09, 10 com base no feedback da [externo];Sprint 03;fechado;G02-A12;1;Documentação;1;"ART. 7;DOCUMENTATION;SIZE_P"
G02;269;| WAD | Ajustes nas seções 3.2.1 e 3.2.3.1 de acordo com o feedback;Sprint 03;fechado;G02-A19;1;Documentação;1;"ART. 9;DOCUMENTATION;SIZE_M"
G02;270;|DESIGN| Preenche a seção 3.4 completa no WAD;Sprint 03;fechado;G02-A18;1;Design;1;"ART. 7;DESIGN;SIZE_G"
G02;271;|WAD| Fazer seção 4.1 Primeira versão da aplicação web;Sprint 03;fechado;G02-A19;1;Documentação;1;"ART. 9;DOCUMENTATION;SIZE_M"
G02;272;|WAD| Ajustar tamanho das imagens das telas 06 e 07 na seção 3.5 do WAD;Sprint 03;fechado;G02-A12;1;Documentação;1;"ART. 7;DOCUMENTATION;SIZE_P"
G02;273;|WAD| Atualizar formatação das tabelas da seção 3.6.4;Sprint 03;fechado;G02-A12;1;Documentação;1;"ART. 6;DOCUMENTATION;SIZE_P;Waiting Review"
G02;274;|WAD| Fazer seção 3.7 do WAD;Sprint 03;fechado;G02-A12;1;"Código;Documentação";2;"ART. 9;CODE;DOCUMENTATION;Doing;SIZE_M"
G02;275;|Planning| Divisão das tarefas da sprint 4 entre os integrantes do grupo + Retrospectiva;Sprint 04;fechado;G02-A12;1;;0;SIZE_G
G02;276;|CODE| Matriz de Rastreabilidade (RTM);Sprint 04;fechado;G02-A15;1;"Código;Documentação";2;"ART. 10;CODE;DOCUMENTATION"
G02;277;|CODE| Matriz de Rastreabilidade (RTM);Sprint 04;fechado;G02-A18;1;"Código;Documentação";2;"ART. 10;CODE;DOCUMENTATION;SIZE_M"
G02;278;|DESIGN| Refinamento das telas de alta fidelidade com base no feedback da sprint 3 e da Jessica (madrinha do grupo);Sprint 04;fechado;G02-A12;1;Design;1;"ART. 7;DESIGN;SIZE_M"
G02;279;|DESIGN| Refinamento das telas de alta fidelidade com base no feedback da sprint 3 e da Jessica (madrinha do grupo);Sprint 04;fechado;G02-A19;1;Design;1;"ART. 7;DESIGN;SIZE_M"
G02;280;|DESIGN| Refinamento das telas de alta fidelidade com base no feedback da sprint 3 e da Jessica (madrinha do grupo);Sprint 04;fechado;G02-A13;1;Design;1;"ART. 7;DESIGN;SIZE_M"
G02;281;|WAD| Análise de mercado - Seção 6.2;Sprint 04;fechado;G02-A14;1;Documentação;1;"ART. 12;DOCUMENTATION;SIZE_G"
G02;282;|OUTROS| Reunião com a professora Camila de inglês;Sprint 04;fechado;G02-A19;1;;0;SIZE_M
G02;283;|WAD| Público-Alvo - seção 6.4 - negócios;Sprint 04;fechado;G02-A13;1;Documentação;1;"ART. 12;DOCUMENTATION;SIZE_G"
G02;284;|WAD| Análise da concorrência - Seção 6.3;Sprint 04;fechado;G02-A14;1;Documentação;1;"ART. 12;DOCUMENTATION;SIZE_P"
G02;285;|WAD| Posicionamento e branding - seção 6.5 - negócios;Sprint 04;fechado;G02-A13;1;Documentação;1;"ART. 12;DOCUMENTATION;SIZE_G"
G02;286;|WAD| seção 6.7 -  Estratégia de Marketing - negócios;Sprint 04;fechado;G02-A13;1;Documentação;1;"ART. 12;DOCUMENTATION;SIZE_G"
G02;287;|WAD| Resumo Executivo - Seção 6.1;Sprint 04;fechado;G02-A14;1;Documentação;1;"ART. 12;DOCUMENTATION;SIZE_M"
G02;288;|WAD| Iniciar desenvolvimento do artefato 11, preenchendo a seção 5 do WAD - Parte 1;Sprint 04;fechado;G02-A12;1;Documentação;1;"ART. 11;DOCUMENTATION;SIZE_GG"
G02;289;|CODE| Atualização critérios do escritório de projetos;Sprint 04;fechado;G02-A15;1;Código;1;"ART. 10;CODE;SIZE_M"
G02;290;|WAD| Business Model Canvas - seção 6.6 - negócios;(sem sprint);fechado;G02-A13;1;Documentação;1;"ART. 9;DOCUMENTATION;SIZE_G"
G02;291;|CODE| Atualização critérios do escritório de projetos;Sprint 04;fechado;G02-A18;1;Código;1;"ART. 10;CODE;SIZE_M"
G02;292;|CODE| Iniciar desenvolvimento do artefato 11;Sprint 04;fechado;G02-A19;1;Código;1;"ART. 11;CODE;SIZE_G"
G02;293;WAD| Iniciar desenvolvimento do artefato 11, preenchendo a seção 5 do WAD;Sprint 03;fechado;G02-A16;1;Código;1;"ART. 11;CODE;SIZE_G"
G02;294;|WAD| Ajusta numeração de imagens;Sprint 04;fechado;G02-A18;1;Documentação;1;"ART. 10;DOCUMENTATION;SIZE_PP"
G02;295;|WAD| Adequação aos critérios do escritório de projetos e boas práticas da monitoria;Sprint 04;fechado;G02-A15;1;Documentação;1;"DOCUMENTATION;SIZE_M"
G02;296;|WAD| Preenchendo seção 3.9 e 4.2;Sprint 04;fechado;G02-A15;1;Documentação;1;"ART. 10;DOCUMENTATION;SIZE_M"
G02;297;|WAD| Preenchendo seção 5.1 + seção 5.1.1 do WAD;Sprint 04;fechado;G02-A12;1;Documentação;1;"ART. 11;DOCUMENTATION;SIZE_M;Waiting Review"
G02;298;|CODE| Desenvolver suíte de testes automatizados da WebAPI (Artefato 11).;Sprint 04;fechado;G02-A19;1;Código;1;"ART. 11;CODE;SIZE_GG"
G02;299;|CODE| Desenvolver suíte de testes automatizados da WebAPI (Artefato 11).;Sprint 04;fechado;G02-A12;1;Código;1;"ART. 11;CODE;SIZE_GG"
G02;300;|CODE| Iniciando a implementação do Front-End;Sprint 04;fechado;G02-A15;1;Código;1;"ART. 10;CODE;SIZE_M"
G02;301;|WAD| Aprimoramento de seção 3.9 e 4.2 do wad;Sprint 04;fechado;G02-A18;1;"Código;Documentação";2;"ART. 10;CODE;DOCUMENTATION;SIZE_M"
G02;302;|WAD| Revisão do artefato 12;Sprint 04;fechado;G02-A14;1;Documentação;1;"ART. 12;DOCUMENTATION;SIZE_M"
G02;303;|WAD| Revisão do artefato 12;Sprint 04;fechado;G02-A13;1;Documentação;1;"ART. 12;DOCUMENTATION;SIZE_M"
G02;304;|CODE| Desenvolver suíte de testes automatizados da WebAPI (Artefato 11).;Sprint 04;fechado;G02-A16;1;Código;1;"ART. 11;CODE;SIZE_GG"
G02;305;|CODE| Limpeza de config Jest e consolidação de testes;(sem sprint);fechado;G02-A12;1;Código;1;"ART. 11;CODE;SIZE_M"
G02;306;|CODE| Aumentar cobertura dos testes automatizados acima de 80%;Sprint 04;fechado;G02-A12;1;Código;1;"ART. 11;CODE;SIZE_M"
G02;307;|CODE| Revisar conformidade do Artefato 11 e corrigir ajustes finais;Sprint 04;fechado;G02-A12;1;"Código;Documentação";2;"ART. 11;CODE;DOCUMENTATION;SIZE_M"
G02;308;|WAD| Preencher seção 5.1.1 do WAD;Sprint 04;fechado;G02-A12;1;Documentação;1;"ART. 11;DOCUMENTATION;Review;SIZE_P"
G02;309;|CODE| Atualizar organização de pastas dos testes automatizados;Sprint 04;fechado;G02-A12;1;Documentação;1;"ART. 11;DOCUMENTATION;SIZE_PP"
G02;310;|WAD| Documentar testes unitários da camada Service (seção 5.1.2);Sprint 04;fechado;G02-A19;1;Documentação;1;"ART. 11;DOCUMENTATION;SIZE_M"
G02;311;|DOCS| Preencher subseção 5.1.3 – Testes de Integração de Endpoints;Sprint 04;fechado;G02-A19;1;Documentação;1;"ART. 11;DOCUMENTATION;SIZE_M"
G02;312;|CODE| Implementação Front-End - Tela 02;Sprint 04;fechado;G02-A15;1;Código;1;"CODE;SIZE_P"
G02;313;|WAD| Preencher subseção 5.1.4 – Evidências de Execução;Sprint 04;fechado;G02-A19;1;Documentação;1;"ART. 11;DOCUMENTATION;SIZE_M"
G02;314;|CODE| Implementação Front-End - Tela 07;Sprint 04;fechado;G02-A12;1;Código;1;"CODE;SIZE_P"
G02;315;|CODE| Implementação Front-End - Tela 06 - Parte 1;Sprint 04;fechado;G02-A12;1;Código;1;"CODE;SIZE_P"
G02;316;|CODE| Implementação Front-End - Tela 08;Sprint 04;fechado;G02-A15;1;Código;1;"CODE;SIZE_P"
G02;317;|CODE| Implementação Front-End - Tela 09;Sprint 04;fechado;G02-A15;1;Código;1;"CODE;SIZE_P"
G02;318;|CODE| Implementação Front-End - Tela 05;Sprint 04;fechado;G02-A15;1;Código;1;"CODE;SIZE_P"
G02;319;|CODE| Implementação Front-End - Tela 10;Sprint 04;fechado;G02-A15;1;Código;1;"CODE;SIZE_P"
G02;320;|CODE| Implementação Front-End e Conexão com Banco Completo;Sprint 04;fechado;G02-A15;1;Código;1;"CODE;SIZE_GG"
G02;321;|EXTRA| Fazer atividade desafio da análise de Usabilidade + Acessibiliade e Avaliação Heurística;Sprint 05;fechado;G02-A12;1;"Design;Documentação";2;"ART. 15;DESIGN;DOCUMENTATION;SIZE_G"
G02;322;|CODE| Implementar Tela 04 no Figma - PARTE 1 (ERROR);Sprint 04;fechado;G02-A19;1;Código;1;"CODE;SIZE_M"
G02;323;|CODE| Implementação Front-End - Tela 09;Sprint 04;fechado;G02-A16;1;Código;1;"CODE;SIZE_P"
G02;324;|CODE| Implementação Front-End - Tela 09;Sprint 04;fechado;G02-A16;1;Código;1;"CODE;SIZE_P"
G02;325;|CODE| Implementação Front-End - Tela 03;Sprint 04;fechado;G02-A16;1;Código;1;"CODE;SIZE_P"
G02;326;|CODE| Implementação Front-End - Tela 03;Sprint 04;fechado;G02-A16;1;Código;1;"CODE;SIZE_P"
G02;327;|CODE| Implementação Front-End - Tela 03;Sprint 04;fechado;G02-A16;1;Código;1;"CODE;SIZE_P"
G02;328;|CODE| Implementação Front-End - Tela 03;Sprint 04;fechado;G02-A16;1;Código;1;"CODE;SIZE_P"
G02;329;|CODE| Implementação Front-End - Tela 03;Sprint 04;fechado;G02-A16;1;Código;1;"CODE;SIZE_P"
G02;330;|CODE| Implementação Front-End - Tela 04;Sprint 04;fechado;G02-A16;1;Código;1;"CODE;SIZE_P"
G02;331;|WAD| Preencher seção 5.1 Relatório de testes de integração de endpoints automatizados;Sprint 04;fechado;G02-A16;1;Documentação;1;"ART. 11;DOCUMENTATION;Review;SIZE_M"
G02;332;|DESIGN| Atualizar elementos do Figma com base no feedback da Madrinha do grupo - Parte 1;Sprint 04;fechado;G02-A12;1;Design;1;"ART. 7;DESIGN;SIZE_M"
G02;333;|WAD| Atualizar seções do WAD para deixar todos Endpoints;Sprint 04;fechado;G02-A12;1;Documentação;1;"DOCUMENTATION;SIZE_M"
G02;334;|CODE| Corrigir o consumo de JWT nas requisições do front-end EJS;Sprint 05;fechado;G02-A15;1;Código;1;"BUG;SIZE_M"
G02;335;|CODE| Implementar Tela 05 no Figma - PARTE 1;Sprint 04;fechado;G02-A18;1;Código;1;"CODE;SIZE_M"
G02;336;|CODE| Implementar Tela 04 no Figma - PARTE 1;Sprint 04;fechado;G02-A19;1;Código;1;"CODE;SIZE_M"
G02;337;|CODE| Ajusta erros de code smell;Sprint 04;fechado;G02-A18;1;Código;1;"CODE;SIZE_M"
G02;338;|WAD| Altera seção 4.2 do WAD;Sprint 04;fechado;G02-A18;1;Documentação;1;"DOCUMENTATION;SIZE_M"
G02;339;|FIX| Realizando melhorias ao backend;Sprint 04;fechado;G02-A15;1;Código;1;"ART. 10;CODE;SIZE_M"
G02;340;|CODE| Resolvendo a Duplicação de Código;Sprint 04;fechado;G02-A15;1;Código;1;"ART. 10;CODE;SIZE_M"
G02;341;|CODE| Implementar Tela 04 no Figma - PARTE 2;Sprint 04;fechado;G02-A19;1;Código;1;"CODE;SIZE_M"
G02;342;|CODE| Implementação Front-End - Tela 06 - Parte 2;Sprint 04;fechado;G02-A12;1;Código;1;"CODE;SIZE_M"
G02;343;|APRESENTATION| Preparação do roteiro e slides - part01;Sprint 04;fechado;G02-A15;1;"Design;Negócio";2;"DESIGN;Presentation;SIZE_G"
G02;344;|WAD| Finaliza artefato 10;Sprint 04;fechado;G02-A18;1;Documentação;1;"ART. 10;DOCUMENTATION;SIZE_G"
G02;345;|APRESENTATION| Fazer slides e roteiro para a apresentação;Sprint 04;fechado;G02-A16;1;"Design;Negócio";2;"DESIGN;Presentation;SIZE_G"
G02;346;|CODE| Implementação Front-End - Tela 04;Sprint 04;fechado;G02-A16;1;Código;1;"CODE;SIZE_P"
G02;347;|CODE| Implementação Front-End - Tela 04;Sprint 04;fechado;G02-A16;1;Código;1;"CODE;SIZE_P"
G02;348;|CODE| Implementação Front-End - Tela 04;Sprint 04;fechado;G02-A16;1;Código;1;"CODE;SIZE_P"
G02;349;|CODE| Implementação Front-End - Tela 04;Sprint 04;fechado;G02-A16;1;Código;1;"CODE;SIZE_P"
G02;350;|CODE| Implementação Front-End - Tela 04;Sprint 04;fechado;G02-A16;1;Código;1;"CODE;SIZE_P"
G02;351;|APRESENTATION| Fazer slides e roteiro para a apresentação;(sem sprint);fechado;G02-A16;1;"Design;Negócio";2;"DESIGN;Presentation;SIZE_G"
G02;352;|WAD| Atualizar diagrama de arquitetura da aplicação;Sprint 04;fechado;G02-A19;1;Documentação;1;"ART. 13;DOCUMENTATION;SIZE_M"
G02;353;|APRESENTAÇÃO| Fazer slides e roteiro para a apresentação;Sprint 04;fechado;G02-A12;1;Design;1;"DESIGN;SIZE_G"
G02;354;|WAD| Acrescentndo todas as fontes usadas na seção 6 (Negócios);Sprint 04;fechado;G02-A12;1;Documentação;1;"ART. 12;DOCUMENTATION;SIZE_M"
G02;355;|WAD| Atualizar documentação arquitetural da aplicação - PARTE 1;Sprint 04;fechado;G02-A19;1;Documentação;1;"ART. 13;DOCUMENTATION;SIZE_M"
G02;356;|WAD| Finaliza artefato 10 parte 2;Sprint 04;fechado;G02-A18;1;Documentação;1;"ART. 10;DOCUMENTATION;SIZE_G"
G02;357;|CODE| Interligando o banco de dados ao Front-end;Sprint 04;fechado;G02-A15;1;Código;1;"CODE;SIZE_GG;Waiting Review"
G02;358;|WAD| Atualizar seção 3.7 do WAD;Sprint 04;fechado;G02-A12;1;Documentação;1;"ART. 13;Backlog;DOCUMENTATION;SIZE_M"
G02;359;|WAD + CODE| Atualização do código da documentação da seção 3.7 na pasta index.html;Sprint 04;fechado;G02-A12;1;Código;1;"ART. 13;Backlog;CODE;SIZE_G"
G02;360;|WAD| Atualizar documentação arquitetural da aplicação - PARTE 2;Sprint 04;fechado;G02-A19;1;Documentação;1;"ART. 13;DOCUMENTATION;SIZE_M"
G02;361;|WAD| Refinamento do artefato 10;Sprint 04;fechado;G02-A18;1;Documentação;1;"ART. 10;DOCUMENTATION;SIZE_M"
G02;362;|WAD| Corrigir a chave primária do DER para UUID (3.6.2);Sprint 04;fechado;G02-A16;1;Documentação;1;"ART. 13;DOCUMENTATION;SIZE_M"
G02;363;|WAD| Alinhar DER ao código: UUID, relacionamentos 3.6.2.1 e RTM;Sprint 05;fechado;G02-A16;1;Documentação;1;"DOCUMENTATION;SIZE_M"
G02;364;|WAD| Corrigir seção de Testes (5.1): header duplicado e ref de teste;Sprint 05;fechado;G02-A16;1;Documentação;1;"DOCUMENTATION;SIZE_M"
G02;365;|WAD| Corrigir notação do MER para Chen (3.6.1);Sprint 05;fechado;G02-A16;1;Documentação;1;"DOCUMENTATION;SIZE_M"
G02;366;|WAD| Atualizar status dos Requisitos Funcionais (3.1.1);Sprint 05;fechado;G02-A16;1;Documentação;1;"DOCUMENTATION;SIZE_M"
G02;367;|WAD| Atualiza seção 3.2.7;Sprint 04;fechado;G02-A18;1;Documentação;1;"ART. 13;DOCUMENTATION;SIZE_M"
G02;368;|WAD| Atualizar seção 3.6.1 - Modelo Entidade-Relacionamento;Sprint 04;fechado;G02-A13;1;"Código;Documentação";2;"ART. 13;CODE_REVIEW;DOCUMENTATION;SIZE_M"
G02;369;|WAD| atualizar link pages do index.html na seção 3.7;Sprint 04;fechado;G02-A12;1;Documentação;1;"ART. 13;DOCUMENTATION;SIZE_PP"
G02;370;|CODE| atualiza vulnerabilidade dos tests;Sprint 04;fechado;G02-A12;1;Código;1;"ART. 11;CODE;SIZE_P"
G02;371;|CODE| Atualizando tabelas do migration.sql;Sprint 04;fechado;G02-A12;1;Código;1;"ART. 13;CODE;SIZE_M"
G02;372;|WAD| Atualizar modelo relacional e modelo físico;Sprint 04;fechado;G02-A19;1;Documentação;1;"ART. 13;DOCUMENTATION;SIZE_G"
G02;373;|wad| Atualização de todos os diagramas da seção 3.2.4;Sprint 04;fechado;G02-A12;1;Documentação;1;"ART. 13;DOCUMENTATION;SIZE_P"
G02;374;|WAD| Atualização Readme e ajustes WAD;Sprint 04;fechado;G02-A15;1;Documentação;1;"DOCUMENTATION;SIZE_P"
G02;375;|CODE| Corrigir erro 404 e criar o script /js/solicitacoes.js;Sprint 05;fechado;G02-A15;1;Código;1;"ART. 18;BUG;SIZE_M"
G02;376;|WAD| Elaborar enunciados de tarefas para testes de usabilidade (seção 5.2);Sprint 05;fechado;G02-A19;1;Documentação;1;"ART. 15;DOCUMENTATION;SIZE_G"
G02;377;|WAD| Elaborar enunciados de tarefas para testes de usabilidade (seção 5.2);Sprint 05;fechado;G02-A12;1;Documentação;1;"ART. 15;DOCUMENTATION;SIZE_G"
G02;378;|CODE| Refatoração do código pt1;Sprint 05;fechado;G02-A14;1;Código;1;"ART. 14;CODE;SIZE_GG"
G02;379;|CODE| Corrigir o consumo de JWT nas requisições do front-end EJS;Sprint 05;fechado;G02-A15;1;Código;1;"BUG;SIZE_M"
G02;380;|CODE| Configurar as políticas de CORS no middleware global;Sprint 05;fechado;G02-A15;1;Código;1;"BUG;SIZE_P"
G02;381;|CODE| Remover fallback hardcoded do segredo JWT no ambiente;Sprint 05;fechado;G02-A15;1;Código;1;"CODE;SIZE_P"
G02;382;|CODE| Uniformizar o consumo de dados nas Views do diretório;Sprint 05;fechado;G02-A15;1;Código;1;"CODE;SIZE_M"
G02;383;|CODE| Implementar validação Regex para CPF e CNPJ no Front-end;Sprint 05;fechado;G02-A15;1;Código;1;"CODE;SIZE_M"
G02;384;|CODE| Desenvolver as views e fluxos da persona Coordenador;Sprint 05;fechado;G02-A15;1;Código;1;"CODE;SIZE_G"
G02;386;|TEST| Realizar testes de carga (K6) para Capacidade e Desempenho;Sprint 05;fechado;G02-A15;1;Código;1;"CODE;SIZE_M"
G02;387;|TEST| Escrever testes E2E para o fluxo de Cadastro e Aprovação;Sprint 05;fechado;G02-A15;1;Código;1;"SIZE_M;TEST"
G02;388;|TEST| Elevar a cobertura de Branch para 100% nos Services;Sprint 05;fechado;G02-A15;1;Código;1;"SIZE_P;TEST"
G02;389;|DOCS| Atualizar os snapshots e as métricas do WAD (5.1.4);Sprint 05;fechado;G02-A15;1;Documentação;1;"DOCUMENTATION;SIZE_P"
G02;390;|DOCS| Incluir a rota de listagem de alterações no WAD;Sprint 05;fechado;G02-A15;1;Documentação;1;"DOCUMENTATION;SIZE_P"
G02;391;|DOCS| Atualizar o HTML de documentação da WebAPI;Sprint 05;fechado;G02-A15;1;Documentação;1;"DOCUMENTATION;SIZE_P"
G02;392;|DOCS| Publicar o index.html da WebAPI em URL Pública;Sprint 05;fechado;G02-A15;1;Documentação;1;"DOCUMENTATION;SIZE_P"
G02;393;|DOCS| Padronizar a formatação de imagens e tabelas no WAD;Sprint 05;fechado;G02-A15;1;Documentação;1;"DOCUMENTATION;SIZE_M"
G02;394;|DOCS| Atualizar README com a Estrutura da Sprint 5 e LinkedIn;Sprint 05;fechado;G02-A15;1;Documentação;1;"DOCUMENTATION;SIZE_P"
G02;395;|CODE| Garantir Tipagem Forte nos retornos dos Repositories;Sprint 05;fechado;G02-A15;1;Código;1;"CODE;SIZE_M"
G02;396;|CHORE| Remover códigos órfãos e arquivos fora do padrão de nomenclatura;Sprint 05;fechado;G02-A15;1;Código;1;"CODE;SIZE_M"
G02;397;|CODE| Refatoração do codigo;Sprint 05;fechado;G02-A14;1;Código;1;"ART. 14;CODE;SIZE_GG"
G02;398;|CODE| Refazer o testes do código;Sprint 05;fechado;G02-A14;1;Código;1;"ART. 14;CODE;SIZE_GG"
G02;399;|WAD| Fazer análise de atingimento dos objetivos listado na seção 02;Sprint 05;fechado;G02-A13;1;Documentação;1;"ART. 16;DOCUMENTATION;SIZE_G"
G02;400;|WAD| Preencher na seção 07  pontos de melhoria + plano de ação futuro (baseado nos testes);Sprint 05;fechado;G02-A13;1;Documentação;1;"ART. 16;DOCUMENTATION;SIZE_G"
G02;401;|CODE| Corrigir aprovação de cadastro novo (pendente → ativo);Sprint 05;fechado;G02-A16;1;Código;1;"ART. 14;CODE;SIZE_M"
G02;402;|CODE| Implementar edição de vínculo e dados agrícolas (PATCH + transação);Sprint 05;fechado;G02-A16;1;Código;1;"ART. 14;CODE;SIZE_M"
G02;403;erro;Sprint 05;fechado;G02-A16;1;Código;1;"ART. 14;CODE;SIZE_M"
G02;404;erro;Sprint 05;fechado;G02-A16;1;Código;1;"ART. 14;CODE;SIZE_M"
G02;405;erro;Sprint 05;fechado;G02-A16;1;Código;1;"ART. 14;CODE;SIZE_M"
G02;406;erro;Sprint 05;fechado;G02-A16;1;Código;1;"ART. 14;CODE;SIZE_M"
G02;407;erro;Sprint 05;fechado;G02-A16;1;Código;1;"ART. 14;SIZE_M;TEST"
G02;408;erro;Sprint 05;fechado;G02-A16;1;Documentação;1;"ART. 14;REQUIREMENTS;SIZE_M"
G02;409;erro;Sprint 05;fechado;G02-A16;1;Documentação;1;"ART. 14;DOCUMENTATION;SIZE_M"
G02;410;erro;Sprint 05;fechado;G02-A16;1;Código;1;"ART. 14;CODE;SIZE_M"
G02;411;erro;Sprint 05;fechado;G02-A16;1;Código;1;"ART. 14;DEPLOY;SIZE_M"
G02;412;erro;Sprint 05;fechado;G02-A16;1;Documentação;1;"ART. 14;DOCUMENTATION;SIZE_M"
G02;413;|WAD| Verificar coerência geral do WAD;Sprint 05;fechado;G02-A18;1;Documentação;1;"ART. 16;DOCUMENTATION;SIZE_M"
G02;414;"|WAD| Preencher ""Priorização de Melhorias"" na seção 5.2";Sprint 05;fechado;G02-A12;1;Documentação;1;"ART. 15;DOCUMENTATION;SIZE_P"
G02;415;|APRESENTAÇÃO| Montar slides + roterio da apresentação da sprint 5 - Parte 1;Sprint 05;fechado;G02-A12;1;Documentação;1;"ART. 17;DOCUMENTATION;SIZE_M"
G02;416;|CODE| Fazer pequenas correções para garantir que os testes ainda rodem todos com a mesma qualidade;Sprint 05;fechado;G02-A12;1;Código;1;"ART. 18;CODE;SIZE_P"
G02;417;|CODE| Casos de teste no código;Sprint 05;fechado;G02-A14;1;Código;1;"ART. 14;CODE;SIZE_G"
G02;418;|CODE| Trocar Região por seletor de usinas reais;Sprint 05;fechado;G02-A16;1;Código;1;"ART. 14;CODE;SIZE_M"
G02;419;|WAD| Finalizar a coerência do WAD;Sprint 05;fechado;G02-A18;1;Documentação;1;"ART. 16;DOCUMENTATION;SIZE_M"
G02;420;|FIX| Correções de Code Review e Ajustes de Merge Request;Sprint 05;fechado;G02-A15;1;Código;1;"ART. 18;CODE;SIZE_G"
G02;421;|WAD| Elaborar relatório de testes de usabilidade (seção 5.2);Sprint 05;fechado;G02-A19;1;Documentação;1;"ART. 15;DOCUMENTATION;SIZE_M"
G02;422;|FIGMA| Altera cores do protótipo de alta fidelidade;Sprint 05;fechado;G02-A13;1;Design;1;"ART. 14;DESIGN;SIZE_G"
G02;423;|APRESENTAÇÃO| Montar slides + roterio da apresentação da sprint 5 - Parte 2;Sprint 05;fechado;G02-A12;1;"Documentação;Negócio";2;"ART. 17;DOCUMENTATION;Presentation;SIZE_M"
G02;424;|WAD| Elaborar relatório SUS e priorizar melhorias de usabilidade;Sprint 05;fechado;G02-A19;1;Documentação;1;"ART. 15;DOCUMENTATION;SIZE_G"
G02;425;|WAD| Priorizar melhorias identificadas nos testes de usabilidade;Sprint 05;fechado;G02-A19;1;Documentação;1;"ART. 15;DOCUMENTATION;SIZE_G"
G02;426;|WAD| Revisando o WAD;Sprint 05;fechado;G02-A14;1;Documentação;1;"ART. 14;DOCUMENTATION;SIZE_G"
G02;427;|APRESENTAÇÃO| Montar slides + roterio da apresentação da sprint 5 - Parte 3;Sprint 05;fechado;G02-A12;1;"Documentação;Negócio";2;"ART. 17;DOCUMENTATION;Presentation;SIZE_P"
G02;428;|WAD| Refinar relatório de testes de usabilidade com base no feedback da professora;Sprint 05;fechado;G02-A19;1;Documentação;1;"ART. 15;DOCUMENTATION;SIZE_M"
G02;429;|CODE| Trocar Região por seletor de usinas reais;Sprint 05;fechado;G02-A16;1;Código;1;"ART. 14;CODE;SIZE_M"
G02;430;|CODE| Atualizar logins e autenticação;Sprint 05;fechado;G02-A12;1;Código;1;"ART. 18;CODE;SIZE_M"
G02;431;|WAD| Refinar relatório de testes de usabilidade conforme revisão;Sprint 05;fechado;G02-A19;1;Documentação;1;"ART. 15;DOCUMENTATION;SIZE_P"
G02;432;|DESIGN| Ajustar o guia de estilo versão final;Sprint 05;fechado;G02-A18;1;Design;1;"ART. 14;DESIGN;SIZE_M"
G02;433;|CODE| Persistir empresa, data de [externo] e endereço do parceiro;Sprint 05;fechado;G02-A16;1;Código;1;"ART. 14;CODE;SIZE_M"
G02;434;|WAD| Preencher seção 07 baseado no desenvolvimento ao longo das sprints;Sprint 05;fechado;G02-A13;1;Documentação;1;"ART. 16;DOCUMENTATION;SIZE_M"
G02;435;|FIX| Corrigir sidebar do site;Sprint 05;fechado;G02-A15;1;"Código;Design";2;"CODE;DESIGN;SIZE_M"
G02;436;|WAD| Analisar coerência geral do WAD e código;Sprint 05;fechado;G02-A13;1;Documentação;1;"ART. 16;DOCUMENTATION;SIZE_G"
G02;437;|WAD| Atualizar seção de testes seção 5.1 (5.1.1, 5.1.2, 5.1.3 e 5.1.4) com base no estado atual do código;Sprint 05;fechado;G02-A12;1;Documentação;1;"ART. 18;DOCUMENTATION;SIZE_M"
G02;438;|WAD| Preencher relatório SUS e subseções da seção 5.2.2;Sprint 05;fechado;G02-A12;1;Documentação;1;"ART. 15;DOCUMENTATION;SIZE_G"
G02;439;|CODE| Restaurar aprovarCadastro (service+controller+rota) quebrado pela regressão;Sprint 05;fechado;G02-A16;1;Código;1;"ART. 14;BUG;CODE;SIZE_M;Waiting Review"
G02;440;|PRESENTATION| Criar roteiro das minahs falas para apresentação da sprint final;Sprint 05;fechado;G02-A12;1;Negócio;1;"ART. 17;Presentation;SIZE_P"
G02;441;|DESIGN| Finalizar o guia de estilo;Sprint 05;fechado;G02-A18;1;Design;1;"ART. 14;DESIGN;SIZE_P"
G02;442;|WAD| Corrigir seção 5.2.2 com base no feedbck da [externo];Sprint 05;fechado;G02-A12;1;"Design;Documentação";2;"ART. 15;DESIGN;DOCUMENTATION;SIZE_P"
G02;443;|WAD| Revisando o WAD;Sprint 05;fechado;G02-A14;1;Documentação;1;"ART. 16;DOCUMENTATION;SIZE_G"
G02;444;|WAD| Corrigir inconsistências na documentação do WAD;Sprint 05;fechado;G02-A19;1;Documentação;1;"ART. 16;DOCUMENTATION;SIZE_M"
G02;445;|WAD| Corrigir ajustes pontuais identificados na revisão;Sprint 05;fechado;G02-A12;1;Documentação;1;"ART. 16;DOCUMENTATION;SIZE_M"
G02;446;|WAD| Revisando o WAD;Sprint 05;fechado;G02-A13;1;Documentação;1;"ART. 16;DOCUMENTATION;SIZE_M"
G02;447;|CODE| Corrigir ciclo de vínculo e salvar fazendas/observações;(sem sprint);fechado;G02-A16;1;Código;1;"ART. 14;BUG;CODE;SIZE_M"
G02;448;|CODE| Fazer cadastro criar vínculo e persistir área, fazendas e observações;Sprint 05;fechado;G02-A16;1;Código;1;"ART. 14;CODE;SIZE_M"
G02;449;|CODE| Atualizar migration SQL com base no código atual do G01-A26;Sprint 05;fechado;G02-A12;1;Código;1;"ART. 18;CODE;SIZE_M"
G02;450;|PRESENTATION| treinar apresentação final - sprint 5;Sprint 05;fechado;G02-A12;1;Negócio;1;"ART. 17;Presentation;SIZE_M"
G02;451;|WAD| Introdução da seção 4.3;Sprint 05;fechado;G02-A14;1;Documentação;1;"ART. 16;DOCUMENTATION;SIZE_GG"
G02;452;|WAD| Adiciona resultado dos testes da sprint 05 na seção 07;Sprint 05;fechado;G02-A13;1;Documentação;1;"ART. 16;DOCUMENTATION;SIZE_M"
G02;453;|WAD| Avaliar objetivos, pontos fortes e limitações na seção 07;Sprint 05;fechado;G02-A13;1;Documentação;1;"ART. 16;DOCUMENTATION;SIZE_M"
G02;454;|DOCS| Atualizar requisitos e regras de negócio conforme implementação atual;Sprint 05;fechado;G02-A19;1;Documentação;1;"ART. 16;DOCUMENTATION;SIZE_M"
G02;455;|DOCS| Atualizar end points conforme implementação atual;Sprint 05;fechado;G02-A18;1;Documentação;1;"ART. 16;DOCUMENTATION;SIZE_M"
G02;456;|CODE| Revisando o codigo;Sprint 05;fechado;G02-A14;1;Código;1;"ART. 14;CODE;SIZE_GG"
G02;457;|CODE| Revisando o codigo;(sem sprint);fechado;(vazio);0;;0;
G02;458;|CODE| Atualiza CSS baseado nas novas cores do figma;Sprint 05;fechado;G02-A13;1;"Código;Design";2;"ART. 14;CODE;DESIGN;SIZE_G;Waiting Review"
G02;459;|CODE| Observações Gerais como campo único;Sprint 05;fechado;G02-A16;1;Código;1;"ART. 14;BUG;CODE"
G02;460;|DOCS| Corrigir rastreabilidade e numeração dos requisitos funcionais;Sprint 05;fechado;G02-A19;1;Documentação;1;"ART. 16;DOCUMENTATION;SIZE_P"
G02;461;|PRESENTATION| treinar apresentação final - pitch;Sprint 05;fechado;G02-A13;1;Negócio;1;"ART. 17;Presentation;SIZE_M"
G02;462;|DOCS| Atualiza textos de MER e DER;Sprint 05;fechado;G02-A18;1;Documentação;1;"ART. 16;DOCUMENTATION;SIZE_P"
G02;463;|DOCS| Alinhar requisitos funcionais à implementação atual do sistema;Sprint 05;fechado;G02-A19;1;Documentação;1;"ART. 16;DOCUMENTATION;SIZE_M"
G02;464;erro;Sprint 05;fechado;G02-A16;1;;0;SIZE_G
G02;465;erro;Sprint 05;fechado;G02-A16;1;;0;
G02;466;|review|Revisar acessos e permissões dos perfis (Administrador, Coordenador, Analista);Sprint 05;fechado;G02-A16;1;Código;1;"BUG;CODE;CODE_REVIEW;SIZE_G"
G02;467;|WAD|Refatorar diagramas UML estáticos para sintaxe Mermaid no WAD;Sprint 05;fechado;G02-A15;1;"Código;Documentação";2;"CODE;DOCUMENTATION;SIZE_G"
G02;468;|DOCS| Atualiza Diagrama de classes conforme implementação atual;Sprint 05;fechado;G02-A18;1;Documentação;1;"ART. 16;DOCUMENTATION;SIZE_P"
G02;469;|CODE| Atualizar migrations conforme estrutura atual do banco de dados;Sprint 05;fechado;G02-A19;1;Código;1;"ART. 16;CODE;SIZE_M"
G02;470;|DOCS| Atualiza WebApi conforme implementação atual;Sprint 05;fechado;G02-A18;1;Documentação;1;"ART. 16;DOCUMENTATION;SIZE_P"
G02;471;|DOCS| Atualizar modelo físico e modelo relacional conforme migrations atuais;Sprint 05;fechado;G02-A19;1;Documentação;1;"ART. 16;DOCUMENTATION;SIZE_M"
G02;472;|DOCS| Atualizar texto descritivo das telas e inconsistências do WAD;Sprint 05;fechado;G02-A18;1;Documentação;1;"ART. 16;DOCUMENTATION;SIZE_P"
G02;473;|WAD e README| Remover marcadores de sprint da documentação + Garantir que o número das fotos no WAD;Sprint 05;fechado;G02-A12;1;Documentação;1;"ART. 18;DOCUMENTATION;SIZE_P"
G02;474;|DOCS| Atualizar arquitetura em camadas e diagrama de classes arquitetural;Sprint 05;fechado;G02-A19;1;Documentação;1;"ART. 16;DOCUMENTATION;SIZE_M"
G02;475;|DOCS| Verifica coerência de todo WAD;Sprint 05;fechado;G02-A18;1;Documentação;1;"ART. 16;DOCUMENTATION;SIZE_M"
G02;476;|WAD| Preencher seção 4.3;Sprint 05;fechado;G02-A18;1;Documentação;1;"ART. 16;DOCUMENTATION;SIZE_M"
G02;477;|DOCS| Atualizar arquitetura em camadas e diagrama de classes arquitetural - PARTE 2;Sprint 05;fechado;G02-A19;1;Documentação;1;"ART. 16;DOCUMENTATION;SIZE_M"
G02;478;|WAD| Colocar imagens dos testes de usabilidades na seção 5.2 do WAD;Sprint 05;fechado;G02-A12;1;Design;1;"ART. 15;DESIGN;SIZE_P"
G02;479;|EXTRA| Atualizar planilha de testes de usabilidade;Sprint 05;fechado;G02-A19;1;Documentação;1;"ART. 15;DOCUMENTATION;SIZE_M"
G02;481;|WAD| Atualização da seção 5.1 com base no estado atual do código;Sprint 05;fechado;G02-A12;1;;0;"ART. 15;SIZE_P"
G02;482;|CODE| Substituir console.log nativo por implementação de Logger;Sprint 05;fechado;G02-A15;1;Código;1;"CODE;SIZE_P"
G02;483;|DOCS| Atualizar modelo físico do banco de dados;Sprint 05;fechado;G02-A19;1;Documentação;1;"ART. 16;DOCUMENTATION;SIZE_PP"
G02;484;|DOCS| Ajustar coerência de todo o WAD;Sprint 05;fechado;G02-A18;1;Documentação;1;"ART. 16;DOCUMENTATION;SIZE_M"
G02;485;|CHORE|Higienizar a raiz do repositório;Sprint 05;fechado;G02-A15;1;Código;1;"CODE;SIZE_PP"
G02;486;|DOCS| Atualizar arquitetura em camadas e diagrama de classes arquitetural - PARTE 3;Sprint 05;fechado;G02-A19;1;Documentação;1;"ART. 16;DOCUMENTATION;SIZE_P"
G02;487;|CHORE| Revisar todo o repositório;Sprint 05;fechado;G02-A15;1;Código;1;"CODE;DEPLOY;SIZE_G"
G02;488;|DOCS| Corrigir inconsistências do WAD e atualizar seção 3.8;Sprint 05;fechado;G02-A19;1;Documentação;1;"ART. 16;DOCUMENTATION;SIZE_P"
G02;489;|WAD| Atualiza seção 7 baseado em atualizações dos testes;Sprint 05;fechado;G02-A13;1;Documentação;1;"ART. 16;DOCUMENTATION;SIZE_P;Waiting Review"
G02;490;|CHORE| Inclusão do package-lock.json na pasta src para versionamento determinístico;Sprint 05;fechado;G02-A15;1;Código;1;"CODE;SIZE_PP"
G02;491;|DOCS| Corrigir documentação do WAD conforme revisão WEB;Sprint 05;fechado;G02-A19;1;Documentação;1;"ART. 18;DOCUMENTATION;SIZE_P"
G02;492;|CODE| Conectando o front com o back;Sprint 05;fechado;G02-A14;1;Código;1;"ART. 14;CODE;SIZE_G"
G03;1;|WAD| Definir metodologia e critérios de avaliação de riscos;Sprint 01;fechado;G03-A15;1;Documentação;1;"ART.1;DOCUMENTATION;size_P"
G03;2;|WAD| Realizar levantamento e classificação prévia dos riscos;Sprint 01;fechado;G03-A15;1;Documentação;1;"ART.1;DOCUMENTATION;size_M"
G03;3;|WAD| Construir planos de ação mitigadora;Sprint 01;fechado;G03-A15;1;Documentação;1;"ART.1;DOCUMENTATION;size_M"
G03;4;|WAD| Validar matriz de riscos preliminar com o grupo;Sprint 01;fechado;G03-A15;1;Documentação;1;"ART.1;DOCUMENTATION;size_P"
G03;5;|WAD| Consolidar matriz final e atribuir responsáveis;Sprint 01;fechado;G03-A15;1;Documentação;1;"ART.1;DOCUMENTATION;size_P"
G03;6;Fazer análise SWOT - Forças;Sprint 01;fechado;G03-A14;1;Documentação;1;"ART.1;DOCUMENTATION;size_P"
G03;7;Fazer análise SWOT - Fraquezas;Sprint 01;fechado;G03-A14;1;Documentação;1;"ART.1;DOCUMENTATION;size_P"
G03;8;Fazer análise SWOT - Oportunidades;Sprint 01;fechado;G03-A14;1;Documentação;1;"ART.1;DOCUMENTATION;size_P"
G03;9;Fazer análise SWOT - Ameaças;Sprint 01;fechado;G03-A14;1;Documentação;1;"ART.1;DOCUMENTATION;size_P"
G03;10;Redigir perfil da Persona 1;Sprint 01;fechado;G03-A12;1;Documentação;1;"ART.2;DOCUMENTATION;Waiting Review;size_P"
G03;11;Redigir perfil da Persona 2;Sprint 01;fechado;G03-A12;1;Documentação;1;"ART.2;DOCUMENTATION;size_P"
G03;12;|WAD| Redigir Perfil da Persona 3;Sprint 01;fechado;G03-A12;1;Documentação;1;"ART.2;DOCUMENTATION;size_P"
G03;13;|WAD| Consolidar Fichas das Personas;Sprint 01;fechado;G03-A12;1;Documentação;1;"ART.2;DOCUMENTATION;size_M"
G03;14;5 Forças de Porter - Ameaça de novos entrantes;Sprint 01;fechado;G03-A19;1;Documentação;1;"ART.1;DOCUMENTATION;size_P"
G03;15;5 Forças de Porter - Poder de barganha dos clientes;Sprint 01;fechado;G03-A19;1;Documentação;1;"ART.1;DOCUMENTATION;size_P"
G03;16;5 Forças de Porter - Ameaça de produtos substitutos;Sprint 01;fechado;G03-A19;1;Documentação;1;"ART.1;DOCUMENTATION;size_P"
G03;17;5 Forças de Porter - Rivalidade entre concorrentes;Sprint 01;fechado;G03-A19;1;Documentação;1;"ART.1;DOCUMENTATION;size_P"
G03;18;Criação de User Personas;Sprint 01;aberto;(vazio);0;Design;1;"DESIGN;size_G"
G03;19;User Personas - [externo];(sem sprint);aberto;(vazio);0;;0;
G03;20;User Personas - [externo];(sem sprint);aberto;(vazio);0;;0;
G03;21;|G01-A26| Brainstorm de grupo;Sprint 01;fechado;G03-A15;1;;0;"ART.1;ART.2;ART.3;size_G"
G03;22;|G01-A26| Brainstorm de grupo;Sprint 01;fechado;G03-A18;1;;0;"ART.1;ART.2;ART.3;size_G"
G03;23;|G01-A26| Brainstorm de grupo;Sprint 01;fechado;G03-A12;1;;0;"ART.1;ART.2;ART.3;size_G"
G03;24;|G01-A26| Brainstorm de grupo;Sprint 01;fechado;G03-A19;1;;0;"ART.1;ART.2;ART.3;size_G"
G03;25;|G01-A26| Brainstorm de grupo;Sprint 01;fechado;G03-A14;1;;0;"ART.1;ART.2;ART.3;size_G"
G03;26;|G01-A26| Brainstorm de grupo;Sprint 01;fechado;G03-A16;1;;0;"ART.1;ART.2;ART.3;size_G"
G03;27;|G01-A26| Brainstorm de grupo;Sprint 01;aberto;G03-A13;1;;0;"ART.1;ART.2;ART.3;size_G"
G03;29;|WAD| Elaborar Requisitos Não Funcionais (RNF) - ISO/IEC 25010;Sprint 01;fechado;G03-A15;1;Documentação;1;"ART.3;DOCUMENTATION;size_M"
G03;30;|WAD| Documentar Requisitos Funcionais (RF) e Contexto Inicial;Sprint 01;fechado;G03-A15;1;Documentação;1;"ART.3;DOCUMENTATION;size_M"
G03;31;Proposta de valor Canvas;Sprint 01;fechado;G03-A13;1;Design;1;"DESIGN;size_P"
G03;32;|WAD| Fazer seção 1;Sprint 01;fechado;G03-A16;1;Documentação;1;"ART.1;DOCUMENTATION;size_P"
G03;35;|WAD| Estruturar Regras de Negócio (RN) associadas aos RFs;Sprint 01;fechado;G03-A18;1;Documentação;1;"ART.3;DOCUMENTATION;size_M"
G03;36;|WAD| Elaborar User Story da persona Gerente;Sprint 01;fechado;G03-A12;1;Documentação;1;"ART.3;DOCUMENTATION;size_G"
G03;37;|WAD| Documentar Requisitos Funcionais (RF) e Contexto Inicial;Sprint 01;fechado;G03-A14;1;Documentação;1;"ART.3;DOCUMENTATION;size_M"
G03;38;|WAD| Construir Matriz de Rastreabilidade e Critérios de Aceite;Sprint 01;fechado;G03-A18;1;Documentação;1;"ART.3;DOCUMENTATION;size_M"
G03;39;|WAD| User Stories - Coordenador;Sprint 01;fechado;G03-A14;1;Documentação;1;"ART.2;DOCUMENTATION;size_M"
G03;40;|WAD| User Stories - Gerente;Sprint 01;fechado;G03-A14;1;Documentação;1;"ART.2;DOCUMENTATION;size_M"
G03;41;|WAD| Reescrever personas;Sprint 01;fechado;G03-A12;1;Documentação;1;"ART.2;DOCUMENTATION;size_M"
G03;42;|WAD| Criar User story da persona 1;Sprint 01;aberto;(vazio);0;Documentação;1;"ART.2;DOCUMENTATION;size_M"
G03;43;|WAD| Criar User story da persona embaixador;Sprint 01;fechado;G03-A12;1;Documentação;1;"ART.2;DOCUMENTATION;size_M"
G03;44;|G01-A26| montar aprsentação da sprint;Sprint 01;fechado;G03-A16;1;Design;1;"DESIGN;size_P"
G03;45;|WAD| Escrever seção 2.1.3: Solução;Sprint 01;fechado;G03-A14;1;Documentação;1;"ART.1;DOCUMENTATION;size_M"
G03;46;|WAD| Elaborar Requisitos Não Funcionais (RNF) - ISO/IEC 25010;Sprint 01;fechado;G03-A12;1;Documentação;1;"ART.3;DOCUMENTATION;size_M"
G03;47;|FIX| ajustar introdução da seção 1;Sprint 01;fechado;G03-A16;1;"Código;Documentação";2;"ART.1;DOCUMENTATION;Fix;size_P"
G03;48;|FIX| Correção da do tópico 2.1.5 (Matriz de Risco);Sprint 01;fechado;G03-A15;1;"Código;Documentação";2;"ART.1;DOCUMENTATION;Fix;size_PP"
G03;49;|FIX| Correção da do tópico 2.1.5 (Matriz de Risco);Sprint 01;fechado;G03-A15;1;"Código;Documentação";2;"ART.1;DOCUMENTATION;Fix;size_PP"
G03;50;|WAD| Elaborar Requisitos não Funcionais - 3.1.3;Sprint 01;fechado;G03-A14;1;Documentação;1;"ART.3;DOCUMENTATION;size_M"
G03;51;Correção do Canvas de Proposta de Valor;Sprint 01;fechado;G03-A13;1;Documentação;1;"ART.1;DOCUMENTATION;size_P"
G03;52;|FIX| ajustar novas informações na introdução da seção 1;Sprint 01;fechado;G03-A16;1;"Código;Documentação";2;"ART.1;DOCUMENTATION;Fix"
G03;53;|WAD| Mapeamento de Atores e Casos de Uso a partir dos RFs;Sprint 01;fechado;G03-A15;1;Documentação;1;"ART.3;DOCUMENTATION;size_P"
G03;54;|WAD| Desenhar Diagrama de Casos de Uso (UML);Sprint 01;fechado;G03-A15;1;Documentação;1;"ART.3;DOCUMENTATION;size_G"
G03;55;|WAD| Redigir Especificação Textual dos Casos de Uso;Sprint 01;fechado;G03-A15;1;Documentação;1;"ART.3;DOCUMENTATION;size_M"
G03;56;|WAD| Revisão de Semântica e Coerência do WAD;Sprint 01;fechado;G03-A15;1;Documentação;1;"ART.3;DOCUMENTATION;size_PP"
G03;57;|WAD| Atualizar regras de negócio;Sprint 01;fechado;G03-A18;1;Documentação;1;"ART.3;DOCUMENTATION;size_P"
G03;58;|WAD| Corrigir formatação da documentação;Sprint 01;fechado;G03-A18;1;Documentação;1;"DOCUMENTATION;size_M"
G03;59;|WAD| Atualizar Requisitos Funcionais;Sprint 01;fechado;G03-A12;1;Documentação;1;"ART.3;DOCUMENTATION;size_M"
G03;60;|FIX| ajustar forças de porter;Sprint 01;fechado;G03-A16;1;"Código;Documentação";2;"ART.1;DOCUMENTATION;Fix;size_P"
G03;61;|G01-A26| Validar User Stories priorizadas com o(a) orientador(a);Sprint 02;fechado;G03-A15;1;Documentação;1;"ART.4;DOCUMENTATION;size_PP"
G03;62;|WAD| Criar Wireframe das User Stories priorizadas;Sprint 02;aberto;G03-A12;1;"Design;Documentação";2;"ART.4;DESIGN;DOCUMENTATION;size_M"
G03;63;|WAD| Redigir explicação do fluxo de navegação (Seção 3.3);Sprint 02;aberto;G03-A12;1;Documentação;1;"ART.4;DOCUMENTATION;size_P"
G03;64;|WAD| Preencher Seção 3.3 com imagens e link público;Sprint 02;aberto;G03-A12;1;Documentação;1;"ART.4;DOCUMENTATION;size_PP"
G03;65;|WAD| Definir cenário e mapear chamadas do fluxo;Sprint 02;fechado;G03-A15;1;Documentação;1;"ART.5;DOCUMENTATION;size_PP"
G03;66;|WAD| Desenhar Diagrama de Sequência UML (Seção 3.2.4);Sprint 02;fechado;G03-A15;1;Documentação;1;"ART.5;DOCUMENTATION;size_M"
G03;67;|WAD| Preencher Seção 3.2.4 com diagrama e explicação;Sprint 02;fechado;G03-A15;1;Documentação;1;"ART.5;DOCUMENTATION;size_P"
G03;68;|WAD| Criar Wireframe das User Stories priorizadas;Sprint 02;aberto;(vazio);0;"Design;Documentação";2;"ART.4;DESIGN;DOCUMENTATION;size_M"
G03;69;|WAD| Redigir explicação do fluxo de navegação (Seção 3.3);Sprint 02;fechado;G03-A15;1;Documentação;1;"ART.4;DOCUMENTATION;size_P"
G03;70;|WAD| Preencher Seção 3.3 com imagens e link público;Sprint 02;fechado;G03-A15;1;Documentação;1;"ART.4;DOCUMENTATION;size_PP"
G03;71;|WAD| Estruturar tabelas e tipos de dados (DDL Base);Sprint 02;fechado;G03-A14;1;Documentação;1;"ART.5;DOCUMENTATION;size_M"
G03;72;|WAD| Mapear relacionamentos e integridade (FKs);Sprint 02;fechado;G03-A14;1;Documentação;1;"ART.5;DOCUMENTATION;size_M"
G03;73;|WAD| Mapear Entidades e Atributos do Domínio;Sprint 02;aberto;G03-A12;1;Documentação;1;"ART.5;DOCUMENTATION;size_M"
G03;74;|BDS| Implementar regras de validação (Constraints);Sprint 02;aberto;G03-A18;1;;0;"ART.5;size_M"
G03;75;|BDS| Otimizar e organizar o script final (Migration);Sprint 02;aberto;G03-A18;1;;0;"ART.5;size_M"
G03;76;|WAD| Consolidar modelo físico e documentar;Sprint 02;aberto;G03-A13;1;;0;"ART.5;size_P"
G03;77;|WAD| Definir Relacionamentos e Multiplicidades (UML);Sprint 02;aberto;G03-A12;1;Documentação;1;"ART.5;DOCUMENTATION;size_P"
G03;78;|WAD| Redigir Documentação da Seção 3.2.3;Sprint 02;fechado;G03-A12;1;Documentação;1;"ART.5;DOCUMENTATION;size_PP"
G03;79;|WAD| Modelar Diagrama de Classes de Domínio;Sprint 02;fechado;G03-A12;1;Documentação;1;"ART.5;DOCUMENTATION;size_M"
G03;80;|WAD| Validar Consistência entre Diagrama de Classes e DER;Sprint 02;aberto;G03-A12;1;Documentação;1;"ART.5;DOCUMENTATION;size_P"
G03;81;|G01-A26| Elaborar Classes e atributos;Sprint 02;fechado;G03-A12;1;Documentação;1;"ART.5;DOCUMENTATION;size_P"
G03;82;|G01-A26| entender estrutura da modelagem entidade relacionamento;Sprint 02;fechado;G03-A16;1;Documentação;1;"ART.5;DOCUMENTATION;size_P"
G03;83;|G01-A26| Estudo prévio: estrutura de tabelas e chaves primárias;Sprint 02;fechado;G03-A18;1;;0;"ART.5;size_M"
G03;84;|G01-A26| Estudo prévio: estrutura de relacionamentos (FK e tabelas associativas);Sprint 02;fechado;G03-A18;1;;0;"ART.5;size_M"
G03;85;|G01-A26| Estudo prévio: estrutura de tabelas e chaves primárias;Sprint 02;fechado;G03-A13;1;;0;"ART.5;size_M"
G03;86;|G01-A26| Estudo prévio: estrutura de relacionamentos (FK e tabelas associativas);Sprint 02;fechado;G03-A13;1;;0;"ART.5;size_M"
G03;87;|G01-A26| Montando esboço da estrutura da modelagem entidade relacionamento;Sprint 02;fechado;G03-A16;1;Design;1;"ART.5;DESIGN;size_P"
G03;88;|G01-A26| Corrigir Diagrama de classes;Sprint 02;fechado;G03-A12;1;Documentação;1;"ART.5;DOCUMENTATION;size_P"
G03;89;|G01-A26| Fazendo esboço da modelagem entidade relacionamento;Sprint 02;aberto;G03-A16;1;Design;1;"ART.5;DESIGN;size_P"
G03;90;|WAD| Corrigir imagens das personas;Sprint 02;fechado;G03-A19;1;Documentação;1;"ART.2;DOCUMENTATION;size_PP"
G03;91;| WAD | Adicionar textos de introdução e explicação das personas;Sprint 02;fechado;G03-A13;1;Documentação;1;"ART.2;DOCUMENTATION;size_PP"
G03;92;|DESIGN| Montar fluxo de telas;Sprint 02;fechado;G03-A15;1;Design;1;"ART.4;DESIGN;size_M"
G03;93;|WAD| Identificar entidades para o DER;Sprint 02;fechado;G03-A18;1;Documentação;1;"ART.5;DOCUMENTATION;size_M"
G03;94;|WAD| Reconstruir relacionamentos conceituais (DER);Sprint 02;fechado;G03-A18;1;Documentação;1;"ART.5;DOCUMENTATION;size_P"
G03;95;|WAD| Definir cardinalidade e regras dos relacionamentos (DER);Sprint 02;fechado;G03-A18;1;Documentação;1;"ART.5;DOCUMENTATION;size_P"
G03;96;|WAD| Construção do DER visual;Sprint 02;fechado;G03-A18;1;Documentação;1;"ART.5;DOCUMENTATION;size_M"
G03;97;|DESIGN| Criar tela de HOME - Desktop;Sprint 02;aberto;(vazio);0;Design;1;"ART.4;DESIGN;size_P"
G03;98;|DESIGN| Criar tela de LOGIN - Desktop;Sprint 02;fechado;G03-A13;1;Design;1;"ART.4;DESIGN;size_P"
G03;99;|DESIGN| Criar tela de PG FORM/PAC - Desktop;Sprint 02;fechado;G03-A19;1;Design;1;"ART.4;DESIGN;size_P"
G03;100;|DESIGN| Wireframe da tela Home (Desktop);Sprint 02;fechado;G03-A15;1;Design;1;"ART.4;DESIGN;size_M"
G03;101;|DESIGN| Wireframe da tela de formulário de cadastro de forn/parc (Desktop);Sprint 02;fechado;G03-A15;1;Design;1;"ART.4;DESIGN;size_P"
G03;102;|DESIGN| Wireframe da tela de formulário de cadastro de contatos (Desktop);Sprint 02;fechado;G03-A15;1;Design;1;"ART.4;DESIGN;size_P"
G03;103;|DESIGN| Wireframe da tela de confirmação (Desktop);Sprint 02;fechado;G03-A15;1;Design;1;"ART.4;DESIGN;size_PP"
G03;104;|DESIGN| Wireframe da tela de formulário de edição de forn/parc (Desktop);Sprint 02;fechado;G03-A15;1;Design;1;"ART.4;DESIGN;size_PP"
G03;105;|DESIGN| Wireframe da tela de formulário de edição de contatos (Desktop);Sprint 02;fechado;G03-A15;1;Design;1;"ART.4;DESIGN;size_PP"
G03;106;|DESIGN| Wireframe da tela de usuários (Desktop);Sprint 02;fechado;G03-A15;1;Design;1;"ART.4;DESIGN;size_PP"
G03;107;|DESIGN| Wireframe da tela de nada consta (Desktop);Sprint 02;fechado;G03-A15;1;Design;1;"ART.4;DESIGN;size_PP"
G03;108;|DESIGN| Criar tela de Result - Desktop;Sprint 02;fechado;G03-A19;1;Design;1;"ART.4;DESIGN;size_P"
G03;109;|DESIGN| Wireframe da tela de visitas (Desktop);Sprint 02;fechado;G03-A15;1;Design;1;"ART.4;DESIGN;size_PP"
G03;110;|DESIGN| Wireframe da tela de formulário de cadastro de visitas (Desktop);Sprint 02;fechado;G03-A15;1;Design;1;"ART.4;DESIGN;size_PP"
G03;111;|G01-A26| alinhando modelagens e diagramas;Sprint 02;fechado;G03-A16;1;;0;"ART.5;size_P"
G03;112;|WAD| Fazer modelagem entidade relacionamento;Sprint 02;fechado;G03-A16;1;Documentação;1;"ART.5;DOCUMENTATION;size_M"
G03;113;|WAD| Atualizar diagrama de classes;Sprint 02;fechado;G03-A12;1;Documentação;1;"ART.5;DOCUMENTATION;size_M"
G03;114;|DESIGN| Wireframe da tela de formulário de cadastro de usuarios (Desktop);Sprint 02;fechado;G03-A15;1;Design;1;"ART.4;DESIGN;size_PP"
G03;115;|WAD| Correção do Artefato de Negócios / Sprint 1;Sprint 02;fechado;G03-A13;1;Documentação;1;"ART.1;DOCUMENTATION;size_P"
G03;116;|WAD| Modelo Relacional - Seção 3.6.3;Sprint 02;fechado;G03-A14;1;Documentação;1;"ART.5;DOCUMENTATION;size_P"
G03;117;|FIX| Corrigir modelo entidade relacionamento;Sprint 02;fechado;G03-A16;1;Documentação;1;"ART.5;DOCUMENTATION;size_P"
G03;118;|DESIGN| Criar task flow da tarefa de cadastro de forn/parc;Sprint 02;fechado;G03-A15;1;Design;1;"ART.4;DESIGN;size_M"
G03;119;|DESIGN| Criar task flow para edição de cadastos;Sprint 02;fechado;G03-A15;1;Design;1;"ART.4;DESIGN;size_P"
G03;120;|DESIGN| Criar task flow para busca/filtro;Sprint 02;fechado;G03-A15;1;Design;1;"ART.4;DESIGN;size_PP"
G03;121;|DESIGN| Definir o que cada slide da sprint deve conter;Sprint 02;fechado;G03-A16;1;Design;1;"DESIGN;size_P"
G03;122;|DESIGN| Criar task flow para registro de visitas;Sprint 02;fechado;G03-A15;1;Design;1;"ART.4;DESIGN;size_PP"
G03;123;|DESIGN| Criar task flow de convite de usuário;Sprint 02;fechado;G03-A15;1;Design;1;"ART.4;DESIGN;size_PP"
G03;124;|WAD| Adicionar os wireframes na documentação;Sprint 02;fechado;G03-A15;1;Documentação;1;"ART.4;DOCUMENTATION;size_P"
G03;125;|DESIGN| Fazer slide da apresentação;Sprint 02;fechado;G03-A16;1;Design;1;"DESIGN;size_P"
G03;126;|WAD| corrigir diagrama de classes;Sprint 02;fechado;G03-A12;1;Documentação;1;"ART.5;DOCUMENTATION;size_PP"
G03;127;|WAD| Correção Modelo Relacional;Sprint 02;fechado;G03-A14;1;Documentação;1;"ART.5;DOCUMENTATION;size_M"
G03;128;|WAD| Atualizar diagrama de classes;Sprint 02;fechado;G03-A12;1;Documentação;1;"ART.4;DOCUMENTATION;size_P"
G03;129;|DESIGN| Ajuste do slide;Sprint 02;fechado;G03-A16;1;Design;1;"DESIGN;size_P"
G03;130;|WAD| Correção do artefato 2 de Computação;Sprint 02;fechado;G03-A13;1;Documentação;1;"ART.1;DOCUMENTATION;size_P"
G03;131;|WAD| Correção do artefato 3 de UX Design;Sprint 02;fechado;G03-A13;1;Documentação;1;"ART.1;DOCUMENTATION;size_P"
G03;132;|FIX| ajeita modelagem entidade relacionamento;Sprint 02;fechado;G03-A16;1;Documentação;1;"ART.5;DOCUMENTATION;size_P"
G03;133;|WAD| Atualizar modelo relacional com base na sprint review 2;Sprint 02;fechado;G03-A18;1;Documentação;1;"ART.5;DOCUMENTATION;size_P"
G03;134;|WAD| Corrigir modelo de entidade-relacionamento;Sprint 02;fechado;G03-A18;1;Documentação;1;"ART.5;DOCUMENTATION;size_P"
G03;135;|WAD| Acrescentar diagramas de sequencia;Sprint 02;fechado;G03-A15;1;Documentação;1;"ART.5;DOCUMENTATION;size_P"
G03;136;|SITE| Subir modelo fisico para o repositório;Sprint 02;fechado;G03-A15;1;Código;1;"ART.5;CODE;size_PP"
G03;137;|WAD| Adiciona modelo físico na documentação;Sprint 02;fechado;G03-A18;1;Documentação;1;"ART.5;DOCUMENTATION;size_P"
G03;138;|WAD| Tabela de Lógica proposicional 1;Sprint 03;fechado;G03-A14;1;Documentação;1;"ART.6;DOCUMENTATION;size_P"
G03;139;|WAD| Tabela de Lógica proposicional 2;Sprint 03;fechado;G03-A19;1;Documentação;1;"ART.6;DOCUMENTATION;size_P"
G03;140;|WAD| Tabela de Lógica proposicional 3;Sprint 03;fechado;G03-A13;1;Documentação;1;"ART.6;DOCUMENTATION;size_P"
G03;141;|DESIGN| Definição Semântica de Cores;Sprint 03;fechado;G03-A15;1;Design;1;"ART.7;DESIGN;size_M"
G03;142;|DESIGN| Hierarquia Tipográfica;Sprint 03;fechado;G03-A16;1;Design;1;"ART.7;DESIGN;size_M"
G03;143;|DESIGN| Padronização de Ícones e Imagens;Sprint 03;aberto;(vazio);0;Design;1;"ART.7;DESIGN;size_P"
G03;144;|DESIGN| Padronização de ícones e imagens;(sem sprint);aberto;G03-A16;1;Design;1;"ART.7;DESIGN;size_P"
G03;145;|DESIGN| Padronização de ícones e imagens;(sem sprint);aberto;G03-A16;1;Design;1;"ART.7;DESIGN;size_P"
G03;146;|DESIGN| Padronização de ícones e imagens;Sprint 03;aberto;G03-A16;1;Design;1;"ART.7;DESIGN;size_P"
G03;147;|WAD| Correção da ordem dos integrantes do grupo;Sprint 03;fechado;G03-A19;1;Documentação;1;"DOCUMENTATION;size_PP"
G03;148;|WAD| 3.2.1. Revisar requisitos da seção de arquitetura;Sprint 03;aberto;G03-A18;1;Documentação;1;"ART.9;DOCUMENTATION;size_P"
G03;149;|WAD| 3.2.1. Escrever introdução da arquitetura em camadas;Sprint 03;aberto;G03-A18;1;Documentação;1;"ART.9;DOCUMENTATION;size_PP"
G03;150;|WAD| 3.2.1. Documentar as 4 camadas;Sprint 03;aberto;G03-A18;1;Documentação;1;"ART.9;DOCUMENTATION;size_M"
G03;151;|WAD| 3.2.1. Revisar coerência da arquitetura em camadas;Sprint 03;aberto;G03-A18;1;Documentação;1;"ART.9;DOCUMENTATION;size_P"
G03;152;|WAD| 3.2.7. Pesquisar padrões de G01-A26 utilizados;Sprint 03;aberto;G03-A18;1;Documentação;1;"ART.9;DOCUMENTATION;size_P"
G03;153;|WAD| 3.2.7. Escrever introdução da seção de padrões;Sprint 03;aberto;G03-A18;1;Documentação;1;"ART.9;DOCUMENTATION;size_P"
G03;154;|WAD| 3.2.7. Documentar Layered Architecture;Sprint 03;aberto;G03-A18;1;Documentação;1;"ART.9;DOCUMENTATION;size_P"
G03;155;|WAD| 3.2.3.1. Revisar coerência do diagrama de classes do domínio;Sprint 03;fechado;G03-A18;1;Documentação;1;"ART.9;DOCUMENTATION;size_M"
G03;156;|WAD| 3.1.4. Atualizar matriz de rastreabilidade RF-RN-Endpoint;Sprint 03;aberto;G03-A18;1;Documentação;1;"ART.9;DOCUMENTATION;size_P"
G03;157;|WAD| 3.1.3. Atualizar evolução técnica dos RNFs;Sprint 03;aberto;G03-A18;1;Documentação;1;"ART.9;DOCUMENTATION;size_M"
G03;159;|WAD| Construir Tabela Verdade do Acesso ;Sprint 03;fechado;G03-A12;1;Documentação;1;"ART.6;DOCUMENTATION;size_P"
G03;160;|WAD| Elaborar Query SQL de Autenticação;Sprint 03;fechado;G03-A12;1;Documentação;1;"ART.6;DOCUMENTATION;size_P"
G03;161;|WAD| Redigir Explicação Técnica da Autenticação;Sprint 03;fechado;G03-A12;1;Documentação;1;"ART.6;DOCUMENTATION;size_P"
G03;162;|WAD| Definir Lógica Proposicional da Autenticação;Sprint 03;fechado;G03-A12;1;Documentação;1;"ART.6;DOCUMENTATION;size_P"
G03;163;|WAD| Elaborar Query SQL de Status de Convites;Sprint 03;fechado;G03-A12;1;Documentação;1;"ART.6;DOCUMENTATION;size_P"
G03;164;|WAD| Redigir Explicação da Gestão de Convites;Sprint 03;fechado;G03-A12;1;Documentação;1;"ART.6;DOCUMENTATION;size_P"
G03;165;|WAD| Definir Lógica Proposicional dos Convites;Sprint 03;fechado;G03-A12;1;Documentação;1;"ART.6;DOCUMENTATION;size_P"
G03;166;|WAD| Construir Tabela Verdade de Validação de Link;Sprint 03;aberto;G03-A12;1;Documentação;1;"ART.6;DOCUMENTATION;size_P"
G03;167;|WAD| Elaborar Query SQL de Filtros de Parceiros;Sprint 03;aberto;G03-A12;1;Documentação;1;"ART.6;DOCUMENTATION;size_P"
G03;168;|WAD| Redigir Explicação Técnica dos Filtros;Sprint 03;aberto;G03-A12;1;Documentação;1;"ART.6;DOCUMENTATION;size_P"
G03;169;|WAD| Definir Lógica Proposicional dos Filtros;Sprint 03;aberto;G03-A12;1;Documentação;1;"ART.6;DOCUMENTATION;size_P"
G03;170;|WAD| Construir Tabela Verdade da Busca Avançada;Sprint 03;aberto;G03-A12;1;Documentação;1;"ART.6;DOCUMENTATION;size_P"
G03;171;|WAD| Elaborar Query SQL de Classificação Premium;Sprint 03;aberto;G03-A12;1;Documentação;1;"ART.6;DOCUMENTATION;size_P"
G03;172;|WAD| Redigir Explicação da Regra Premium;Sprint 03;aberto;G03-A12;1;Documentação;1;"ART.6;DOCUMENTATION;size_P"
G03;173;|WAD| Definir Lógica Proposicional do Status Premium;Sprint 03;aberto;G03-A12;1;Documentação;1;"ART.6;DOCUMENTATION;size_P"
G03;174;|WAD| Construir Tabela Verdade do Parceiro Premium;Sprint 03;aberto;G03-A12;1;Documentação;1;"ART.6;DOCUMENTATION;size_P"
G03;175;|WAD| Elaborar Query SQL da Fila de Pendências;Sprint 03;aberto;G03-A12;1;Documentação;1;"ART.6;DOCUMENTATION;size_P"
G03;176;|WAD| Redigir Explicação da Fila de Aprovação;Sprint 03;aberto;G03-A12;1;Documentação;1;"ART.6;DOCUMENTATION;size_P"
G03;177;|WAD| Definir Lógica Proposicional de Pendência;Sprint 03;aberto;G03-A12;1;Documentação;1;"ART.6;DOCUMENTATION;size_P"
G03;178;|WAD| Construir Tabela Verdade de Visibilidade de Pendências;Sprint 03;aberto;G03-A12;1;Documentação;1;"ART.6;DOCUMENTATION;size_P"
G03;179;|WAD| Elaborar Query SQL de Identificação de Obsolescência;Sprint 03;aberto;G03-A12;1;Documentação;1;"ART.6;DOCUMENTATION;size_P"
G03;180;|WAD| Redigir Explicação do Gatilho de Dados;Sprint 03;aberto;G03-A12;1;Documentação;1;"ART.6;DOCUMENTATION;size_P"
G03;181;|WAD| Definir Lógica Proposicional de Dados Desatualizados;Sprint 03;aberto;G03-A12;1;Documentação;1;"ART.6;DOCUMENTATION;size_P"
G03;182;|WAD| Construir Tabela Verdade de Obsolescência;Sprint 03;aberto;G03-A12;1;Documentação;1;"ART.6;DOCUMENTATION;size_P"
G03;183;|WAD| Corrigir MR;Sprint 03;fechado;G03-A12;1;Documentação;1;"ART.5;DOCUMENTATION;size_P"
G03;184;|CODE| implementar swagger;Sprint 03;fechado;G03-A12;1;Código;1;"ART.5;CODE;size_G"
G03;185;|DESIGN| Prototipação - tela Cadastros;Sprint 03;fechado;G03-A15;1;Design;1;"ART.7;DESIGN;size_P"
G03;186;|G01-A26| Organizar feedback de computação da sprint 2;Sprint 03;fechado;G03-A18;1;;0;"ART.5;size_M"
G03;187;|DESIGN| Completar informações sobre hierarquia e tipografia;Sprint 03;fechado;G03-A16;1;Design;1;"DESIGN;size_P"
G03;188;|WAD| Revisão e alinhamento dos diagramas;Sprint 03;fechado;G03-A14;1;Documentação;1;"ART.5;DOCUMENTATION"
G03;189;|DESIGN| Prototipação - Tela Home;Sprint 03;fechado;G03-A15;1;Design;1;"ART.7;DESIGN;size_P"
G03;190;|DESIGN| Prototipagem de tela de pesquisa com resultado encontrado;Sprint 03;fechado;G03-A16;1;Design;1;"ART.7;DESIGN;size_M"
G03;191;|DESIGN| Prototipagem de tela de pesquisa com resultado não encontrado;Sprint 03;fechado;G03-A16;1;Design;1;"ART.7;DESIGN;size_M"
G03;192;|DESIGN| Prototipagem de tela de pesquisa com todos os fornecedores e parceiros cadastrados;Sprint 03;fechado;G03-A16;1;Design;1;"ART.7;DESIGN;size_M"
G03;193;|WAD| Realinhamento MER;Sprint 03;fechado;G03-A14;1;Documentação;1;"ART.6;DOCUMENTATION;size_P"
G03;194;|WAD| Realinhamento Modelo Relacional;Sprint 03;fechado;G03-A14;1;Documentação;1;"ART.6;DOCUMENTATION;size_P"
G03;195;|DESIGN| Prototipação - tela Contratos;Sprint 03;fechado;G03-A15;1;Design;1;"ART.7;DESIGN;size_P"
G03;196;|DESIGN| Prototipação - tela Formulário Parc/Forn;Sprint 03;fechado;G03-A15;1;Design;1;"ART.7;DESIGN;size_P"
G03;197;|DESIGN| Prototipar tela inicial de visitas;Sprint 03;fechado;G03-A16;1;Design;1;"ART.7;DESIGN;size_M"
G03;198;|DESIGN| Fazer prototipagem de resultado encontrado na tela de visita;Sprint 03;fechado;G03-A16;1;Design;1;"ART.7;DESIGN;size_M"
G03;199;|DESIGN| Prototipar tela de registrar visita;Sprint 03;fechado;G03-A16;1;Design;1;"ART.7;DESIGN;size_M"
G03;200;|BDS| Cria teste do envio de convite;Sprint 03;fechado;G03-A15;1;Código;1;"ART.8;CODE;size_G"
G03;201;|BDS| Cria teste de cadastro de parceiro;Sprint 03;fechado;G03-A18;1;Código;1;"ART.8;CODE;size_G"
G03;202;|WAD| Elaborar novos userstory;Sprint 03;fechado;G03-A12;1;Documentação;1;"DOCUMENTATION;size_P"
G03;203;|WAD| Alinhar Consultas SQL;Sprint 03;fechado;G03-A12;1;Documentação;1;"ART.5;DOCUMENTATION;size_M"
G03;204;|CODE| Corrigir testes;Sprint 03;fechado;G03-A12;1;Código;1;"CODE;size_M"
G03;205;|DESIGN| Prototipação - correção;Sprint 03;fechado;G03-A15;1;Design;1;"ART.7;DESIGN;size_M"
G03;206;|DESIGN| Prototipação - Fluxo de pesquisa (fornecedores);Sprint 03;fechado;G03-A15;1;Design;1;"ART.7;DESIGN;size_M"
G03;207;|WAD| Correção do modelo físico do banco de dados;Sprint 03;fechado;G03-A15;1;"Código;Documentação";2;"CODE;DOCUMENTATION;size_G"
G03;208;|DESIGN| Alinhar fluxo de telas do protótipo;Sprint 03;fechado;G03-A15;1;Design;1;"ART.7;DESIGN;size_M"
G03;209;|DESIGN| Prototipar tela de convite de usuário;Sprint 03;fechado;G03-A16;1;Design;1;"ART.7;DESIGN;size_M"
G03;210;|DESIGN| Prototipar tela do usuario;Sprint 03;fechado;G03-A18;1;Design;1;"ART.7;DESIGN;size_M"
G03;211;|DESIGN| Prototipar tela de login;Sprint 03;fechado;G03-A18;1;Design;1;"ART.7;DESIGN;size_M"
G03;213;|WAD| Arquitetura em Camadas - seção 3.2.1;Sprint 03;fechado;G03-A19;1;"Design;Documentação";2;"ART.9;DESIGN;DOCUMENTATION;size_M"
G03;214;|DESIGN| Prototipação - Fluxo de pesquisa (fazendas);Sprint 03;fechado;G03-A15;1;Design;1;"ART.7;DESIGN;size_M"
G03;215;|DESIGN| Prototipação - Fluxo de pesquisa (Parceiros);Sprint 03;fechado;G03-A15;1;Design;1;"ART.7;DESIGN;size_P"
G03;216;|DESIGN| Correção da tela de visitas;Sprint 03;fechado;G03-A15;1;Design;1;"ART.7;DESIGN;size_PP"
G03;217;|DESIGN| Prototipação - Fluxo de pesquisa (Visitas);Sprint 03;fechado;G03-A15;1;Design;1;"ART.7;DESIGN;size_PP"
G03;218;|DESIGN| Correção da tela de formulário de visitas;Sprint 03;fechado;G03-A15;1;Design;1;"ART.7;DESIGN;size_M"
G03;219;|WAD|Corrigir DER com base na atualização da modelagem pós-validação com madrinha;Sprint 03;fechado;G03-A18;1;Documentação;1;"ART.5;ART.9;DOCUMENTATION;size_M"
G03;220;|WAD|Atualizar seção 3.6.2 com o novo DER elaborado;Sprint 03;fechado;G03-A18;1;Documentação;1;"ART.5;ART.9;DOCUMENTATION;size_P"
G03;221;|DESIGN| Desenha as telas para o fluxo de envio de convite;Sprint 03;fechado;G03-A15;1;Design;1;"ART.7;DESIGN;size_P"
G03;222;|WAD| Fazer seção 3.4.1;Sprint 03;fechado;G03-A16;1;Documentação;1;"ART.7;DOCUMENTATION;size_P"
G03;223;|DESIGN| Prototipação - Fluxo de convite (usuários);Sprint 03;fechado;G03-A15;1;Design;1;"ART.7;DESIGN;size_P"
G03;224;|DESIGN| Desenha as telas para o fluxo de envio de convite;Sprint 03;fechado;G03-A15;1;Design;1;"ART.7;DESIGN;size_PP"
G03;225;|DESIGN| Prototipação - Fluxo de login;Sprint 03;fechado;G03-A15;1;Design;1;"ART.7;DESIGN;size_PP"
G03;226;|WAD| Revisão dos Requisitos não Funcionais;Sprint 03;fechado;G03-A13;1;Documentação;1;"DOCUMENTATION;size_P"
G03;227;|DESIGN| Desenha as telas para o fluxo de cadastro de usuários;Sprint 03;fechado;G03-A15;1;Design;1;"ART.7;DESIGN;size_P"
G03;228;|DESIGN| Prototipação - Fluxo de cadastro de usuário;Sprint 03;fechado;G03-A15;1;Design;1;"ART.7;DESIGN;size_P"
G03;229;|G01-A26| Deletar seção 3.2.5;Sprint 03;fechado;G03-A16;1;Documentação;1;"DOCUMENTATION;size_PP"
G03;230;|WAD| Revisão - Arquitetura em Camadas;Sprint 03;fechado;G03-A19;1;"Código;Design";2;"ART.9;CODE;DESIGN"
G03;231;|WAD| Fazer seção 3.4.2;Sprint 03;fechado;G03-A16;1;Documentação;1;"ART.7;DOCUMENTATION;size_P"
G03;232;|WAD| Fazer seção 3.4.3;Sprint 03;fechado;G03-A16;1;Documentação;1;"ART.7;DOCUMENTATION;size_P"
G03;233;|WAD| Atualizar seção 3.6.1 — MER com base na nova modelagem;Sprint 03;fechado;G03-A18;1;Documentação;1;"ART.5;ART.9;DOCUMENTATION;size_P"
G03;234;|DESIGN| Apresentação da sprint review 3;Sprint 03;fechado;G03-A15;1;Design;1;"ART.6;ART.7;ART.8;ART.9;DESIGN;size_M"
G03;235;|WAD|Atualizar diagrama de classes da seção 3.2.3 com base na reunião com a madrinha da Atvos;Sprint 03;fechado;G03-A18;1;Documentação;1;"ART.5;ART.9;DOCUMENTATION;size_M"
G03;236;|WAD|revisao de consultas SQL;(sem sprint);fechado;G03-A12;1;Documentação;1;"ART.6;DOCUMENTATION;size_G"
G03;237;|CODE| Revisar back end;(sem sprint);fechado;G03-A12;1;Código;1;"ART.6;CODE_REVIEW;size_G"
G03;238;|FIX| Ajustar seção 3.4.3;Sprint 03;fechado;G03-A16;1;Documentação;1;"ART.7;DOCUMENTATION;size_P"
G03;239;Adicionar documentação WebAPI;Sprint 03;fechado;G03-A18;1;Documentação;1;"ART.9;DOCUMENTATION;size_M"
G03;240;|WAD| Ajusta requisitos funcionais;Sprint 03;fechado;G03-A16;1;Documentação;1;"DOCUMENTATION;size_P"
G03;241;|WAD| 4.1 Relatório de Desenvolvimento;Sprint 03;fechado;G03-A19;1;Documentação;1;"ART.9;DOCUMENTATION;size_P"
G03;242;|WAD| 3.9 - Matriz de Rastreabilidade;Sprint 03;fechado;G03-A14;1;Documentação;1;"ART.9;DOCUMENTATION;size_M"
G03;243;|WAD| Preencher seção 3.5 - Protótipo de Alta Fidelidade;Sprint 03;fechado;G03-A15;1;Documentação;1;"ART.7;DOCUMENTATION;size_M"
G03;244;|WAD| Versão com as personas 15 e 16 revisadas;Sprint 03;fechado;G03-A19;1;"Código;Documentação";2;"CODE;DOCUMENTATION;size_M"
G03;245;|FIX| ajusta seção 3.4.2;Sprint 03;fechado;G03-A16;1;Documentação;1;"ART.7;DOCUMENTATION;size_PP"
G03;246;|WAD| Modelagem do Diagrama de Sequência: Login;Sprint 03;fechado;G03-A15;1;Documentação;1;"ART.9;DOCUMENTATION;size_M"
G03;247;|WAD| Modelagem do Diagrama de Sequência: Busca de Dados;Sprint 03;fechado;G03-A15;1;Documentação;1;"ART.9;DOCUMENTATION;size_M"
G03;248;|WAD| Atualização da Seção 3.2.4 - Diagramas de Sequência UML;Sprint 03;fechado;G03-A15;1;Documentação;1;"ART.9;DOCUMENTATION;size_M"
G03;249;|WAD| Modelagem do Diagrama de Sequência: Recuperação de Senha;Sprint 03;fechado;G03-A15;1;Documentação;1;"ART.9;DOCUMENTATION;size_M"
G03;250;|FIX| Corrige seção 4.1;Sprint 03;fechado;G03-A16;1;Documentação;1;"ART.9;DOCUMENTATION;size_P"
G03;251;|WAD| Revisa o modelo físico do banco de dados;Sprint 04;fechado;G03-A15;1;Documentação;1;"ART.13;DOCUMENTATION;size_M"
G03;252;|WAD e BDS| Atualiza o modelo físico do banco de dados;Sprint 04;fechado;G03-A15;1;Documentação;1;"ART.13;DOCUMENTATION;size_PP"
G03;253;|WAD| Preencher seção 5.1.1;Sprint 04;fechado;G03-A12;1;Documentação;1;"ART.11;DOCUMENTATION;size_M"
G03;254;|WAD| 6.1. Implementa Resumo Executivo;Sprint 04;fechado;G03-A19;1;Documentação;1;"ART.12;DOCUMENTATION;size_P"
G03;255;|WAD| Revisar personas da seção 2.2;Sprint 04;fechado;G03-A18;1;Documentação;1;"ART.10;DOCUMENTATION;size_M"
G03;256;|WAD| Atualizar diagrama de classes;Sprint 04;fechado;G03-A14;1;Documentação;1;"ART.13;DOCUMENTATION;size_P"
G03;257;|WAD| 6.2.1.  Implementar Visão Geral do Setor;Sprint 04;fechado;G03-A19;1;Documentação;1;"ART.12;DOCUMENTATION;size_M"
G03;258;|WAD| Corrigir imagem do modelo físico;Sprint 04;fechado;G03-A15;1;Documentação;1;"ART.13;DOCUMENTATION;size_PP"
G03;259;|WAD| Atualizar código do modelo relacional e físico;Sprint 04;fechado;G03-A15;1;Documentação;1;"ART.13;DOCUMENTATION;Waiting Review;size_P"
G03;260;|WAD| Revisar requisitos funcionais;Sprint 04;fechado;G03-A15;1;Documentação;1;"ART.13;DOCUMENTATION;size_P"
G03;261;|WAD| Revisar e padronizar requisitos não funcionais;Sprint 04;fechado;G03-A15;1;Documentação;1;"ART.13;DOCUMENTATION;size_P"
G03;262;|WAD| Fazer analise de principais concorrentes da seção 6.3;Sprint 04;fechado;G03-A16;1;Documentação;1;"ART.12;DOCUMENTATION;size_M"
G03;263;|WAD| Definição do Público-Alvo / seção 6.4;Sprint 04;fechado;G03-A13;1;Documentação;1;"ART.12;DOCUMENTATION;size_P"
G03;264;|WAD| 6.2.2 Implementar Tamanho e Crescimento do Mercado;Sprint 04;fechado;G03-A19;1;Documentação;1;"ART.12;DOCUMENTATION;size_M"
G03;265;|WAD|Atualizar DER e seção 3.6.2 com base na nova modelagem;Sprint 04;fechado;G03-A18;1;Documentação;1;"ART.10;ART.13;DOCUMENTATION;size_M"
G03;266;|WAD|Atualizar MER e seção 3.6.1 com base na nova modelagem;Sprint 04;fechado;G03-A18;1;Documentação;1;"ART.10;ART.13;DOCUMENTATION;size_M"
G03;267;|WAD| 6.2.3. Implementar Tendências de Mercado;Sprint 04;fechado;G03-A19;1;Documentação;1;"ART.12;DOCUMENTATION;size_M"
G03;268;|WEB| Configurar variáveis globais de CSS;Sprint 04;fechado;G03-A15;1;Código;1;"ART.10;CODE;size_M"
G03;269;|WEB| Criar arquivo de grid CSS (12 colunas);Sprint 04;fechado;G03-A15;1;Código;1;"ART.10;CODE;size_M"
G03;270;|WEB| Criar partial da nav-bar;Sprint 04;fechado;G03-A15;1;Código;1;"ART.10;CODE;size_M"
G03;271;|WEB| Criar partial do header;Sprint 04;fechado;G03-A15;1;Código;1;"ART.10;CODE;size_M"
G03;272;|WAD Definir vantagens competitivas da seção 6.3;Sprint 04;fechado;G03-A16;1;Documentação;1;"ART.12;DOCUMENTATION;size_M"
G03;273;|WAD| Definir diferenciais da aplicação seção 6.6;Sprint 04;fechado;G03-A16;1;Documentação;1;"ART.12;DOCUMENTATION;size_M"
G03;274;|WAD| Definir precificação da aplicação seção 6.6;Sprint 04;fechado;G03-A16;1;Documentação;1;"ART.12;DOCUMENTATION;size_M"
G03;275;|WAD| Definir canais de distribuição da aplicação 6.6 seção 6.6;Sprint 04;fechado;G03-A16;1;Documentação;1;"ART.12;DOCUMENTATION;size_M"
G03;276;|WAD| Definir promoção da aplicação seção 6.6;Sprint 04;fechado;G03-A16;1;Documentação;1;"ART.12;DOCUMENTATION;size_M"
G03;277;Implementar rotas e testes de Produtores;(sem sprint);fechado;G03-A12;1;Código;1;"ART.11;CODE;size_M"
G03;278;Implementar rotas e testes de Convites;(sem sprint);fechado;G03-A12;1;Código;1;"ART.11;CODE;size_M"
G03;279;Implementar rotas e testes de Parceiros;(sem sprint);fechado;G03-A12;1;Código;1;"ART.11;CODE;size_M"
G03;280;Implementar rotas e testes de Fornecedores;(sem sprint);fechado;G03-A12;1;Código;1;"ART.11;CODE;size_M"
G03;281;Implementar rotas e testes de Fazendas;(sem sprint);fechado;G03-A12;1;Código;1;"ART.11;CODE;size_M"
G03;282;Implementar rotas e testes de Visitas;Sprint 04;aberto;G03-A12;1;Código;1;"ART.11;CODE;size_M"
G03;283;Implementar rotas e testes de Usuários;(sem sprint);fechado;G03-A12;1;Código;1;"ART.11;CODE;size_M"
G03;284;|WAD| Definir proposta de valor única da aplicação;Sprint 04;fechado;G03-A16;1;Documentação;1;"ART.12;DOCUMENTATION;size_M"
G03;285;|WAD| Definir estratégia de diferenciação da aplicação;Sprint 04;fechado;G03-A16;1;Documentação;1;"ART.12;DOCUMENTATION;size_M"
G03;286;|WAD|Corrigir DER com base nos apontamentos da revisão;Sprint 04;fechado;G03-A18;1;Documentação;1;"ART.10;ART.13;DOCUMENTATION;size_M"
G03;288;|WEB| Corrigir grid e variáveis globais de CSS;Sprint 04;fechado;G03-A15;1;Código;1;"ART.10;CODE;size_P"
G03;289;|WAD| Correção do merge request de requisitos não funcioanais;Sprint 04;fechado;G03-A15;1;Documentação;1;"ART.13;DOCUMENTATION;size_PP"
G03;290;|README| Atualizar documentação do README;Sprint 04;fechado;G03-A15;1;Documentação;1;"DOCUMENTATION;size_P"
G03;291;|WEB| Correções apontadas pelo merge request da configuração do front;Sprint 04;fechado;G03-A15;1;"Código;Design";2;"ART.10;CODE;DESIGN;size_P"
G03;292;|WAD| Criar diagrama de sequência do fluxo de reenvio de convite expirado;Sprint 04;fechado;G03-A15;1;Documentação;1;"ART.13;DOCUMENTATION;size_M"
G03;293;|WAD| Criar diagrama de sequência do fluxo de atualização/edição de parceiro;Sprint 04;fechado;G03-A15;1;Documentação;1;"ART.13;DOCUMENTATION;size_M"
G03;295;|WAD| Criar diagrama de sequência do fluxo de logout;Sprint 04;fechado;G03-A15;1;Documentação;1;"ART.13;DOCUMENTATION;size_M"
G03;296;|WAD| Corrigir guia de estilos baseado no CSS;Sprint 04;fechado;G03-A14;1;Documentação;1;"ART.10;DOCUMENTATION;size_P"
G03;297;|WEB| Implementar front-end da tela home;Sprint 04;fechado;G03-A15;1;Código;1;"ART.10;CODE;size_M"
G03;298;|WEB| Implementar interface da tela de fornecedores;Sprint 04;fechado;G03-A15;1;Código;1;"ART.10;CODE;size_M"
G03;299;|WEB| corrige a cor do texto do bullet de status;Sprint 04;fechado;G03-A15;1;Código;1;"ART.10;CODE;size_PP"
G03;300;|WAD| 6.2.2 Tamanho e Crescimento de Mercado (correção);Sprint 04;fechado;G03-A19;1;Documentação;1;"ART.12;DOCUMENTATION;size_M"
G03;301;|WEB| Implementar interface da tela de fazendas;Sprint 04;fechado;G03-A15;1;"Código;Design";2;"ART.10;CODE;DESIGN;size_M"
G03;302;|WAD| Adiciona as referências que estão em falta do ART.12;Sprint 04;fechado;G03-A16;1;Documentação;1;"ART.12;DOCUMENTATION;size_PP"
G03;303;|FIX| Corrige proposta de valor unica;Sprint 04;fechado;G03-A16;1;Documentação;1;"ART.12;DOCUMENTATION;size_P"
G03;304;|WAD| 6.1 e 6.2 Ajustes para evitar repetições;(sem sprint);fechado;G03-A19;1;Documentação;1;"ART.12;DOCUMENTATION;size_P"
G03;305;|WAD| Atualizar matriz de riscos;Sprint 04;fechado;G03-A18;1;Documentação;1;"ART.10;DOCUMENTATION;size_P"
G03;306;|WAD| Atualizar user stories;Sprint 04;fechado;G03-A18;1;Documentação;1;"ART.10;DOCUMENTATION;size_PP"
G03;308;|WAD|Atualizar seção 3.1.0 de requisitos do sistema;Sprint 04;fechado;G03-A18;1;Documentação;1;"ART.10;DOCUMENTATION;size_P"
G03;309;|FIX| corrige referencias de analise de concorrencias;Sprint 04;fechado;G03-A16;1;Documentação;1;"ART.12;DOCUMENTATION;size_PP"
G03;310;|WAD| Remover pasta duplicada de documentos;Sprint 04;fechado;G03-A15;1;"Código;Documentação";2;"DOCUMENTATION;Fix;size_PP"
G03;311;|WEB| Corrigir conflitos de merge entre as telas de fornecedores e fazendas;Sprint 04;fechado;G03-A15;1;Código;1;"ART.10;CODE;Fix;size_PP"
G03;312;|WEB| Implementar interface da tela de parceiros;Sprint 04;fechado;G03-A15;1;Código;1;"ART.10;CODE;size_M"
G03;313;|WEB| Implementar interface da tela de visitas;Sprint 04;fechado;G03-A15;1;Código;1;"ART.10;CODE;size_M"
G03;314;|WAD|Revisar regras de negócio do sistema;Sprint 04;fechado;G03-A18;1;Documentação;1;"ART.10;DOCUMENTATION;size_M"
G03;315;|WEB| Implementar interface da tela de usuários;Sprint 04;fechado;G03-A15;1;Código;1;"ART.10;CODE;size_M"
G03;316;|WEB| Implementar interface da tela de Login;Sprint 04;fechado;G03-A15;1;Código;1;"ART.10;CODE;size_M"
G03;317;|WEB| Implementar interface da tela de cadastro de parceiros e fornecedores;Sprint 04;fechado;G03-A15;1;Código;1;"ART.10;CODE;size_M"
G03;318;|WEB| Implementar interfaces de boas-vindas e cadastro de usuário;Sprint 04;fechado;G03-A15;1;Código;1;"ART.10;CODE;size_M"
G03;319;|WEB| Correções apontadas pelo merge request da implementação da tela de visitas;Sprint 04;fechado;G03-A15;1;Código;1;"ART.10;CODE;size_M"
G03;320;Conectar tela de Fornecedores com o Back-end;Sprint 04;fechado;G03-A12;1;Código;1;"ART.11;CODE;size_M"
G03;321;Conectar tela de cad-user e boas-vindas com o Back-end;Sprint 04;fechado;G03-A12;1;Código;1;"ART.11;CODE;size_M"
G03;322;|WEB| Adicionar modal de pesquisa sem resultados e tooltip na barra de busca;Sprint 04;fechado;G03-A15;1;Código;1;"ART.10;CODE;size_PP"
G03;323;|BACKEND| Adicionar caminho de auth e cookies http0nly;Sprint 04;fechado;G03-A14;1;Código;1;"ART.11;CODE;size_G"
G03;324;|FIX| Corrige seção 4.1 com base nos feedbacks;Sprint 04;fechado;G03-A16;1;"Código;Documentação";2;"ART.9;DOCUMENTATION;Fix;size_P"
G03;325;|WEB| Integrar tela de parceiros agrícolas com o back-end;Sprint 04;fechado;G03-A15;1;Código;1;"ART.10;CODE;size_M"
G03;326;|FIX| Corrigir estrategia de marketing;Sprint 04;fechado;G03-A16;1;Documentação;1;"ART.12;DOCUMENTATION;size_M"
G03;327;|WAD| Correção dos apontamentos feitos no merge request dos diagramas de sequencia;Sprint 04;fechado;G03-A15;1;Código;1;"ART.10;CODE;size_PP"
G03;328;|WAD| Atualizar matriz de rastreabilidade;Sprint 04;fechado;G03-A14;1;Documentação;1;"ART.10;DOCUMENTATION;size_M"
G03;329;|WEB| Corrigir apontamentos de Code Review no formulário de cadastros;Sprint 04;fechado;G03-A15;1;Código;1;"ART.10;CODE;Fix;size_M"
G03;330;|WAD| 3.2 Atualizar Diagrama de Arquitetura;Sprint 04;fechado;G03-A19;1;Documentação;1;"ART.13;DOCUMENTATION;size_M"
G03;331;|WEB| Implementar e integrar tela de cadastro de fazendas;Sprint 04;fechado;G03-A15;1;Código;1;"ART.10;CODE;size_G"
G03;332;|WAD| Fazer canva business model;Sprint 04;fechado;G03-A16;1;Documentação;1;"ART.12;DOCUMENTATION;size_M"
G03;333;|WAD| Correção do novo diagrama de classes;Sprint 04;fechado;G03-A14;1;Documentação;1;"ART.13;DOCUMENTATION;size_P"
G03;334;|WEB| Correções apontadas pelo merge request da tela de visitas;Sprint 04;fechado;G03-A15;1;Código;1;"ART.10;CODE;Fix;size_P"
G03;335;"Follow-up from ""feat(convites#321): envia convite por e-mail com cargo e conclui cadastro via /cad-user""";Sprint 04;fechado;G03-A12;1;Código;1;"ART.11;CODE;size_M"
G03;336;|WEB| Corrigir conflitos de merge nos arquivos de documentação;Sprint 04;fechado;G03-A15;1;"Código;Documentação";2;"DOCUMENTATION;Fix;size_M"
G03;337;|WEB| Correções apontadas no merge resquest do formulario de cadastro de fazendas;Sprint 04;fechado;G03-A15;1;Código;1;"ART.10;CODE;Fix;size_M"
G03;338;|WEB| Corrigir erro 500 por ausência da variável JWT_SECRET;Sprint 04;fechado;G03-A15;1;Código;1;"ART.10;CODE;Fix;size_M"
G03;339;|WEB| Corrige apontamentos de Code Reviem da interface de parceiros;Sprint 04;fechado;G03-A15;1;Código;1;"ART.10;CODE;Fix;size_M"
G03;340;|WEB| Implementar tela de cadastro de contatos e integrar todos os cadastros do sistema;Sprint 04;fechado;G03-A15;1;Código;1;"ART.10;CODE;size_G"
G03;341;FIX| Corrige BMC;Sprint 04;fechado;G03-A16;1;"Código;Documentação";2;"ART.12;DOCUMENTATION;Fix;size_P"
G03;342;|WAD| Atualização da seção 3.2.7;Sprint 04;fechado;G03-A14;1;Documentação;1;"ART.13;DOCUMENTATION;size_P"
G03;343;|WAD| Atualizar seção 3.7;Sprint 04;fechado;G03-A14;1;Documentação;1;"ART.13;DOCUMENTATION;size_P"
G03;344;|CODE| Atualização do swagger.ts;Sprint 04;fechado;G03-A14;1;Código;1;"ART.10;CODE;size_P"
G03;345;Conectar tela de cad-user e boas-vindas com o Back-end;Sprint 04;aberto;G03-A12;1;Código;1;"ART.14;CODE;size_M"
G03;346;Subseções 5.1;Sprint 04;fechado;G03-A12;1;Documentação;1;"ART.11;DOCUMENTATION;size_M"
G03;347;Correção de testes;Sprint 04;fechado;G03-A12;1;Código;1;"ART.11;CODE;size_G"
G03;348;|CODE| Refatoração geral de código repetido;Sprint 04;fechado;G03-A14;1;Código;1;"ART.10;CODE;size_M"
G03;349;|WAD|Corrigir seção 3.1.0 com base na revisão;Sprint 04;fechado;G03-A18;1;Documentação;1;"ART.10;DOCUMENTATION;size_PP"
G03;350;|WEB| Implementar tela de lista de contatos;Sprint 04;fechado;G03-A18;1;Código;1;"ART.10;CODE;size_M"
G03;351;|WEB| Implementar funcionalidade de expandir detalhes na listagem;Sprint 04;fechado;G03-A18;1;Código;1;"ART.10;CODE;size_M"
G03;352;|WEB| Implementar funcionalidade de edição de registros;Sprint 04;fechado;G03-A18;1;Código;1;"ART.10;CODE;size_M"
G03;353;|WEB| Implementar funcionalidade de desativação de usuário;Sprint 04;fechado;G03-A18;1;Código;1;"ART.10;CODE;size_M"
G03;354;|WEB| Ocultar ícone de reenvio de convite para usuários já ativos;Sprint 04;fechado;G03-A18;1;Código;1;"ART.10;CODE;size_M"
G03;355;|FIX| Corrige relatorio de desenvolvimento;Sprint 04;fechado;G03-A16;1;Documentação;1;"ART.9;DOCUMENTATION;size_P"
G03;357;|FIX| corrige referencias da documentação;Sprint 04;fechado;G03-A16;1;Documentação;1;"DOCUMENTATION;size_P"
G03;358;|WEB| Implementar controle de acesso baseado em perfis (RBAC) no login;Sprint 04;fechado;G03-A15;1;Código;1;"ART.10;CODE;size_P"
G03;359;|WEB| Corrige apontamentos de Code Review do Login RBAC;Sprint 04;fechado;G03-A15;1;Código;1;"ART.10;Fix;size_P"
G03;360;|WAD| Preenche seção 4.2;Sprint 04;fechado;G03-A15;1;Documentação;1;"DOCUMENTATION;size_M"
G03;361;|CODE| Refatoração e revisão geral do repositório;Sprint 05;fechado;G03-A14;1;Código;1;"CODE_REVIEW;size_M"
G03;362;|WAD| Definir seções para revisao do artefato 16;Sprint 05;fechado;G03-A16;1;Documentação;1;"ART.16;DOCUMENTATION;Review;size_P"
G03;363;|WAD| 1. Atualizar Introdução;Sprint 05;fechado;G03-A16;1;"Código;Documentação";2;"ART.1;DOCUMENTATION;Fix;size_P"
G03;364;|G01-A26| Estruturar pitch da apresentação final;Sprint 05;fechado;G03-A18;1;;0;"ART. 17;size_M"
G03;365;Corrigir funcionalidade de edição;Sprint 05;fechado;G03-A12;1;Código;1;"ART.14;CODE;size_P"
G03;366;Atualizar endpoints pendentes;Sprint 05;aberto;G03-A12;1;Código;1;"ART.11;CODE;size_P"
G03;367;Numerar migrations;Sprint 05;fechado;G03-A12;1;Código;1;"ART.14;CODE;size_M"
G03;368;Corrigir nome da função DTO;Sprint 05;aberto;G03-A12;1;Código;1;"ART.11;CODE;size_M"
G03;369;Corrigir seção 4.2;Sprint 05;aberto;G03-A12;1;Documentação;1;"ART.11;DOCUMENTATION;size_P"
G03;370;Atualizar matriz RF;Sprint 05;aberto;G03-A12;1;;0;size_P
G03;371;Ajustar suítes de testes;Sprint 05;fechado;G03-A12;1;Código;1;"ART.11;CODE;size_M"
G03;372;Preencher RTM com CTs existentes;Sprint 05;aberto;G03-A12;1;Documentação;1;"ART.11;DOCUMENTATION;size_M"
G03;373;|G01-A26| Mapear e criar planilha de acompanhamento dos critérios de publicação;Sprint 05;fechado;G03-A15;1;Documentação;1;"ART.18;DOCUMENTATION;size_M"
G03;374;|WAD| Remover instruções de preenchimento residuais do template;Sprint 05;fechado;G03-A15;1;"Código;Documentação";2;"ART.18;CODE;DOCUMENTATION;size_PP"
G03;375;|WAD| Corrigir âncora de navegação do sumário;Sprint 05;fechado;G03-A15;1;"Código;Documentação";2;"ART.18;CODE_REVIEW;DOCUMENTATION;size_PP"
G03;376;|README| Atualizar título do G01-A26;Sprint 05;fechado;G03-A15;1;"Código;Documentação";2;"ART.18;CODE_REVIEW;DOCUMENTATION;size_PP"
G03;377;|README| Atualizar seção de estrutura de pastas;Sprint 05;fechado;G03-A15;1;"Código;Documentação";2;"ART.18;CODE_REVIEW;DOCUMENTATION;size_PP"
G03;378;|README| Atualizar links de atribuição na licença;Sprint 05;fechado;G03-A15;1;"Código;Documentação";2;"ART.18;CODE_REVIEW;DOCUMENTATION;size_P"
G03;379;|G01-A26| Produzir vídeo de demonstração do G01-A26;Sprint 05;fechado;G03-A12;1;Documentação;1;"ART.18;DOCUMENTATION;size_M"
G03;380;|README| Inserir link do vídeo de demonstração;Sprint 05;fechado;G03-A15;1;Documentação;1;"ART.18;DOCUMENTATION;size_PP"
G03;381;|G01-A26| Organizar e limpar estrutura de pastas do repositório;Sprint 05;fechado;G03-A15;1;Código;1;"ART.18;CODE_REVIEW;size_PP"
G03;382;|WAD| 2.1.1 Atualização das forças de porter;Sprint 05;fechado;G03-A16;1;"Código;Documentação";2;"ART.1;DOCUMENTATION;Fix;Review;size_P"
G03;383;|WAD| Correção de Endpoints em Matrizes de Rastreamento;Sprint 05;fechado;G03-A14;1;Documentação;1;"ART.16;DOCUMENTATION;size_M"
G03;384;|WAD| 2.1.3 Atualização da solução;Sprint 05;fechado;G03-A16;1;"Código;Documentação";2;"ART.1;DOCUMENTATION;Fix;size_P"
G03;385;|G01-A26| Mapear principais funcionalidades para o pitch final;Sprint 05;fechado;G03-A15;1;Documentação;1;"ART. 17;DOCUMENTATION;size_P"
G03;386;|G01-A26| Estruturar benchmark do pitch final;Sprint 05;fechado;G03-A18;1;;0;"ART. 17;size_M"
G03;387;|WAD| 7. Conclusões do G01-A26;Sprint 05;fechado;G03-A16;1;Documentação;1;"ART.16;DOCUMENTATION;size_P"
G03;388;|WAD| Revisão do Art.05 Modelagem do Banco de Dados;Sprint 05;fechado;G03-A13;1;Documentação;1;"ART.16;DOCUMENTATION;size_P"
G03;389;|WAD| Verificar se as referências estão condizentes;Sprint 05;fechado;G03-A19;1;"Código;Documentação";2;"ART.16;DOCUMENTATION;Fix;size_P"
G03;390;Desacoplar formsFazenda.ejs;Sprint 05;fechado;G03-A12;1;Código;1;"ART.14;CODE;size_M"
G03;391;|WAD| 3.1.3 Evolução dos RNFS;Sprint 05;fechado;G03-A16;1;"Código;Documentação";2;"ART.10;DOCUMENTATION;Fix;size_M"
G03;392;|G01-A26| Montar slides de proposta de valor do pitch;Sprint 05;fechado;G03-A18;1;;0;"ART. 17;size_M"
G03;393;|CODE| Ajustar campos do formulário de Fazenda;Sprint 05;fechado;G03-A12;1;Código;1;"ART.14;CODE;size_P"
G03;394;|G01-A26| Estruturar e iniciar os slides de evolução e funcionalidades para o pitch final;Sprint 05;fechado;G03-A15;1;"Design;Documentação";2;"ART. 17;DESIGN;DOCUMENTATION;size_G"
G03;395;|WEB| Corrigir desaparecimento do navlink de usuários na tela de visitas;Sprint 05;fechado;G03-A15;1;Código;1;"ART.14;CODE_REVIEW;Fix;size_P"
G03;396;|WEB| Ajustar textos desalinhados com a tipografia padrão do G01-A26;Sprint 05;fechado;G03-A15;1;"Código;Design";2;"ART.14;DESIGN;Fix;size_P"
G03;397;|WEB| Implementar animação de deslize na barra de navegação (Nav-bar);Sprint 05;fechado;G03-A15;1;Código;1;"ART.14;CODE;size_P"
G03;398;|WAD| Atualizar diagrama e seção de casos de uso;Sprint 05;fechado;G03-A15;1;Documentação;1;"ART.16;DOCUMENTATION;size_P"
G03;399;|WAD| Corrigir diagrama de sequência de envio de convite;Sprint 05;fechado;G03-A15;1;Documentação;1;"ART.16;DOCUMENTATION;size_P"
G03;400;|WEB| Corrigir diagrama de sequência de reenvio de convite;Sprint 05;fechado;G03-A15;1;Documentação;1;"ART.16;DOCUMENTATION;size_P"
G03;401;|WAD| Correção da evolução das rnfs;Sprint 05;fechado;G03-A16;1;"Código;Documentação";2;"ART.10;DOCUMENTATION;Fix;size_P"
G03;403;|WAD| Refinamento das conclusões do G01-A26;Sprint 05;fechado;G03-A16;1;Documentação;1;"ART.16;DOCUMENTATION;size_P"
G03;404;|CODE| Ajustar campos do formulário de Cadastro;Sprint 05;fechado;G03-A12;1;Código;1;"ART.14;CODE;size_M"
G03;405;|G01-A26| Finalizar slides do pitch final;Sprint 05;fechado;G03-A18;1;;0;"ART. 17;size_M"
G03;406;|WAD| Correção do Art.6 - Lógica Proposicional das consultas SQL;Sprint 05;fechado;G03-A13;1;Documentação;1;"ART.16;DOCUMENTATION;size_P"
G03;407;|WAD| Correção da solução no wad;Sprint 05;fechado;G03-A16;1;"Código;Documentação";2;"ART.1;DOCUMENTATION;Fix;size_P"
G03;408;|CODE| Corrige branch de revisão geral para evitar retrabalh;Sprint 05;fechado;G03-A14;1;Código;1;"ART.14;CODE;size_M"
G03;409;|WAD| Correção da introdução do G01-A26;Sprint 05;fechado;G03-A16;1;"Código;Documentação";2;"ART.1;DOCUMENTATION;Fix;size_P"
G03;410;|WAD| Escrever a Análise dos Resultados de usabilidade;Sprint 05;fechado;G03-A15;1;Documentação;1;"ART.15;DOCUMENTATION;size_P"
G03;411;|WAD| Montar o registro dos testes de usabilidade (tabelas);Sprint 05;fechado;G03-A15;1;Documentação;1;"ART.15;DOCUMENTATION;size_P"
G03;412;|WAD| Mapear ocorrências às heurísticas de Nielsen;Sprint 05;fechado;G03-A15;1;Documentação;1;"ART.15;DOCUMENTATION;size_P"
G03;413;|CODE| Follow-ups da revisão do MR de organização das migrations;(sem sprint);fechado;G03-A12;1;Código;1;"ART.14;CODE;size_P"
G03;414;|CODE| Padronizar formulários de edição de Fornecedor, Fazenda e Parceiro;(sem sprint);fechado;G03-A12;1;Código;1;"ART.14;CODE;size_M"
G03;415;|WAD| Listar as melhorias priorizadas de interface;Sprint 05;fechado;G03-A15;1;Documentação;1;"ART.15;DOCUMENTATION;size_PP"
G03;416;|WAD| Escrever a Introdução do relatório de usabilidade;Sprint 05;fechado;G03-A15;1;Documentação;1;"ART.15;DOCUMENTATION;size_PP"
G03;417;|WAD| Anexar as fotos dos testes de usabilidade;Sprint 05;fechado;G03-A15;1;Documentação;1;"ART.15;DOCUMENTATION;size_P"
G03;418;|CODE| Alterar entidade Prioridade no banco de dados;Sprint 05;fechado;G03-A12;1;Código;1;"ART.11;CODE;size_M"
G03;419;|WAD| Correção da tabela de requisitos não funcionais;Sprint 05;fechado;G03-A16;1;"Código;Documentação";2;"ART.10;DOCUMENTATION;Fix;size_P"
G03;420;"Follow-up from ""Refactor/desacoplar arquivos""";Sprint 05;fechado;G03-A12;1;Código;1;"ART.14;CODE;size_P"
G03;421;|WAD| Corrigir apontamentos do merge request de atualização de modelagem;Sprint 05;fechado;G03-A18;1;Documentação;1;"ART.16;DOCUMENTATION;size_PP"
G03;422;|WAD|Atualizar diagrama de classes;Sprint 05;fechado;G03-A18;1;Documentação;1;"ART.16;DOCUMENTATION;size_P"
G03;423;|WAD|Atualizar modelo relacional;Sprint 05;fechado;G03-A18;1;Documentação;1;"ART.16;DOCUMENTATION;size_P"
G03;424;|WAD| Documentar a implementação do front-end com a porta MCP do Figma;Sprint 05;fechado;G03-A15;1;Documentação;1;"ART.15;DOCUMENTATION;size_P"
G03;425;"Follow-up from ""Style/alterar inputs fazenda""";Sprint 05;fechado;G03-A12;1;Código;1;"ART.14;CODE;size_P"
G03;426;"Follow-up from ""Style/alterar inputs fazenda""";Sprint 05;fechado;G03-A12;1;Código;1;"ART.14;CODE;size_P"
G03;427;|WAD| Corrige numeração da imagem de evidência dos testes;Sprint 05;fechado;G03-A15;1;Documentação;1;"ART.15;DOCUMENTATION;size_PP"
G03;428;|WAD| Definir o que foi implementado na versão final da aplicação web;Sprint 05;fechado;G03-A16;1;Documentação;1;"ART.16;DOCUMENTATION;size_P"
G03;429;|WAD| Definir pendências remanescentes  na versão final da aplicação web;Sprint 05;fechado;G03-A16;1;Documentação;1;"ART.16;DOCUMENTATION;size_P"
G03;430;|DOCS| Corrigir seção 4.2 da documentação;Sprint 05;fechado;G03-A12;1;Documentação;1;"ART.10;DOCUMENTATION;size_P"
G03;431;|WAD| Definir dificuldades técnicas enfrentadas na versão final da aplicação web;Sprint 05;fechado;G03-A16;1;Documentação;1;"ART.16;DOCUMENTATION;size_P"
G03;432;|WAD| Corrigir os apontamentos levantados no merge resquest !157;Sprint 05;fechado;G03-A15;1;Documentação;1;"DOCUMENTATION;size_PP"
G03;433;|WAD| Seção 3.8 sobre autenticação do G01-A26;Sprint 05;fechado;G03-A14;1;Documentação;1;"ART.16;DOCUMENTATION;size_M"
G03;434;|WAD| Corrigir e ajustar relatório de usabilidade;Sprint 05;fechado;G03-A15;1;Documentação;1;"ART.15;DOCUMENTATION;size_P"
G03;435;|WAD|  Atualizar conclusões e definir trabalhos futuros;Sprint 05;fechado;G03-A19;1;Documentação;1;"ART.16;DOCUMENTATION;size_P"
G03;436;|WAD| Atualizar os status das rfs;Sprint 05;fechado;G03-A16;1;Documentação;1;"ART.3;DOCUMENTATION;size_P"
G03;437;|FIX| Arruma funcionamento dos tokens de autenticação de usuários;Sprint 05;fechado;G03-A14;1;Código;1;"ART.14;CODE;Fix;size_P"
G03;438;|WAD|Corrigir user stories;Sprint 05;fechado;G03-A18;1;Documentação;1;"ART.16;DOCUMENTATION;size_M"
G03;439;|WAD| Completar a seção 7;Sprint 05;fechado;G03-A19;1;Documentação;1;"ART.16;DOCUMENTATION;size_P"
G03;440;|WEB| Integrar nome do usuário logado na mensagem de boas-vindas da Home;Sprint 05;fechado;G03-A15;1;Código;1;"ART.14;CODE;size_P"
G03;441;"Follow-up from ""Refactor/organiza migrations""";Sprint 05;fechado;G03-A12;1;Código;1;"ART.14;CODE;size_P"
G03;442;"Follow-up from ""Refactor/organiza migrations""";Sprint 05;fechado;G03-A12;1;Código;1;"ART.14;CODE;size_PP"
G03;443;|CODE| Implementar correções dos erros do teste de usabilidade;Sprint 05;fechado;G03-A12;1;Código;1;"ART.14;CODE;size_M"
G03;444;"Follow-up from ""docs(#430): corrige secao 4.2 e adiciona prints""";Sprint 05;fechado;G03-A12;1;Documentação;1;"DOCUMENTATION;size_PP"
G03;445;|WAD|Corrigir seção 7 de conclusão e melhorias futuras;Sprint 05;fechado;G03-A18;1;Documentação;1;"ART.16;DOCUMENTATION;size_M"
G03;446;|WAD| Revisão Artefato 12;Sprint 05;fechado;G03-A19;1;Documentação;1;"ART.12;ART.16;DOCUMENTATION;size_P"
G03;447;|WAD|Corrigir tabela de requisitos funcionais;Sprint 05;fechado;G03-A18;1;Documentação;1;"ART.16;DOCUMENTATION;size_M"
G03;448;|WAD| Atualizar seção 3.9;Sprint 05;fechado;G03-A14;1;Documentação;1;"DOCUMENTATION;size_M"
G03;449;|README| Atualizar e documentar seção de instalação e execução no README.md;Sprint 05;fechado;G03-A15;1;Documentação;1;"ART.16;DOCUMENTATION;size_PP"
G03;450;|WAD| Atualizar seção 3.9;Sprint 05;fechado;G03-A14;1;Documentação;1;"DOCUMENTATION;size_M"
G03;451;|WEB| Corrige apontamentos feitos na correção do merge request !164;Sprint 05;fechado;G03-A15;1;Código;1;"ART.14;Fix;size_PP"
G03;452;|WAD| Correção da seção 4.3;Sprint 05;fechado;G03-A16;1;"Código;Documentação";2;"ART.16;DOCUMENTATION;Fix;size_P"
G03;453;|WAD| Corrige seção 4.3 conforme os feedbakcs;Sprint 05;fechado;G03-A16;1;Documentação;1;"ART.16;DOCUMENTATION;size_P"
G03;454;|WAD| Revisar critérios de publicação;Sprint 05;fechado;G03-A15;1;Documentação;1;"ART.16;DOCUMENTATION;size_P"
G03;455;|CODE| Alinhar front-end, banco e documentação (4 divergências auditadas);Sprint 05;fechado;G03-A12;1;Código;1;"ART.14;CODE;size_G"
